"tipo_elem";distrito;id;"cod_cent";"nombre";utm_x;utm_y;longitud;latitud
"URB";9;10011;"29017";"ANTONIO NOVAIS O-E(FRENTE FACULTAD CIENCIAS GEOLOGICAS)";438497.626203272;4477793.706127383;-3.72527283031062;40.44852607764307
"URB";3;5072;"02048";"Dr. Esquerdo N-S - Valderribas-Av. Ciudad Barcelona";442793.787301181;4472603.684226615;-3.67414641532937;40.40207844353337
"URB";4;3950;"06002";"Francisco Silvela, 76 S-N - Mejico-Coslada";442664.398454221;4476394.767462928;-3.67601285954129;40.43622159452753
"other";2;1025;"14RA15PM01";"14RA15PM01";440395.63535026;4471840.528393594;-3.70233400962372;40.39503533749025
"M30";14;6747;"PM20852";"PM20852";443873.001104391;4473759.650476478;-3.66153118766699;40.41256548765716
"M30";9;7125;"PM12122";"PM12122";437470.65163745;4476625.116788907;-3.73726755789605;40.43792238675437
"M30";15;6788;"PM33202";"PM33202";444063.281071223;4481562.045191556;-3.65997582793682;40.48286621242596
"other";9;1009;"03FT52PM01";"03FT52PM01";438499.044503615;4474208.996137036;-3.72490924272642;40.41623366384101
"URB";4;10103;"09038";"Principe Vergara N-S(Giro a Jorge Juan) - Goya -Jorge Juan";442290.51233198;4475013.427777709;-3.68029544696768;40.423751942449
"URB";5;3910;"04002";"Ramon y Cajal, 7 E-O - Principe Vergara-Marcenado";442703.668178519;4478108.850613507;-3.67570449112669;40.45166558813806
"M30";9;6693;"PM12241";"PM12241";437094.875758847;4477998.26621385;-3.74183386574573;40.45026386147978
"other";2;6874;"12XC63PM01";"12XC63PM01";441363.021013704;4471185.341219981;-3.69087551722588;40.38920173165484
"URB";4;7026;"01301";"(MICRO) Pº Recoletos  N-S - Pl. Colon-Bárbara Braganza";441404.68126178;4475071.23352072;-3.69074248190305;40.42421077105902
"URB";5;5555;"61043";"Comandante Franco O-E - Pº de la Habana-Av.Pio";442645.977343905;4479651.92054196;-3.67652422939616;40.46556228931951
"URB";4;4045;"09031";"Principe de Vergara N-S - Jorge Juan-Alcala";442287.02382531;4474988.362552361;-3.68033429271479;40.4235259002686
"other";14;6906;"05TL00PM03";"05TL00PM03";444968.883213191;4472388.489877325;-3.64849698962594;40.40028644097485
"M30";15;7131;"PM40752";"PM40752";444420.888266569;4474349.261240081;-3.65512552689707;40.41791379933738
"URB";2;4151;"12045";"RAMIREZ PRADO O-E(Po DELICIAS-JUAN DE MARIANA)";441278.988775358;4472405.885644544;-3.69197808900927;40.40019112140995
"URB";10;4767;"24037";"CEBREROS Ø130 GIRO E-N (CEBREROS-CARLINA)";436361.827325916;4472885.504364938;-3.74996615515763;40.4041504552016
"other";2;1028;"14RC10PM01";"14RC10PM01";440135.217185677;4472007.541633438;-3.70541806756188;40.39652119858305
"URB";20;11260;"66049";"Suecia, 42 - Bucarest-Budapest";448735.587714078;4475242.541775955;-3.60434184416951;40.42623802527595
"URB";3;3894;"02047";"Av. Ciudad Barcelona E-O - Juan Urbieta-Comercio";442295.403815277;4472816.998967303;-3.68003856144582;40.4039657074876
"URB";4;4052;"10004";"O´Donnell, 45 E-O - Fernan Gonzalez-Narvaez";442776.094171763;4474759.559660786;-3.67454880608323;40.4214985058757
"URB";5;10042;"34038";"CLARA DEL REY N-S (SANTA HORTENSIA -CANILLAS)";443281.408244794;4477198.134110065;-3.66881022348911;40.44350103270811
"URB";;5462;"60015";"(AFOROS)PºCastellana S-N - Pedro Teixeira-San Germán";441462.335835557;4478450.137882532;-3.69037418287382;40.45465355983038
"URB";6;5508;"60066";"Lateral PºCastellana N-S - Sor Angela de la Cruz -Juán Gris";441453.597691835;4478863.239875824;-3.69051532898473;40.4583743465486
"other";10;1002;"05FT37PM01";"05FT37PM01";436892.118105918;4473311.646309534;-3.74375951653097;40.40802967894535
"URB";3;7054;"10035";"IBIZA 43 E-O (MAIQUEZ - ANTONIO ARIAS)";442954.178075451;4474387.151875495;-3.67241630724101;40.41815588892089
"URB";3;3898;"02054";"Comercio S-N - Av. Ciudad Barcelona-Tellez";442186.704876734;4472778.562303036;-3.68131598239669;40.40361190880635
"URB";19;11408;"67011";"Av. Blas de Lezo - M-45 - Cañada de Vicalvaro a San Fernando";453086.469585632;4473353.008609766;-3.5529135146122;40.40947245886748
"URB";13;10891;"68012";"Av. Entrevias - Timoteo Perez Rubio - Renfe";442970.995418085;4471148.27062854;-3.67192789516558;40.38897941241481
"URB";4;4053;"10005";"O´Donnell, 21 E-O - Lope de Rueda-Antonio Acuña";442505.933663119;4474778.10965675;-3.67773489329374;40.4216469904522
"URB";17;4809;"26002";"AV. ANDALUCIA Ø28 N-S(TERTULIA-BOHEMIOS)";441131.453895976;4467701.597961822;-3.69328199418675;40.35780189425929
"M30";2;6820;"PM11074";"PM11074";442723.874023862;4471676.827108681;-3.67488687420627;40.39372399371857
"URB";13;10904;"68022";"Av. Entrevías - Paso Peatones-Calero Pita";443153.392187373;4470528.662283607;-3.66972370761511;40.3834100859508
"URB";3;10093;"10011";"Narvaez 68 N-S - Ibiza-Alde.Sainz Baranda";442624.061052578;4474352.60669164;-3.67630412357045;40.41782199295721
"M30";14;6791;"PM40901";"PM40901";443647.791467041;4473068.39709306;-3.66412419617254;40.40632307517372
"URB";1;3854;"01020";"Fernado VI E-O - Campoamor-Hortaleza";440920.452508756;4475212.936634887;-3.69646351117965;40.42545305616413
"URB";3;3891;"02044";"Av. Ciudad Barcelona E-O - Gutenberg-Julian Gayarre";442135.879561218;4472901.499803658;-3.68192608293403;40.40471586458193
"URB";8;5443;"43032";"(TACTICO) Pº Vaguada O-E - Centro Cívico-Ginzo de Limia";440178.546652222;4481433.55131791;-3.70579499728432;40.48143789169187
"URB";8;10028;"76015";"MONASTERIO HUELGAS N-S(MONASTERIO EL PAULAR-COSTA BRAVA)";439951.180184594;4483399.57249956;-3.70866363849248;40.4991320806893
"URB";1;4217;"14021";"MIGUEL SERVET N-S(MESON PAREDES-RONDA TOLEDO)";440446.937124544;4473057.632393906;-3.70184340781274;40.40600328915307
"URB";20;3679;"71006";"Alcalá - San Mariano-Gutiérrez Canales";447985.884314424;4477428.7707319;-3.61335835799492;40.44588636341374
"URB";3;3899;"02055";"Av.  Mediterraneo E-O - Abtao-Pl. Mariano Cavia";442657.713851506;4473183.203524721;-3.6758020780859;40.40728970823224
"URB";3;4060;"10012";"Menendez Pelayo N-S - Sainz de Baranda-Puerta Granada";442553.90072294;4473870.651038449;-3.67708754177843;40.41347544392896
"URB";11;5255;"50001";"OPORTO O-E(LUIS GOMEZ-CNO VIEJO LEGANES)";438121.8850611;4470949.156930711;-3.72903759281008;40.38683962543044
"URB";17;5343;"87008";"CIRCULO O-E (SALIDA CARREFOUR-AV. OROVILLA)";441362.761276296;4468182.442697736;-3.69060232611203;40.36214992095581
"URB";5;5476;"60030";"Alberto Alcocer O-E - Juán Ramón Jiménez-Padre Damián";441804.207693166;4478906.723423891;-3.68638438956601;40.45879069280308
"URB";1;10036;"01017";"Barbara Braganza O-E  - Conde Xiquena-Tamayo y Baus";441134.629601492;4475019.126821022;-3.69392090223793;40.42372230629486
"URB";15;6355;"59001";"Av. Donostiarra - Av. Donostiarra-Virgen de la Roca";444090.945690176;4476246.248969821;-3.65918122080367;40.43498078740114
"other";10;1003;"05FT66PM01";"05FT66PM01";436630.102140068;4473180.049847822;-3.74683415991325;40.40682430154291
"URB";19;11435;"67025";"Cerro del Campo 22 - Erial de la Abuela-Blas de Lezo";453192.369762832;4472910.403699843;-3.55163289604595;40.40549110420093
"M30";9;6694;"PM12331";"PM12331";436917.366329491;4478681.450693977;-3.74399492704564;40.45640476332714
"other";3;6897;"08RL21PM01";"08RL21PM01";443433.209866623;4472849.508292764;-3.66663347487215;40.40433665020633
"URB";3;3897;"02053";"(TACTICO) Comercio N-S - Av Ciudad Barcelona -Tellez( Giro Izqd.)";442172.151510438;4472758.241333539;-3.68148563267219;40.40342783599366
"URB";3;10083;"10041";"Narvaez S-N - Doce de Octubre-Alde Sainz Baranda";442615.949123655;4474169.264373077;-3.67638319422634;40.41616979019528
"URB";16;11020;"56058";"Arequipa - Minaya-Aconcagua";446153.518183841;4479976.646365403;-3.63518078420559;40.4687223281973
"M30";16;6933;"PM43221";"PM43221";443003.125903452;4481709.059426617;-3.67249659818133;40.48411847984113
"URB";1;4297;"16019";"GRAN VIA, 60 S-N(SAN BERNARDO-GARCIA MOLINAS)";439912.851130981;4474816.409700461;-3.70830336877634;40.42180880088769
"URB";11;10586;"84042";"(CARRIL BUS) AV. PESETA O-E(MORALES-AV. CARABANCHEL ALTO)";435867.519254918;4468227.183486033;-3.75532214639233;40.36214841707435
"URB";4;4002;"08001";"Goya, 54 O-E - General Pardiñas-General Diaz Porlier";442463.544053523;4475137.413335729;-3.67826705603239;40.42488085096679
"URB";1;10386;"16020";"GRAN VIA,43 N-S(SILVA-JACOMETREZO)";440038.805203159;4474699.245316614;-3.70680769061748;40.42076241650309
"URB";11;4948;"38030";"(AFOROS)EUGENIA MONTIJO S-N(AV. POBLADOS-NTRA. SRA. FATIMA)FRENTE";436394.66089216;4469881.021070218;-3.74927920994473;40.37708731460702
"URB";1;4298;"16021";"SILVA O-E(PL. SANTO DOMINGO-GRAN VIA)";439942.716901926;4474685.251172597;-3.7079389521973;40.42062942123413
"URB";9;4884;"36031";"ARROYO POZUELO Ø76 O-E (GTA. RIO ZANCARA-COVATILLAS)";434148.615309268;4478265.423783026;-3.77660356691295;40.45244230855027
"other";14;6905;"05TL00PM02";"05TL00PM02";444971.723405319;4472392.750134353;-3.64846389055776;40.40032500762123
"URB";12;5346;"87011";"OROVILLA S-N (SILVINA-AV.ROSALES)";441199.092649544;4468702.458932756;-3.69257775180493;40.36682300004434
"URB";2;4213;"14017";"EMBAJADORES S-N(SEBASTIAN ELCANO-GTA. EMBAJADORES)";440456.361543338;4472843.126377572;-3.70171227930504;40.40407158721776
"other";13;6898;"09XC09PM01";"09XC09PM01";443528.547829063;4472982.741014388;-3.66552182063701;40.40554335731171
"other";2;6871;"13NC95PM01";"13NC95PM01";440431.064008085;4471780.59565238;-3.70191096761754;40.39449796758286
"M30";5;11375;"PM13164";"PM13164";442314.840072581;4481607.887766729;-3.68060782131766;40.48315954799217
"M30";5;11374;"PM13163";"PM13163";442319.968724618;4481617.695761475;-3.68054820647889;40.48324825874934
"URB";3;3902;"02059";"Av. Mediterraneo E-O - Abtao-Juan Urbieta";442769.750689369;4473167.03453116;-3.67448031132622;40.40715175871851
"M30";9;6813;"PM12342";"PM12342";436868.652368812;4478842.878851686;-3.74458546626426;40.45785526182863
"URB";12;3802;"26021";"AV.ANDALUCIA Ø114 N-S(AV. POBLADOS-AV. ROSALES)";441040.311980906;4469034.768552842;-3.6944785238246;40.36980541861688
"M30";11;6778;"PM31451";"PM31451";439729.337595002;4471371.563997682;-3.71014022154708;40.39076272284564
"M30";16;7129;"PM43222";"PM43222";443002.925186071;4481716.036683914;-3.67249959357655;40.48418132016057
"URB";15;6042;"46036";"José Silva  - Agastia-Torrelaguna";444106.480195963;4478409.941759328;-3.65918846960081;40.45447348211314
"URB";8;5438;"43027";"(TACTICO) Salida Centro Cívico S-N - (TACTICO) Salida Centro Cívico S-N";439916.443048063;4481326.715290753;-3.70887704157647;40.48045654959982
"URB";13;10893;"68013";"Av. Entrevías - Timoteo Pérez Rubio - Concejo de Trevenga";442992.606580913;4471008.676749187;-3.6716607915069;40.38772334951933
"M30";10;6938;"PM31851";;435084.321501257;4472331.078989286;-3.76496356799512;40.39905736148692
"other";9;3545;"04FL92PM01";"04FL92PM01";437119.831970443;4473495.126885497;-3.74109413305059;40.40969977823519
"URB";7;5457;"60010";"PºCastellana N-S - Raimundo Fernández Villaverde-Nuevos Ministerios";441366.189988184;4477464.440308906;-3.69141700442309;40.44576718260375
"URB";8;11361;"76076";"MONASTERIO DE POYO ENTRE MONASTERIO DEL ESCORIAL Y MONASTERIO DE SILOS";441223.853688212;4484395.43904396;-3.69373771421627;40.50819431927354
"other";13;1050;"08RR02PM01";"08RR02PM01";443507.428415124;4472780.256385486;-3.66575272683063;40.40371782925862
"other";2;6879;"11XC46PM01";"11XC46PM01";442451.456014073;4471422.625463945;-3.67807360332856;40.39141522546598
"URB";2;4177;"13034";"MARQUES VALDAVIA, 9 O-E(STA MARIA CABEZA-RONDA ATOCHA)";440978.931213366;4472999.644530629;-3.69556882561478;40.40551878991473
"URB";4;3852;"01030";"Pº Castellana S-N - Pl. Colon-Ayala";441454.558170417;4475270.02564628;-3.69017286011812;40.42600509794079
"M30";8;6706;"PM13041";"PM13041";441108.952585793;4481862.247114189;-3.69485832895165;40.48536625798199
"URB";1;7030;"01303";"(MICRO) Pl. Colón  (Delante G. 7) - (MICRO) Pl. Colón  (Delante G. 7)";441411.753621468;4475130.010199051;-3.69066453201281;40.42474075788912
"URB";3;10810;"02070";"Solo Seleccion -Dr. Esquerdo N-S - (Valderribas-Av. Ciudad Barcelona)";442789.648975358;4472606.796374046;-3.67419545991923;40.4021061951405
"URB";9;4339;"17003";"PRINCESA N-S(GIRO IZQDA. FERNANDO EL CATOLICO)";439036.097190302;4476184.375967531;-3.71876890300568;40.43406824634566
"URB";11;5296;"85022";"MARQUES JURA REAL N-S (ANTONIO LÓPEZ-PEDRO YAGUE)";439895.862645964;4471684.606330123;-3.70820782236585;40.39359479728917
"URB";17;5349;"87014";"AV. ROSALES N-S (ORO-ZAFIRO)";442569.521890506;4466794.510889301;-3.67626567355543;40.34973056390567
"URB";2;4215;"14019";"Po ACACIAS O-E(PENUELAS-GTA. EMBAJADORES)";440203.797863897;4472882.248747913;-3.70469216439137;40.40440592005773
"URB";15;5977;"45032";"Hermanos García Noblejas - Castillo de Arévalo-Castillo de Uclés";446512.870173431;4475393.583110263;-3.63055607410675;40.42745876128852
"URB";11;4932;"38011";"(CARRIL BUS) VIA LUSITANA S-N(HALCONERO REY-AV. POBLADOS)";437863.918117027;4469474.102523346;-3.73193285515217;40.37353243801715
"URB";8;10230;"73015";"AV. CARDENAL HERRERA ORIA E-O (ISLAS CABO VERDE - GAVILANES)";437446.690010317;4480987.379177717;-3.7379799264893;40.47721732714927
"M30";9;6696;"PM12471";"PM12471";436444.350181732;4479985.546292907;-3.74970381337808;40.46811641945693
"URB";9;4345;"17012";"MARQUES DE URQUIJO O-E(MARTIN DE LOS HEROS-TUTOR)";439166.450267956;4475763.021631585;-3.71719181674586;40.4302820537123
"other";13;6896;"08RR18PM01";"08RR18PM01";443601.15453075;4472877.17680582;-3.66465684345862;40.40459729721153
"URB";11;10837;"38057";"AV. EURO N-S (ENRIQUE ORO - PEPIÓN)";437306.284868828;4469310.903949064;-3.73848493933766;40.37202051072815
"URB";9;4517;"31032";"NUMANCIA N-S(PABLO IGLESIAS-DR.FEDERICO RUBIO Y GALI)";439549.170582691;4478346.633866736;-3.71292594588532;40.45358420389983
"URB";8;10229;"73016";"AV. CARDENAL HERRERA ORIA O-E (CHAPINERIA - GASCONES)";437319.165317051;4480952.704367978;-3.73948086780648;40.47689535043584
"other";2;6875;"12NC63PM01";"12NC63PM01";441405.442988069;4471218.632482156;-3.69037878784499;40.38950462231816
"URB";3;3892;"02045";"Av. Ciudad Barcelona O-E - Antonio Nebrija-Comercio";442131.528085776;4472893.185414824;-3.68197660548277;40.40464066170781
"M30";13;6762;"PM41196";"PM41196";442058.656721006;4470565.231111636;-3.68262351825779;40.38366410883112
"URB";10;5009;"95028";"Pº EXTREMADURA O-E(NAVAS DEL REY-LA MILAGROSA)";437228.050643485;4473463.485203752;-3.73981566711801;40.40942290454653
"URB";17;4833;"26026";"DIAMANTE Ø5 S-N(SELMA LAGERLOFF-CTRA. VILLAVERDE)";441535.014521602;4467254.817643779;-3.68848873529322;40.35380542086696
"URB";5;5459;"60012";"PºCastellana S-N - Joaquín Costa -Pº de la Habana";441396.505631687;4477631.323479949;-3.69107494146735;40.44727267863037
"M30";4;3817;"PM10486";"PM10486";443918.615017242;4477178.202689513;-3.66129517221836;40.44336470475632
"other";12;1019;"13XL49PM01";"13XL49PM01";440866.291143702;4470983.138766698;-3.69670893307271;40.38734507198436
"URB";11;10508;"58020";"VIA LUSITANA E-O Ø65 GIRO IZDA.(CARRERO JUAN RAMON-FARO)";438395.131624192;4470230.56053505;-3.72574901268621;40.38038641490971
"URB";6;4521;"31036";"PABLO IGLESIAS S-N(ALMANSA-DR. FEDERICO RUBIO Y GALI)";439697.24909977;4478108.19511053;-3.71115706676771;40.451447008834
"URB";19;10943;"54028";"Calahorra - Av. Daroca-Camino Viejo de Vicálvaro";447823.094400827;4472955.412165949;-3.61491078874492;40.4055773844095
"URB";12;4795;"85038";"DR. TOLOSA LATOUR O-E(AV.CORDOBA-ANTONIO LOPEZ)";440903.679469702;4470166.280299658;-3.6961926920625;40.37998902503378
"M30";10;6941;"PM31882";"PM31882";433533.127314244;4470807.602087088;-3.78308217778181;40.38521098646062
"URB";2;4222;"14026";"Po ACACIAS O-E(Po ESPERANZA-GASOMETRO)";439951.140781841;4472793.743117141;-3.70766113761679;40.40359043438384
"M30";14;10202;"PM40956";"PM40956";444951.20422545;4472422.290726922;-3.64870823231348;40.40058977072852
"URB";3;3895;"02051";"(AFOROS) Av. Ciudad Barcelona E-O - El Cafeto-Seco";442943.844978377;4472358.979941592;-3.67235624440697;40.399884307485
"URB";5;5460;"60013";"PºCastellana S-N - Hermanos Pinzón-Pl.de Lima";441421.134147078;4477946.00350811;-3.69081355869008;40.45010919248197
"URB";19;6219;"54401";"Casalarreina - Camino Viejo de Vicálvaro-Cordovín";448127.764140873;4473381.530472185;-3.61135514910791;40.4094351746632
"URB";12;4783;"85043";"ANTONIO LOPEZ FRENTE Nº 268  S-N";440973.093152944;4470051.274479615;-3.69536435904965;40.37895790969549
"other";3;1052;"09NC51PM01";"09NC51PM01";443436.441883992;4472775.947075577;-3.66658885112785;40.40367418906725
"other";11;6853;"15XC54PM01";"15XC54PM01";439370.05287182;4472308.702633167;-3.71446241725042;40.39917884807349
"URB";9;4875;"36029";"ARROYO POZUELO Ø98 O-E (HUMERA-GTA. RIO ZANCARA)";433798.039226921;4478268.102416763;-3.78073792352793;40.45243858978147
"URB";12;4969;"39405";"(TACTICO) ORCASUR (1) S-N (CAMPOTEJAR - AV. POBLADOS)";440515.324320779;4469144.029699539;-3.70067204304862;40.37075240580194
"URB";2;4226;"14027";"Po ACACIAS O-E(Po DE LOS OLMOS-GASOMETRO)";439838.02456918;4472752.720317814;-3.7089902104708;40.40321271546181
"URB";8;10799;"76066";"MONASTERIO SILOS O-E (MONASTERIO DE CAAVEIRO - MONASTERIO SAMOS)";441042.685932118;4484052.434095561;-3.69584396072272;40.50509155607844
"other";9;1013;"18XC46PM01";"18XC46PM01";438704.11089943;4474622.138112518;-3.72253213071733;40.41997055409207
"URB";6;3638;"31039";"NUMANCIA S-N(DR.FEDERICO RUBIO Y GALI-PABLO IGLESIAS)";439535.735395467;4478311.755415254;-3.71308106040024;40.45326902773622
"M30";15;6715;"PM20151";"PM20151";443068.9564636;4480250.053129518;-3.67158894238203;40.47097963043842
"URB";8;3485;"43009";"(AFOROS) AV.MONFORTE DE LEMOS E-O(COLEG.PRINCIPE-FINISTERRE)";440525.127513662;4481264.592207658;-3.70169035510957;40.479940741735
"URB";7;4404;"19002";"Bravo Murillo, 11 N-S(Fernández de los Rios-Gta.Quevedo)";440261.471103453;4476256.117901755;-3.70432944410874;40.43480344531412
"URB";20;11289;"66057";"Niza, 67 - Plz Grecia-Mª Sevilla Diago";448429.884114139;4476129.866190176;-3.60801749468091;40.43421270257081
"URB";20;11285;"66065";"CARRIL BUS_Av Niza, 43 - Mª Sevilla Diago-Julia Garcia Boutan";448490.621001387;4475742.879075819;-3.60727007554497;40.43073024629829
"URB";10;4751;"24014";"(AFOROS) V.CARPETANA Ø138 E-O (ATECA-N.S.VALVANERA)";437207.877265405;4471728.312274923;-3.73988224787372;40.39379021150036
"M30";15;6728;"PM20442";"PM20442";443972.810881435;4477444.530601039;-3.6606796420968;40.4457675757983
"URB";9;4526;"31042";"MORERAS S-N(JUAN XXIII-DR.FEDERICO RUBIO Y GALI)";439419.497259827;4478263.699938875;-3.714447220573;40.45282766097929
"URB";5;5469;"60022";"Alberto Alcocer E-O - Doctor Fleming-Pl.Cuzco";441637.951136398;4478930.815184352;-3.68834736676487;40.45899606202649
"URB";19;11433;"67023";"Cerro del Monte 9 - Erial de la Abuela-Blas de Lezo";453194.517744769;4473117.683956767;-3.55162282763333;40.40735856096765
"M30";13;10268;"PM41192";"PM41192";442052.136993616;4470570.001965706;-3.68270075776819;40.38370663395268
"URB";11;5280;"85006";"GRAL RICARDOS S-N (MANUEL CARMONA - PSO. QUINCE DE MAYO)";439080.82833319;4472028.107669445;-3.71784353431492;40.39663000783965
"URB";12;10272;"85048";"ANTONIO LOPEZ N-S GIRO IZDA.(SEBASTIAN GOMEZ-VADO)";440877.366597112;4470802.731359544;-3.69656170902143;40.3857206521274
"URB";3;11114;"02073";"Dr. Esquerdo N-S - Cavanilles-Valderribas";442940.321376144;4472816.88775621;-3.67243881010396;40.40400915313637
"other";1;6836;"03FL20PM01";"03FL20PM01";438803.701211802;4474409.728057662;-3.72133784940702;40.41806440232149
"other";12;1021;"14XL36PM01";"14XL36PM01";440360.918337859;4471668.579489179;-3.70272695656162;40.39348384907928
"other";13;6888;"90ET09PM01";"90ET09PM01";441805.278817535;4470114.698370537;-3.68556728739347;40.37958779843087
"URB";5;5474;"60028";"Alberto Alcocer E-O - PºCastellana-Doctor Fleming";441574.875082085;4478925.742262826;-3.68909079519425;40.45894593059457
"M30";15;6717;"PM20231";"PM20231";443348.737243997;4479752.992966815;-3.66824432784873;40.46652101420724
"URB";2;4233;"14033";"LABRADOR O-E(MARTIN VARGAS-EMBAJADORES)";440496.420595345;4472635.787298633;-3.70122084073661;40.40220663757759
"URB";9;4524;"31040";"DR.FEDERICO RUBIO Y GALI E-O(MORERAS-FCO. DE DIEGO)";439439.041229521;4478404.312851627;-3.71423016083504;40.45409578165611
"URB";11;3566;"24015";"(AFOROS) V.CARPETANA Ø138 O-E (N.S.VALVANERA-ALBENTOSA)";437217.295405096;4471732.155164181;-3.7397716611665;40.39382553990064
"URB";8;5439;"43028";"(TACTICO) Santiago de Compostela  E-O - Fco. Llorens-Av.Betanzos";439614.054669616;4481364.341669871;-3.71244799854109;40.4807735660538
"URB";8;11098;"42042";"VALLE DE PINARES LLANOS E-O ( PICO BALAITUS -RISCOS DE POLANCO)";438825.640019518;4481903.667155462;-3.72180125072495;40.4855742789468
"URB";9;11351;"23401";"(TACTICO) Salida Rectorado G.2";439049.611117337;4477836.037268479;-3.71876804443975;40.44894806780399
"URB";10;10794;"86014";"SINFONIA E-O (FLAUTAS-DANZA)";434405.737572446;4469462.413911459;-3.77266392045273;40.37316216503852
"URB";10;5332;"86031";"BLAS CABRERA O-E(JOSE CADALSO-GRAL. MILLAN ASTRAY)";434831.350753433;4469950.237200572;-3.7677007368044;40.37759006135077
"URB";9;5405;"29002";"(TACTICO) SINESIO DELGADO N-S(GIRO A AV. COMPLUTENSE)";438076.245001152;4478700.968911963;-3.73033010971684;40.45666774787214
"M30";9;10660;"PM12067";"PM12067";437411.278642952;4476192.21012621;-3.73792491725423;40.4340181354893
"URB";3;7036;"02500";"Dr. Esquerdo S-N - Vaderribas-Garibay(Giro a Cavanilles)";442914.331573439;4472758.860596002;-3.67273987131569;40.40348463100148
"other";2;6876;"12XC06PM01";"12XC06PM01";441861.911399188;4471142.499863184;-3.68499395595712;40.38885076074695
"URB";3;11089;"02074";"Dr.Esquerdo N-S - Valderribas -Granada";442863.531073355;4472706.281876383;-3.67333378322248;40.40300748843063
"URB";5;5479;"60033";"Alberto Alcocer E-O - Juán Ramón Jiménez-Dr.Flemin";441750.819711708;4478924.450066877;-3.68701565251828;40.4589466415988
"M30";9;6695;"PM12391";"PM12391";436719.623936136;4479251.242913098;-3.74638371309829;40.46152260083849
"URB";3;11115;"02075";"Dr. Esquerdo S-N - Andalucia-Valderribas";442833.030586065;4472644.430678288;-3.67368764264869;40.40244820524813
"URB";12;10991;"39007";"AV.POBLADOS O-E(CTRA.TOLEDO-GUETARIA)";439090.453296975;4469493.916615969;-3.71748784451931;40.37380146857713
"URB";1;3669;"14039";"RIBERA DE CURTIDORES N-S(MIRA EL SOL- RONDA TOLEDO)";439987.763655459;4473160.99821077;-3.7072642062201;40.406901485901
"M30";15;6789;"PM40461";"PM40461";444303.072346746;4477468.431158069;-3.65678749678582;40.44600507541541
"URB";11;5060;"49031";"PL. TOROS N-S";437392.797383247;4470822.714324352;-3.73761448472592;40.38564610170493
"URB";8;3530;"77002";"VALCARLOS N-S (VILORIA DE LA RIOJA - SAN JUAN DE ORTEGA)";443317.26230468;4483620.248283022;-3.6689613549975;40.50135677430205
"URB";15;10832;"46078";"Ramirez de Arellano - Agastia - Torrelaguna";444382.887975976;4477762.861897474;-3.65587213957613;40.44866280190794
"URB";19;6990;"54604";"Bulevar Indalecio Prieto - Poetas-Bulevar José Prat";447150.865707357;4471955.459529468;-3.6227496237077;40.39652676664876
"URB";10;3568;"24017";"V.CARPETANA, 143 O-E (LAGUNA-N.S.VALVANERA)";437070.490858331;4471587.822912837;-3.74148706689909;40.39251425360218
"URB";16;11250;"72033";"Manuel Gutiérrez Mellado - Av. Juan Antonio Samaranch-Av. Secundini Zuazo";447468.321866442;4482881.050567886;-3.61991269185883;40.49497090372206
"M30";10;6951;"PM41892";"PM41892";432755.910394159;4470019.773666186;-3.7921550273949;40.37805158997134
"URB";8;3824;"32024";"MELCHOR FERNANDEZ ALMAGRO E-O(FINISTERRE-GINZO DE LIMIA)";440488.444680151;4480964.986582149;-3.70209499418796;40.47723915293386
"URB";5;5500;"60057";"Pºde la Habana S-N - Pl.Quito-Segre";441737.008811643;4478000.524774683;-3.68709374372124;40.45062254461027
"URB";10;5011;"95001";"AV SAAVEDRA FAJARDO N-S(AV PORTUGAL-Pº EXTREMADURA)";438496.733396952;4474041.449348583;-3.72492028254687;40.4147241592782
"other";2;6873;"13XC26PM01";"13XC26PM01";440943.733735965;4471422.709225102;-3.69583732911426;40.39131044874531
"URB";9;9907;"29011";"DEHESA DE LA VILLA S-N(M-30 -AV.COMPLUTENSE)";438003.190656938;4478598.257632595;-3.73118161707315;40.45573704154388
"URB";8;4573;"32041";"(TACTICO) SALIDA APARCAMIENTO GENERAL HOSPITAL CARLOS III";440876.639498738;4480679.895841761;-3.69748896302449;40.4746986719855
"URB";6;3639;"31048";"OFELIA NIETO S-N(FRANCOS RODRIGUEZ-VILLAAMIL)";439865.11440995;4479133.618101208;-3.70927468989106;40.46069658969469
"URB";9;5409;"29006";"(TACTICO) BOTANICO E-O(ENTRADA AV. COMPLUTENSE)";438319.712332995;4477504.714570623;-3.72734267130311;40.44590955096626
"M30";8;6705;"PM13014";"PM13014";440846.783919142;4481751.687964343;-3.69794113576822;40.48435166146356
"URB";9;10522;"28002";"CARRETERA HUMERA N-S (AGUSTÍN LARA - RIAZA)";433877.542143932;4478769.074111074;-3.77985258193231;40.4569577997777
"M30";9;3559;"PM22392";"PM22392";436693.686456049;4479233.133106831;-3.74668781121298;40.46135748625834
"URB";9;9843;"03002";"Dr.Ramon Castroviejo O-E - Av.Miraflores-San Martin de Porres";438098.880458143;4480455.137384937;-3.73023428407734;40.47247158783379
"URB";8;11396;"03004";"Dr. Ramon Castroviejo E-O - Islas Bikini-Gta Isaac Rabin";438345.801923105;4480548.979114078;-3.72733074892008;40.4733353111184
"URB";8;9861;"76009";"AV. MONTECARMELO S-N (MONASTERIO SUSO Y YUSO - MONASTERIO SILOS)";440883.419627816;4483836.861653781;-3.69770344708045;40.50313827161003
"URB";19;6989;"54605";"Bulevar Indalecio Prieto - Pinillas-Bulevar José Prat";447190.680423316;4472189.409143932;-3.62229989632476;40.39863686241087
"URB";8;4554;"32012";"RIBADAVIA E-O(CHANTADA-AV. BETANZOS)";439726.436369709;4480415.978446766;-3.71103205578227;40.47223853056139
"URB";19;11434;"67024";"Ilusión 59 - Aloe Vera-Blas de Lezo";452998.818690802;4472908.711778237;-3.55391369017362;40.40546495769131
"URB";2;7100;"97407";"(TACTICA) Méndez Álvaro E-O(Giro a Sabal - Oriana-Sabal";442149.20208147;4472032.672624477;-3.68169013315208;40.39688992769879
"URB";6;7024;"32054";"(TACTICO) SINESIO DELGADO O-E (GIRO A HOSPITAL CARLOSIII)";440861.337876176;4480661.249602376;-3.6976677277069;40.4745296099195
"URB";8;11470;"76007";"AV. MONTECARMELO S-N(TRES OLIVOS-MONASTERIO SUSO Y YUSO)";440923.527330715;4483742.612974896;-3.69722133164161;40.50229210330635
"URB";10;5023;"95020";"Pº EXTREMADURA O-E(REPULLES VARGAS-SISEBUTO)";437661.485701176;4473669.624584589;-3.73472789730461;40.41131246593383
"M30";4;10173;"PM10593";"PM10593";443973.590506334;4476061.25437202;-3.66054847102159;40.43330636161833
"other";2;6870;"13XC97PM01";"13XC97PM01";440425.967306403;4471751.022481771;-3.70196825202256;40.3942311928492
"URB";16;6239;"55022";"Emigrantes - Mota del Cuervo-Tribaldos";446041.93065912;4479718.897419528;-3.63647508937349;40.46639315211011
"URB";13;10903;"68020";"Av. Entrevías - Vizconde de Arlessón-Imagen";443227.295839149;4470358.95192173;-3.6688379656603;40.38188627378242
"URB";9;10520;"28003";"CALLE PINILLA E-O (BOLA DEL MUNDO-CARRETERA HUMERA)";433875.334981336;4478697.627379841;-3.77987116898586;40.45631401389644
"URB";11;6828;"38403";"(TACTICO) ANTONIA RODRIGUEZ SACRISTAN O-E(GUAYABA-SECOYA)";436967.332752253;4469419.381811014;-3.74248794981444;40.3729721666207
"URB";5;3909;"04001";"Concha Espina, 57 O-E - Serrano-Rodriguez Marin";442328.472341156;4478106.534581111;-3.68012872841603;40.45161877660541
"M30";15;3823;"PM20041";"PM20041";442856.829316589;4480774.639664975;-3.67413840361962;40.47569077011911
"M30";15;6787;"PM33201";"PM33201";444065.37264996;4481571.239252082;-3.6599519629294;40.48294917756662
"URB";5;10049;"05026";"Serrano 206 S-N - Cinca - Turia";442176.90795197;4478016.481243197;-3.68190782898808;40.4507970049718
"URB";8;6546;"73406";"TÁCTICO - CANTALEJO, 1 E-O (CANTALEJO - ARROYOFRESNO)";437117.158947485;4480791.097931315;-3.74184783684798;40.4754242794902
"URB";9;4525;"31041";"DR.FEDERICO RUBIO Y GALI O-E(FCO. DE DIEGO-MORERAS)";439439.385465604;4478394.773419987;-3.71422519143173;40.45400987179525
"URB";6;11085;"60075";"Gral Perón O-E - Aviador Zorita-Presidente Carmona";440819.446642643;4478216.335344824;-3.69793388538188;40.45250183824427
"URB";1;10034;"01013";"Barbara Braganza E-O  - Pº Recoletos - Marques Ensenada";441294.488284123;4474975.009662061;-3.69203250238828;40.42333617227188
"URB";3;11113;"02072";"Dr. Esquerdo S-N - Garibay-Sta. Sabina";442993.680291091;4472870.012455922;-3.6718147832676;40.40449138481615
"other";2;6869;"14RA02PM01";"14RA02PM01";440411.752405344;4471734.054849166;-3.70213414833184;40.39407732288898
"URB";3;10085;"10042";"Alde. Sainz Baranda E-O - Fernán González -Narváez";442715.851546289;4474256.46853879;-3.67521357983111;40.41696225357452
"URB";4;7032;"01304";"(MICRO) Pl. Colón (giro izq. a Genova) (Antes Gr. 10) - (MICRO) Pl. Colón (giro izq. a Genova) (Antes Gr. 10)";441463.721234465;4475183.756019711;-3.69005690467226;40.42522858419493
"URB";13;10908;"68021";"Imagen - Puerto de Balbarán-Av. Entrevías";443234.164672128;4470434.949428248;-3.66876381980081;40.38257137222585
"URB";11;4753;"24402";"(TACTICO) LOPEZ MEZQUÍA, 5 E-O (CASTELLFLORITE-V.CARPETANA)";437321.537000796;4471807.892702937;-3.73855092873467;40.39451566786143
"URB";4;10102;"08023";"(TACTICA)Principe Vergara N-S(Giro a Hermosilla) - Ayala-Hermosilla";442311.58766635;4475296.747732953;-3.6800727274119;40.42630569274054
"URB";2;4094;"11023";"EMBAJADORES S-N(ANTRACITA-BOLIVAR)(SUPERFICIE)";441210.638465581;4471383.175576781;-3.69268906232487;40.39097318903916
"URB";9;10519;"28007";"ARROYO POZUELO O-E (VIA LACTEA - HUMERA)";433578.076791471;4478252.230716378;-3.78333011104187;40.45227806492305
"URB";5;5515;"61001";"Mateo Inurria O-E - Pl.Castilla-Gral.López Pozas";441744.011864306;4479755.135627504;-3.68717219537168;40.46642933803628
"URB";11;5063;"50002";"OPORTO E-O(ARGUESO-CNO.VIEJO LEGANES)";438286.422307676;4470857.699398315;-3.72709033091549;40.38602793743968
"M30";3;3493;"PM10865";"PM10865";443740.190475935;4473602.598732575;-3.66308255058561;40.41114171199116
"M30";14;6792;"PM40902";"PM40902";443648.986309437;4473077.042194289;-3.66411088104121;40.40640103597978
"URB";11;10593;"84005";"AV. EURO E-O(PESO HISPANO-DURO)";436847.447774528;4468610.664126444;-3.74381991106884;40.36567778658213
"URB";11;5039;"49006";"GRAL. RICARDOS O-E(SAN PATRICIO-TOBOSO)";438417.134079401;4471558.551689806;-3.72561820168404;40.39235121741275
"URB";7;3562;"01018";"(AFOROS) Pº Castellana N-S - Eduardo Dato-Marques de Riscal";441594.078438958;4475992.19154856;-3.68859456595845;40.4325205220297
"URB";16;6925;"55061";"Av. Machupichu - Machaquito-Florencio Castillo";446855.806617246;4478933.728670229;-3.62680962163628;40.45937239050257
"M30";8;6804;"PM43021";"PM43021";440684.103810892;4482813.714356493;-3.69995983667557;40.49390717681455
"URB";2;3582;"11036";"PUERTO SERRANO E-O(PUERTO MIRAVETE-EMBAJADORES)";441592.633541362;4470783.096915127;-3.68813346949736;40.38559422579913
"URB";9;9928;"29016";"AV. PARANINFO S-N(ANTONIO NOVAIS -AV.COMPLUTENSE)";438328.812620151;4477861.42569187;-3.7272700054774;40.44912361427021
"M30";13;10205;"PM41201";"PM41201";441926.096868594;4469821.262421153;-3.6841173388011;40.37695278916489
"URB";16;11197;"70033";"Alejandro de la Sota S-N - Gta. Luis Blanco Soler-Gta. Antonio Perpiña";447640.09541294;4481321.931165424;-3.61775694940766;40.48093640644737
"URB";9;3419;"28406";"(TACTICO) VALLE PAS ANTES GR-6 O-E (ROSAS DE ARAVACA-CTRA. HUMERA)";434064.315792798;4477951.658217051;-3.77756506750291;40.4496091415263
"M30";15;6714;"PM20042";"PM20042";442865.685522499;4480776.258521675;-3.67403407649464;40.47570596279542
"M30";15;6716;"PM20152";"PM20152";443088.541285026;4480262.46625128;-3.67135903808558;40.47109279548754
"other";2;6884;"90ET93PM01";"90ET93PM01";441419.188865113;4470891.181144624;-3.69018672743034;40.38655572995641
"URB";8;6583;"76003";"SANTUARIO VALVERDE, 6 N-S (SANTUARIO VALVERDE - MONASTERIO ESCORIAL)";439943.609489251;4484072.10547267;-3.70881674703066;40.50518993032738
"URB";8;3509;"78005";"AV. SANTO DOMINGO DE LA CALZADA O-E (CASTIELLO DE JACA - CAMINO DE SANTIAGO)";443079.3275553;4484444.559085286;-3.67184333448744;40.50876620229291
"URB";1;10608;"15015";"Carrera San Jeronimo O-E(Pta Sol-Canalejas)";440549.734606264;4474238.231237882;-3.70074231890073;40.4166460437453
"URB";13;9983;"68602";"Av. Entrevías - La Mancha-Membezar";443198.357076121;4470390.980420807;-3.66918172567957;40.38217283318183
"URB";21;6998;"55064";"Av. Consejo de Europa - Glorieta Juan de Borbón-Ribera del Loira";447759.24913357;4478984.316765686;-3.61615871491636;40.45988540441346
"URB";13;10164;"68604";"La Mancha - Guadalcazar-Av. Entrevías";443184.165238595;4470275.081597873;-3.66933857528027;40.38112778050846
"URB";5;5458;"60011";"PºCastellana S-N - Jorge Manrique-Carbonero y Sol";441372.101242308;4477294.988059678;-3.6913316625277;40.44424109723023
"URB";9;3627;"28043";"CTRA.HUMERA Ø4 N-S (AV. OSA MAYOR-BERENISA)";433944.689975742;4478965.185218569;-3.77908111278272;40.45872975818915
"M30";15;6726;"PM20412";"PM20412";443838.326617369;4477952.085665592;-3.66231028074641;40.45033081173731
"M30";12;3704;"PM41351";"PM41351";441060.646102521;4468967.353191931;-3.69423279561982;40.36919954104179
"other";2;1029;"14RH25PM01";"14RH25PM01";440003.764086847;4471984.908492007;-3.7069648039433;40.3963078484598
"other";9;7123;"19XC40PM01";"19XC40PM01";438030.215933288;4475120.823932247;-3.7305237305708;40.42441300752682
"M30";9;6797;"PM42052";"PM42052";437270.296581618;4476289.860890686;-3.73959661195408;40.43488718880009
"M30";8;6806;"PM43032";"PM43032";440633.3310543;4483222.690959766;-3.70059726194425;40.49758775259886
"URB";5;5461;"60014";"Pº Castellana S-N - Concha Espina-Rafael Salgado";441451.647022874;4478319.761072793;-3.6904882116275;40.45347831548017
"URB";11;10592;"84006";"DURO S-N(AV. PESETA-AV. EURO)";436802.054574765;4468523.959619768;-3.74434592376131;40.36489327189848
"other";2;1027;"14VE04PM01";"14VE04PM01";440307.873375874;4471840.283941909;-3.70336803546044;40.39502684994618
"URB";13;5840;"41031";"Av. Albufera - Av. Pablo Neruda-San Claudio";445537.143502529;4471017.192504839;-3.64168362393133;40.38797030338377
"URB";9;4858;"28400";"(TACTICO)BARDEGUERAL Ø26 S-N (ANTES GR-7)";434564.099016764;4478136.826207926;-3.77169082343458;40.45131667902015
"URB";5;5539;"61027";"Apolonio Morales O-E - Menendez Pidal-Pº de la Habana";442302.565533849;4479452.043870965;-3.6805565283349;40.46373793382543
"M30";15;6727;"PM20441";"PM20441";443950.989280038;4477432.590720741;-3.66093589530049;40.4456585444421
"URB";2;4190;"13050";"MENDEZ ALVARO S-N(MURCIA-GTA. CARLOS V)";441273.503133713;4473097.984359189;-3.69210658300025;40.40642551591747
"URB";10;5261;"84026";"CTRA Bº FORTUNA S-N(M-40-AV. PESETA)";434941.184180665;4468999.00940518;-3.76630990591494;40.36902959060944
"URB";2;10926;"12034";"ESTRELLA DENEBOLA N-S";442003.780761185;4471741.157127035;-3.68337705184927;40.39425368335854
"URB";9;5408;"29005";"PROFESOR ARANGUREN O-E(EDUARDO SAAVEDRA-AV.COMPLUTENSE)";438150.70876313;4477745.947469255;-3.72935892385399;40.44807011131059
"URB";17;4819;"26009";"(AFOROS)ALCOCER Ø53 O-E(COLONIA LITOS-PSO. TALLERES)";440495.052879511;4466800.817236478;-3.7006922204922;40.34964197662586
"URB";9;4891;"28407";"(TACTICO) VALLE PAS ANTES GR-7 E-O (GIRO GLORIETA PARTIDA)";434089.425760774;4477959.94388385;-3.77726983697428;40.44968577237704
"URB";5;4611;"33028";"MAURICIO LEGENDRE N-S(VIEJAS-MANUEL CALDEIRO)";442016.384521879;4480975.849663901;-3.68407116208918;40.47744510076507
"M30";15;6735;"PM20662";;444015.51886983;4475388.447759131;-3.65999491227205;40.4272481849698
"URB";3;3893;"02046";"Av. Menendez Pelayo N-S - Granada-Av. Ciudad Barcelona)";442264.660724713;4472944.672338486;-3.68041242054745;40.40511372620482
"URB";16;10151;"55073";"Silvano - José Domingo Rus-Miguel Riesco";446409.210879481;4479297.540537221;-3.63210741540991;40.46262112031422
"URB";16;11191;"70009";"Av Fuerzas Armadas, 322 O-E - Av Fuerzas Armadas, 322-Gta Antonio Perpiña";447371.205460907;4481463.877535837;-3.62094099535738;40.48219813404505
"URB";13;5829;"41019";"Av. Monte Igueldo - Antonia Calas-Pintora Ángeles Santos";443299.394006514;4471995.142268963;-3.66813428262459;40.39663093707331
"URB";3;5073;"02049";"(AFOROS) Av. Ciudad Barcelona E-O - Catalina Suarez-Dr. Esquerdo";442850.071373957;4472435.1136127;-3.67346804560563;40.40056373131469
"URB";3;5074;"02050";"Av. Ciudad Barcelona O-E - Alberche-Pedro Bosch";442644.329148162;4472570.50650548;-3.67590459895376;40.40176927871836
"URB";3;3896;"02052";"Seco S-N - Gandia - Av. Ciudad Barcelona";442976.3718848;4472264.165322389;-3.67196447607973;40.39903239251134
"M30";14;6745;"PM20834";"PM20834";444101.834933598;4474261.626687963;-3.65887835533732;40.41710296900776
"URB";8;10693;"78027";"(CARRIL BUS) AV. CAMINO DE SANTIAGO N-S (TIERRA DE MELIDE - PALAS DE REY)";443316.103327124;4484522.054590311;-3.66905575336027;40.50948052536798
"URB";3;4076;"10032";"O´Donnell O-E - Fernan Gonzalez-Maiquez";442816.817563825;4474748.876405674;-3.67406783431638;40.42140506518705
"URB";8;5880;"76016";"COSTA BRAVA E-O(VALLE FUENFRIA-MONASTERIO HUELGAS)";440042.88386787;4483324.541477291;-3.707574378204;40.49846280702531
"URB";1;7133;"14500";"ATOCHA E-O (GIRO A FERNAN NUNEZ)(SAN EUGENIO-FERNAN NUNEZ)";440801.266836864;4473683.188565317;-3.69772605935411;40.4116638794353
"URB";3;3465;"13051";"ALFONSO XII N-S (ALCALA-MONTALBAN)";441561.714686361;4474492.577917513;-3.68883826809539;40.41900900117862
"URB";13;10778;"68606";"Av. Entrevías - La Mancha-Membezar";443250.102400832;4470312.335113597;-3.66856514768021;40.38146787556881
"URB";9;6635;"36006";"AV. VICTORIA O-E (AV. ESTACIÓN - DOMINGO ÁLVAREZ)";429395.394228378;4480653.621014725;-3.83291988382095;40.47356532627251
"URB";9;4503;"31010";"STO. ANGEL DE LA GUARDA N-S(SANCHEZ PRECIADO-FRANCOS RDGUEZ)";439570.063098762;4478930.185059926;-3.71273511696566;40.45884258110183
"URB";16;11002;"55096";"Av. Machupichu - Antonio Larrazabal-Pl. Manuel Rodrigo";446506.760490307;4479094.128331421;-3.63093973152553;40.46079496055759
"M30";4;3827;"PM40753";"PM40753";443522.386954329;4474632.717195597;-3.66574089512554;40.42040683031721
"URB";13;5842;"41033";"Av. Albufera - Fuengirola-Acceso M-40";445921.57647639;4470791.934571099;-3.63713536285068;40.38596607994349
"other";2;6877;"12NC07PM01";"12NC07PM01";441848.348725237;4471188.533385506;-3.68515794571074;40.38926450937724
"URB";5;4612;"33029";"(TACTICO) SALIDA E.M.T. E-O(E.M.T.-MAURICIO LEGENDRE)";442040.548300665;4480860.929285998;-3.6837756021997;40.47641153709721
"URB";17;10568;"26010";"AV. ANDALUCIA N-S(GIGANTES Y CABEZUDOS-ALCOCER)";441140.435058559;4467279.915352509;-3.69313733118142;40.3540037638902
"other";2;6858;"15NL09PM01";"15NL09PM01";439691.473406746;4472147.374793013;-3.71065979757934;40.39774886839722
"M30";15;6718;"PM20232";"PM20232";443372.832470131;4479757.310980941;-3.66796051020407;40.46656155560837
"M30";15;6736;"PM20664";;444007.899236346;4475410.297508694;-3.66008665801187;40.4274445064302
"URB";7;3847;"01008";"Almagro 7 N-S - Zurbano-Pl. Alonso Martinez";441085.139017928;4475582.137694227;-3.69455644132333;40.42879067219494
"URB";6;5649;"62033";"Rosario Pino E-O - PºCastellana-Poeta Joan Maragall";441428.853083089;4479274.596089052;-3.69084511530601;40.46207827568836
"URB";5;3460;"04004";"Alfonso XIII, 51 N-S - Alhelies-Ramon y Cajal";443412.198598478;4478255.712049969;-3.66736231209613;40.45303712551161
"URB";3;9856;"41601";"Gandia - Vía de Servicio- Cerro Negro";443113.575796274;4472121.479657321;-3.67033502601166;40.39775638374643
"URB";15;5975;"45030";"Hermanos García Noblejas - Pl. Orotava-Santo Domingo Savio";446231.837585017;4475910.220437666;-3.63391265588299;40.43209481326394
"URB";11;9940;"84045";"AV. PESETA O-E (MUTUAL - LUIS ORO)";436601.459688539;4468311.532528043;-3.7466872256488;40.36296439997119
"URB";5;4621;"33038";"AGUSTIN DE FOXA N-S(PADRE PALAU Y QUER-J. VASCONCELOS)";441967.755147119;4480284.913020738;-3.68458161764255;40.47121745806432
"URB";5;4619;"33036";"ENRIQUE LARRETA S-N(MATEO INURRIA-AGUSTIN DE FOXA)";441807.034391795;4479899.879631914;-3.68644212448169;40.46773767055279
"URB";3;11116;"02078";"Andalucia E-O - Adelfas-Dr. Esquerdo";442863.860195988;4472590.208423838;-3.67331948608007;40.40196185738971
"URB";16;6278;"55408";"Sotillo - Sotillo-Av. Madroños";445974.864475974;4478703.647130386;-3.6371797137164;40.45724288749629
"URB";8;10689;"76062";"(CARRIL BUS) AV. MONASTERIO SILOS O-E (MONASTERIO EL PAULAR - AV. MONTECARMELO)";440720.807148756;4483856.76658867;-3.69962435328828;40.50330597997507
"URB";1;4259;"15022";"BAILEN N-S(CUESTA DE LA VEGA-DON PEDRO)";439455.361749324;4474013.338177812;-3.71361938427729;40.41454120883441
"URB";13;5854;"41046";"Av. Albufera - Sierra Carbonera-Ntra. Señora Perpetuo Socorro";443840.857296948;4471744.749881363;-3.66173224635143;40.39441194516942
"other";11;1035;"15RU11PM01";"15RU11PM01";439489.199308708;4472104.814247837;-3.71303912269376;40.39735078952656
"M30";14;6746;"PM20851";"PM20851";443777.393224288;4473607.787720253;-3.66264456239765;40.41119097093824
"URB";3;3906;"02063";"Garibay E-O - Adelfas- Dr. Esquerdo";443016.121884151;4472805.778147887;-3.67154457734349;40.40391426299529
"URB";8;10031;"43035";"Narcís Monturiol N-S - Sangenjo-Av. Ilustración";440656.756311705;4481793.239724778;-3.70018697797008;40.48471241444229
"URB";5;4620;"33037";"AGUSTIN DE FOXA S-N(MATEO INURRIA-ENRIQUE LARRETA)";441706.567978924;4479907.491370884;-3.68762784109813;40.46779919655177
"URB";1;4291;"16013";"FLOR BAJA O-E(LEGANITOS-GRAN VIA)";439747.20898613;4474883.171277366;-3.71026213103486;40.42239824113226
"URB";16;6295;"56013";"Valdetorres del Jarama  - Ángel Luis Herrán-Liberación";445391.179440193;4480188.438938964;-3.64419113618361;40.47058049642763
"URB";17;11053;"39300";"(MICRO)EDUARDO BARREIROS S-N(GIRO PEUGEOT)";440344.15370907;4467806.716812327;-3.70256302985527;40.3586929170217
"URB";17;4828;"26019";"AV. VERBENA PALOMA Ø13 O-E (PAN Y TOROS-AV. ANDALUCIA)";441017.579962951;4468043.412224668;-3.69465457364732;40.36087310869147
"URB";20;6491;"69001";"Av. Arcentales - Instucion Libre Enseñanza-Ajofrin";446866.633944722;4475211.456887453;-3.62637059372789;40.42584072944297
"URB";16;11188;"70008";"Av Fuerzas Armadas - Gta Isidro Velzaquez-Fuerzas Armadas 298";447068.107263342;4481463.863736859;-3.62451689817325;40.48217874262706
"URB";16;6297;"56015";"Ayacucho - Mar Adriatico-Valdetorres del Jarama";445686.526881628;4480109.682904817;-3.64070054439061;40.46989038674559
"other";2;6862;"15RV01PM01";"15RV01PM01";439599.089949122;4472287.857922774;-3.71176166789825;40.39900771308344
"other";10;6843;"17XC08PM01";"17XC08PM01";438696.730019971;4473234.751055485;-3.72248543741816;40.40747181867947
"URB";8;10815;"76070";"MONASTERIO CAAVEIRO N-S (SANTUARIO VALVERDE - MONASTERIO ESCORIAL)";440890.852526394;4484113.847595925;-3.69764158153366;40.50563398636493
"URB";1;11208;"16501";"CUESTA SAN VICENTE O-E(PM 16004+PM16049)(Pso. DEL REY-ARRIAZA)";439128.817457394;4474649.487430798;-3.71752884608077;40.42024810487598
"URB";5;4628;"34010";"LOPEZ DE HOYOS, 125 E-O(RAMOS CARRION-MARCENADO)";443104.521858359;4477504.391459798;-3.67092331644569;40.44624786323064
"URB";15;5912;"44006";"Alcalá - Florencio Llorente - Buen Gobernador";444559.507822639;4475953.242335654;-3.65363154300802;40.43237259241941
"URB";9;5219;"36015";"OSA MAYOR Ø108 O-E (SEXTNATE-CINCO LAGUNAS)";433116.097065662;4478938.840851668;-3.78885019914403;40.45842616528095
"URB";16;6324;"56044";"Vía de los Poblados - Vía de los Poblados-Gregorio Sánchez Herráez";445983.518542021;4480890.652456384;-3.63726384289808;40.47694512085994
"M30";14;7126;"PM20854";"PM20854";443898.318727992;4473791.073023033;-3.6612355755709;40.41285026631495
"URB";17;11048;"39402";"(TACTICO)SALIDA CANTON LIMPIEZA";440376.802418179;4467906.755064447;-3.70218790549427;40.35959645297292
"URB";15;3776;"44026";"Alcalá - Vicente Espinel-Vazquez de Mella";445636.950167236;4476408.226353496;-3.64096840950724;40.43654246134226
"M30";13;6753;"PM20971";"PM20971";443394.494145323;4472576.076988427;-3.66706538999868;40.40187079615531
"URB";10;3640;"98026";"(TACTICO)AYLLON S-N";434085.601422852;4472369.381219741;-3.77673539039512;40.39932394858157
"URB";6;5493;"60047";"Orense N-S - General Perón-Reina Mercedes";441059.708589815;4478154.690459103;-3.69509488072403;40.45196358658215
"URB";1;4307;"16035";"GRAN VIA,10 E-O(VICTOR HUGO-CLAVEL)";440741.893748195;4474547.189252174;-3.6985062768936;40.41944299036479
"URB";1;4262;"15026";"BAILEN S-N (DON PEDRO - MAYOR)";439461.778971582;4474009.652637599;-3.71354340146586;40.41450847460385
"URB";13;6451;"65040";"Andaluces - Antonio Mairena-Av. Pablo Neruda";445580.460697506;4471399.610769928;-3.64120596234587;40.39141819853033
"URB";8;10817;"76069";"MONASTERIO ESCORIAL E-O (MONASTERIO DE SAMOS - MONASTERIO CAAVEIRO)";440983.998305545;4484143.490368629;-3.69654505896564;40.50590764990632
"M30";13;6757;"PM21148";"PM21148";442297.500453047;4471085.942294875;-3.67985698378656;40.38837154455545
"URB";12;4970;"39406";"(TACTICO) ORCASUR (2) S-N (MOREJA - AV. POBLADOS)";440606.81163364;4469140.837376015;-3.69959418965439;40.37073017123824
"URB";9;4337;"17001";"FERNANDEZ DE LOS RIOS O-E(PRINCESA-ARCIPRESTE DE HITA)";438994.728616233;4476352.948651466;-3.71927278703445;40.4355837853338
"URB";20;5941;"44043";"General Aranaz   - López de Aranda-Alcalá";446073.569071137;4476691.91464757;-3.63584482543196;40.43912651179448
"URB";8;10091;"78023";"SIERRA DE ATAPUERCA S-N (PALAS DE REY-TIERRA DE MELIDE)";443620.747085324;4484239.120351535;-3.66543499644783;40.50695250201897
"M30";10;6949;"PM31891";"PM31891";432749.972766504;4470038.751451116;-3.79222697056935;40.37822206936122
"URB";10;11070;"80022";"TEMBLEQUE E-O ( MAQUEDA-PADRE PIQUER)";435013.459690663;4471444.47782614;-3.76570804817861;40.39106499455046
"URB";10;5177;"98415";"(TACTICO)SEBASTIAN ALVARO S-N(CINE-AV. POBLADOS) (CARRIL IZDA.)";434456.335136066;4471778.992586146;-3.77230626779256;40.39403477577743
"URB";5;3916;"04010";"Concha Espinal O-E - Rodriguez Marin-Principe Vergara";442458.032126514;4478107.185542705;-3.67860097177425;40.45163361994704
"URB";15;5927;"44029";"Virgen de la Alegria - Virgen de la Alegría- Alcalá";444128.362511215;4475954.538497373;-3.65871445051091;40.4323554195809
"URB";21;11199;"70012";"Fuerzas Armadas - Ciudad Deportiva O-E - Fuerzas Armadas C. Deportiva - Gta Antoñete P.P. (Oeste)";448191.892131327;4481463.597676786;-3.6112586254244;40.48224722640186
"other";9;1018;"18XC82PM01";"18XC82PM01";438516.67769767;4474828.511385178;-3.72476130496094;40.42181582422297
"URB";16;11253;"72009";"Av. Secundino Zuazo - José Antonio Coderch-Maria de las Mercedes de Borbón";447285.355612077;4482952.564169338;-3.62207765849216;40.49560353258417
"M30";13;6754;"PM20972";"PM20972";443406.66646799;4472561.170824975;-3.66692062972208;40.40173734043699
"URB";20;5940;"44042";"Hermanos García Noblejas - Caunedo-Alcalá";445945.579113325;4476461.939825535;-3.63733429830611;40.43704645983342
"URB";9;4873;"36026";"ARROYO POZUELO Ø76 E-O (COVATILLAS-GTA. RIO ZANCARA)";434015.211994578;4478273.097133558;-3.77817748892798;40.45250085242455
"URB";5;4647;"34037";"SANTA HORTENSIA E-O(CORAZON DE MARIA-CLARA DEL REY)";443294.786168641;4477299.14673303;-3.66866150210982;40.44441191690282
"URB";16;9844;"56045";"Av. Gran Vía de Hortaleza - Gran Vía de Hortaleza-Av. San Luis";444254.76571;4480107.738255554;-3.6575888821859;40.46977801852482
"URB";5;3918;"04012";"Alfonso XIII S-N - Ramon y Cajal-Pintor Ribera";443419.461376571;4478260.523294872;-3.66727709353987;40.45308096196933
"URB";6;5628;"62013";"Ulpiana Benito S-N - Sófora- Bravo Murillo";441251.527929884;4479582.060109132;-3.69296497949518;40.46483552157387
"M30";15;3538;"PM40442";"PM40442";444002.666188227;4477506.615320571;-3.66033308037902;40.44632887786612
"URB";17;4836;"26029";"CTRA.VILLAVERDE Ø18 O-E(VILLARROSA-DIAMANTE)";441394.500284137;4467200.148912309;-3.69013830855458;40.35330307096601
"other";9;7122;"19XC80PM01";"19XC80PM01";437721.448955436;4475377.513434067;-3.73418845532484;40.42670231341528
"other";13;6890;"90EL69PM01";"90EL69PM01";441712.162157754;4470398.324517992;-3.68669012399338;40.38213635350223
"M30";14;10177;"PM20873";"PM20873";443756.887303332;4473479.578535059;-3.66287489877901;40.41003460580517
"URB";16;10745;"56048";"López de Hoyos - Guisona-Ángel Luis Herrán";444699.88270247;4480006.916355719;-3.65232967347982;40.46889951792361
"URB";5;10047;"34040";"ALUSTANTE N-S(CLARA DEL REY - CORAZON DE MARIA)";443149.349537218;4477011.421258452;-3.67035061361012;40.44181001196492
"URB";14;6425;"65007";"Fuente Carrantona  - Arroyo Fontarron-Miguel Hernández";445694.21758268;4471826.799680125;-3.63990211357664;40.3952740078248
"URB";12;3445;"39409";"(TACTICO) ENTRADA M-40 A RAFAELA YBARRA";439388.358603784;4468483.416480892;-3.71388284916211;40.36472006958342
"URB";2;4080;"11003";"MAESTRO ARBOS S-N(VALDEMORILLO-TTE. CORONEL NORENA)";440998.437133329;4471234.549025996;-3.69517539475356;40.38961927879197
"URB";20;10721;"44053";"Hermanos García Noblejas - Caunedo-Alcalá";445952.464312586;4476460.008007036;-3.63725295809627;40.43702950442557
"URB";15;10707;"44056";"Alcalá - Cipriano Sancho - Marcelino Alvarez";444465.743275768;4475929.556720753;-3.65473486903642;40.43215296456447
"URB";5;3924;"04018";"Doctor Arce S-N - Estevez-Pl. Cataluña";442320.032849799;4477674.74492378;-3.6801890307997;40.4477284292019
"URB";8;10359;"78300";"(MICRO)ACCESO M-40 O-E(PROX. GR-14)";443497.657729004;4484781.376044204;-3.66693609819684;40.51182898156646
"URB";5;11352;"04024";"Ramon y Cajal E-O(Giro izqda a Alfonso XIII) - Pº de los Jacintos -Alfonso XIII";443487.101374063;4478180.009572717;-3.6664722728952;40.45236025708575
"URB";6;7112;"62100";"Sor Angela de la Cruz O-E(PM62083+PM62061) - Sor Angela de la Cruz O-E(PM62083+PM62061)";440932.868637674;4479050.080724978;-3.69667393508834;40.46002063738084
"URB";9;4338;"17002";"PRINCESA S-N(PL. MONCLOA-Po MORET)";439034.416488366;4476201.825266276;-3.71879039100463;40.43422531366728
"URB";1;4268;"15033";"MAYOR O-E (PL. VILLA-MILANESES)";439738.180997529;4474122.891223254;-3.71029650994437;40.415548638761
"URB";5;10045;"34039";"CORAZON DE MARIA O-E (POETA CLAUDIO RODRIGUEZ-ALUSTANTE)";443116.611510229;4476925.457724567;-3.67072891977158;40.44103337088617
"URB";2;4104;"11033";"EMBAJADORES N-S(VINUELAS-BRONCE)";441343.78363063;4471043.463812049;-3.69108909659936;40.38792226907827
"URB";5;3930;"05002";"(AFOROS) Serrano, 170 N-S - Nerion-Pl. Republica Argentina";441957.749688425;4477572.079369872;-3.68445157175972;40.4467783550979
"URB";15;11038;"44079";"Alcalá - Misterios - Luva";445825.699962783;4476529.009829592;-3.63875338087249;40.43764286331872
"URB";20;6522;"71023";"Cronos - San Romualdo-Miguel Yuste";447270.438739927;4476270.018033289;-3.62169836042557;40.43540257378888
"URB";2;4106;"11037";"EMBAJADORES S-N(PUERTO CRUZ VERDE-PUERTO SERRANO)";441600.973123699;4470683.082183089;-3.68802605460305;40.38469382263051
"M30";15;3826;"PM40755";"PM40755";444420.166905775;4474343.280126662;-3.65513350659075;40.41785986993909
"URB";4;4674;"35040";"MARTINEZ IZQUIERDO O-E(FRANCISCO ALTIMIRAS-AV.BRASILIA)";443830.025088474;4476274.912479359;-3.66225987655593;40.43522142226212
"other";13;6889;"90ET43PM01";"90ET43PM01";441722.372671981;4470407.634353784;-3.68657069340144;40.38222093589882
"M30";8;11371;"PM23163";"PM23163";442286.851807487;4481652.64242332;-3.68094209756549;40.48356077131064
"URB";8;10565;"78301";"(MICRO) RONDA DE LA COMUNICACION (JUNTO GR-2";443760.415051866;4484930.904438428;-3.6638480746772;40.51319385018442
"URB";9;10646;"17011";"VENTURA RODRIGUEZ E-O(MARTIN HEROS -J.ALVAREZ MENDIZABAL)";439421.585627118;4475157.027209714;-3.71412639912291;40.42484161250133
"URB";9;10645;"17022";"VENTURA RODRIGUEZ E-O(J.ALVAREZ MENDIZABAL-FERRAZ)";439387.760049557;4475081.425210294;-3.71451791444942;40.4241580929888
"URB";12;4988;"39413";"(TACTICO)CRISTO VICTORIA E-O(SAN BASILIO-RAFAELA YBARRA)";439589.593718033;4470037.675849943;-3.71166015731752;40.3787362610102
"URB";5;3931;"05003";"Serrano, 113 N-S - Pablo Aranda -Pedro Valdivia";441819.892172871;4476938.817729403;-3.68601911773137;40.44106400506716
"URB";4;4677;"35043";"ROBERTO DOMINGO N-S(MARTINEZ IZQUIERDO-AV.TOREROS)";443923.187884263;4476220.308088492;-3.66115671201663;40.43473580417558
"URB";12;4837;"26030";"(AFOROS)AV.ROSALES Ø5 E-O(ANTEQUERA-AV. ANDALUCIA)";441151.84843642;4468877.725974908;-3.69315034729006;40.36839857162941
"URB";4;4662;"35025";"BIARRITZ S-N(MARTINEZ IZQUIERDO-BRESCIA)";443679.017140126;4476300.354120694;-3.66404244444025;40.43544040124858
"URB";5;3933;"05005";"Lopez de Hoyos, 21 E-O - Velazquez-Maria Molina";441978.451690783;4476658.832007543;-3.6841240526336;40.43855284052795
"URB";8;5425;"43014";"(AFOROS)Av.Ilustración O-E - Av.Betanzos-Centro Cívico";439731.14693176;4481347.952618537;-3.71106505893019;40.48063443468495
"URB";15;11037;"44078";"Alcalá - Misterios - Luva";445823.588520572;4476532.303679442;-3.63877855564152;40.43767239860713
"URB";6;5632;"62017";"Lope de Haro O-E - Juán Risco-Bravo Murillo";440439.397278144;4478741.615766474;-3.70246488120673;40.45720663515011
"URB";21;11202;"70014";"Manuel Fraga Iribarne S-N-Salida Gta Antoñete - Gta. Antoñete-Jose Antonio Corrales";448443.278720931;4481587.002171937;-3.60830283210186;40.48337456833148
"URB";4;4680;"35047";"PUENTE DE LA PAZ E-O(AV.DONOSTIARRA-AV.BRASILIA)";444028.394439303;4476903.066935499;-3.65997652609306;40.44089353803637
"M30";3;3492;"PM10862";"PM10862";443730.425119869;4473607.093383446;-3.66319803602662;40.41118154222058
"M30";14;6790;"PM40751";"PM40751";444419.574053885;4474336.356210449;-3.65513988921509;40.41779745582686
"URB";15;5963;"45017";"Ascao - Pl. Villaflor-Hermanos García Noblejas";446149.637883097;4475984.462942411;-3.63488800285389;40.43275831462034
"URB";4;7011;"01302";"(MICRO) Pl. Colón  (Delante Gr. 6) - (MICRO) Pl. Colón  (Delante Gr. 6)";441437.116590312;4475217.183237796;-3.69037359172057;40.42552784044995
"URB";4;3948;"05022";"Maria Molina O-E - Claudio Coello-Lagasca";441900.509108924;4476562.730368607;-3.68503421333714;40.43768166957822
"URB";4;3938;"05010";"Serrano N-S - Maldonado-Juan Bravo";441760.502423127;4476145.569183458;-3.68664664779262;40.43391389067327
"URB";4;3943;"05015";"Hermanos Becquer S-N - Serrano-General Oraa";441717.489473088;4476379.538633833;-3.68717519550758;40.43601858547711
"URB";11;5281;"85007";"GRAL RICARDOS E-O(MANUEL CARMONA-SALLABERRY)";438924.187077672;4471923.985773747;-3.71967919778015;40.39568055580706
"URB";9;3676;"30010";"AV. VALLADOLID, 65 S-N(DEPENDENCIA TRAFICO-LOECHES)";437957.904829789;4475822.372467207;-3.73144455985192;40.43072744803575
"URB";15;3646;"45029";"Fuente Carrantona  - Prolongación O`Donnell-Pl. Alsacia";446985.340560289;4474216.343429845;-3.62488832482316;40.4168837152481
"URB";4;3946;"05018";"Goya E-O - Claudio Coello -Serrano";441747.60768319;4475195.882678342;-3.68671163922991;40.42535775241459
"URB";6;5456;"60009";"PºCastellana N-S - Gral.Perón-Raimundo Fdez.Villaverde";441390.717492234;4477713.03960643;-3.69115073374203;40.44800840598229
"URB";6;5705;"63018";"Francos Rodríguez O-E - Fulgencio de Miguel-Bravo Murillo";440333.2807139;4478492.657468995;-3.70369294415042;40.45495630465911
"URB";5;4588;"33004";"PADRE FCO. PALAU Y QUER O-E (CASTELLANA - MAURICIO LEGENDRE)";441863.854007583;4480613.339355121;-3.68583731309619;40.47416879418649
"URB";12;10864;"26040";"AV. ANDALUCÍA S-N (M-40-CONÍFERAS)";441076.238108075;4468615.32041996;-3.69401662352658;40.36602933262279
"URB";2;4108;"11039";"EMBAJADORES N-S(PUERTO BEJAR-PUERTO SERRANO)";441498.25767137;4470793.807577303;-3.68924627758038;40.38568409168355
"URB";4;4679;"35046";"PL.VENECIA E-O(AV.BRASILIA-AV.BRUSELAS)";443884.381181916;4476901.970646245;-3.6616744217244;40.4408739556949
"URB";15;11174;"44083";"Alcalá 402 - Vicente Espinel-Vazquez de Mella";445724.963512805;4476458.623691602;-3.63993505275818;40.43700221731251
"URB";15;5949;"45003";"Hermanos García Noblejas - Vital Aza-Ascao";446142.94785779;4476073.211044029;-3.63497439315027;40.43355737513467
"URB";3;3901;"02057";"Menendez Pelayo S-N - Valderribas-Pl. Mariano Cavia";442346.694448948;4473092.900090282;-3.67945914318253;40.40645472574221
"URB";8;4599;"33016";"ARZOBISPO MORCILLO O-E(ACC.TORRES-Po CASTELLANA)";441761.011769358;4481230.725387604;-3.68710716704231;40.47972325497965
"URB";2;10923;"12019";"RETAMA O-E(MENDEZ ALVARO-ACANTO)";442561.153100908;4471633.295110349;-3.67680016828739;40.39332062734922
"URB";15;5981;"45036";"Hermanos García Noblejas - Francisco Largo Caballero-Pepe Ysbert";446758.053301813;4474943.013856855;-3.62762806173763;40.42341549235682
"URB";10;4763;"24030";"SEPULVEDA Ø98 O-E(BERLANAS-PALMIPEDO)";436448.726607281;4472837.354225601;-3.74893733584795;40.40372333692787
"URB";8;10567;"78302";"(MICRO) PORTICO DE LA GLORIA (JUNTO GR-5)";443690.290461616;4484976.059609553;-3.66467978430631;40.51359586783682
"URB";4;3443;"35048";"AV.BRASILIA N-S(PL.VENECIA-AV.BRASILIA)";443927.374907551;4476767.869632757;-3.66115566781648;40.43966880515352
"other";9;1010;"03FL56PM01";"03FL56PM01";438487.741512358;4474217.820608484;-3.7250433138461;40.41631232312845
"URB";17;4820;"26402";"(TACTICO) UNANIMIDAD Ø1 E-O";441131.508722413;4468111.068244901;-3.69331913590458;40.36149064412704
"URB";8;5430;"43019";"GINZO DE LIMIA S-N(AV.ILUSTRACION-AV.MONFORTE DE LEMOS)";440280.676121128;4481290.224816959;-3.70457662414339;40.48015410525892
"URB";20;5979;"45034";"Hermanos García Noblejas - Castillo de Uclés-Castillo de Arévalo";446576.177438;4475304.294310894;-3.62980228881497;40.426658462959
"URB";5;5464;"60017";"PºCastellana S-N - Fco.Gervás-Carlos Maurras";441519.784134472;4479149.187320884;-3.68976110412642;40.4609549447095
"URB";20;5980;"45035";"Hermanos García Noblejas - Arcentales-Castillo de Uclés";446665.731345769;4475144.907635041;-3.62873324644672;40.42522835911588
"M30";15;3822;"PM20026";"PM20026";442913.469786535;4481463.119978073;-3.67353222077003;40.48189679309026
"M30";12;3762;"PM41262";"PM41262";441406.177168235;4470289.126503733;-3.69028465038097;40.38113117657873
"URB";6;5625;"62010";"Bravo Murillo S-N - Pedro Villar-Rosa Silva";440927.527671112;4479394.858209081;-3.69676901628269;40.4631261562235
"URB";8;4598;"33015";"(TACTICO) ARZOBISPO MORCILLO E-O (Po CASTELLANA -ACC.TORRE )";441755.399460293;4481243.740184818;-3.687174572388;40.4798401038968
"URB";5;4589;"33005";"Po CASTELLANA S-N(LATERAL)(MAURICE RAVEL-PADRE FCO.PALAU Y QUER)";441769.138924849;4480521.164508644;-3.68694613690941;40.47333180976788
"URB";21;11201;"70015";"Fuerzas Armadas E-O Salida Gta Antoñete - Gta Antoñete P.P. (Oeste)-Fuerzas Armadas C. Deportiva";448321.086613096;4481475.211291012;-3.60973535136038;40.48235989932214
"URB";20;6530;"71031";"Julián Camarillo - Rufino González-Miguel Yuste";447035.073822511;4476324.490373028;-3.62447777198716;40.43587833671147
"URB";17;4821;"26403";"(TACTICO) AV. VERBENA PALOMA Ø3 O-E";441088.880883218;4468053.844077802;-3.69381586204324;40.36097212522663
"M30";15;6723;"PM20322";"PM20322";443747.381719268;4478725.354645559;-3.66345123041021;40.45729064733685
"URB";3;11117;"02077";"Pedro Bosch S-N - Méndez Alvaro-Av. Ciudad Barcelona";442676.225960142;4472416.184692425;-3.67551484109774;40.40038125959389
"URB";2;4150;"12044";"GENERAL LACY N-S(BUSTAMANTE-RAMIREZ PRADO)";441359.417776753;4472438.989040849;-3.69103341507115;40.40049500188533
"URB";5;3912;"04006";"Ramon y Cajal E-O - Pº de los Jacintos -Alfonso XIII";443485.256345443;4478184.706009204;-3.66649444844553;40.45240243941892
"URB";5;3448;"60056";"PADRE DAMIAN S-N (CONCHA ESPINA - RAFAEL SALGADO)";441785.514729372;4478267.646953854;-3.68654624380398;40.45303229967939
"URB";9;4885;"28036";"AV. OSA MAYOR Ø73 O-E (CAROLI-PEREZ DE VICTORIA)";433456.653563992;4479018.636654919;-3.78484229034968;40.45917232486298
"URB";16;11169;"70401";"Av. Fuerzas Armadas - Rocio Jurado y Buenos Aires";445942.66021035;4481842.772211371;-3.63782702146631;40.48551962552072
"URB";5;3461;"04005";"Ramon y Cajal, 69 O-E - Gabriel Galan-Alfonso XIII";443321.400033962;4478184.789681151;-3.6684267354175;40.45239203587277
"URB";4;3945;"05017";"Ayala E-O - Serrano-Pº Castellana";441664.532053633;4475477.963220146;-3.68771679654323;40.42789305026514
"URB";21;11274;"70414";"Av. Fuerzas Armadas (CARRIL BUS) - Ciudad Deportiva - Gta. Antoñete";448318.404516371;4481450.689849948;-3.60976499555271;40.48213883003418
"URB";5;5473;"60027";"Joaquín Costa E-O - Balbina Valverde-PºCastellana";441499.313282887;4477514.618828873;-3.68985192811857;40.44622859143885
"URB";6;5709;"63022";"Hernani E-O - Istúriz-Bravo Murillo";440403.363768452;4477758.569694378;-3.70279756389677;40.44834836329681
"URB";11;5198;"81018";"ERMITA DEL SANTO ENTRE IVAN VARGAS Y PTE S.ISIDRO S-N";438513.632680523;4472727.799585851;-3.72459417984815;40.40289146955615
"URB";20;10342;"45054";"Emilio Muñoz - Zaldivar - Alfonso Gomez";446855.999256218;4475955.349495503;-3.62655814529446;40.43254147591783
"URB";17;4822;"26012";"AV. ANDALUCIA N-S(M-40-UNANIMIDAD)";441089.074534374;4468244.965698002;-3.69383123352624;40.36269387256072
"URB";20;6511;"71009";"San Romualdo - Albasanz-Alcalá";447179.555077324;4476864.555210697;-3.62281927104996;40.44075274564252
"URB";20;6521;"71022";"Emilio Muñóz - Miguel Yuste - Castillo de Uclés";447156.087367809;4476152.258586276;-3.62303673208437;40.43433446925541
"URB";17;4839;"27001";"ALCOCER Ø48 E-O(LAGUNA SANTIAGO-EDUARDO BARREIROS)";440272.754652446;4466858.45465867;-3.70331506971298;40.35014532098149
"M30";3;6672;"PM10941";"PM10941";443464.125183128;4472893.532721112;-3.66627307513052;40.4047353468003
"M30";14;6750;"PM20912";"PM20912";443639.531939685;4473183.802252129;-3.66423175088785;40.40736215047514
"URB";2;4211;"14015";"(AFOROS) RONDA VALENCIA O-E(MESON DE PAREDES-FRAY LUIS LEON)";440551.905251263;4473004.583323876;-3.7006014724137;40.40553289886699
"URB";17;11039;"27009";"EDUARDO BARREIROS S-N(ALCOCER-LAGUNA RODRIGO)";440117.142116504;4466974.171185404;-3.70515820352634;40.35117660515827
"URB";20;6503;"71038";"Alcalá - A2-Jaca";448288.226665406;4477691.849515477;-3.60981470328705;40.44827519418777
"URB";20;10561;"71040";"Raza - Enrique López-Alcalá";448095.967249898;4477595.938346761;-3.61207397487309;40.44739918798439
"URB";3;3903;"02060";"(TACTICO) Dr. Esquerdo N-S - Cavanilles-Valderribas (Giro Izq.)";442899.44760687;4472749.595244948;-3.67291443236773;40.40340014300676
"URB";5;5475;"60029";"Alberto Alcocer O-E - Doctor Fleming -Juán Ramón Jiménez";441688.481910148;4478917.62422415;-3.6877502138141;40.45888077945416
"URB";5;5480;"60034";"Doctor Fleming N-S - Hurtado de Mendoza -Alberto Alcocer";441669.382385487;4479022.821285651;-3.68798513354985;40.45982709986618
"URB";6;5674;"62060";"Sor Angela de la Cruz E-O - Infanta Mercedes-Bravo Murillo";440919.076633826;4479077.835914817;-3.69683917858139;40.4602696872022
"URB";11;3551;"50406";"(TACTICO) NAVAHONDA O-E";439283.029354031;4471616.072817694;-3.71542177979142;40.39293296522236
"URB";5;5506;"60063";"PADRE DAMIAN N-S(FALLA-RAFAEL SALGADO)";441740.223346049;4478487.484579022;-3.68710051919359;40.45500952134837
"URB";15;6003;"45410";"Paredes de Nava - Idioma Esperanto-Hermanos García Noblejas";446917.981955346;4474596.544347112;-3.62571397279067;40.42030450372863
"URB";15;6004;"45411";"Hermanos García Noblejas - Versalles-Aquitania";447165.878328196;4474215.115308172;-3.62276032812234;40.41688413281125
"URB";10;5153;"80007";"AV.DE LOS POBLADOS ENTRE LUIS CHAMIZO Y AV. LAS AGUILAS SENTIDO O-E";435224.440881235;4470966.734789211;-3.76317377567292;40.38677773011607
"URB";1;4208;"14010";"MALLORCA N-S(DR.FOURQUET -RONDA ATOCHA)";440783.398451021;4473184.169433572;-3.6978902051186;40.40716719764105
"URB";6;10097;"31019";"PSO. DIRECCION S-N (OFELIA NIETO-CARMEN PORTONES)";440059.832407775;4479443.430258197;-3.70700747084016;40.4635015685361
"URB";5;5507;"60064";"RAFAEL SALGADO O-E(Po CASTELLANA-PADRE DAMIAN)";441652.666651904;4478395.944253329;-3.68812465645485;40.45417874337488
"URB";15;6023;"46015";"Arturo Soria   - Amara-Juan Pérez Zuñiga";445088.769310944;4477435.693900593;-3.64752016174975;40.44576242703589
"URB";20;10249;"71041";"Marquesado Santa Marta - Fernando Mijares-Gta. Ricardo Velazquez Bosco";447290.997220877;4477651.587279112;-3.62157060934029;40.44784985703843
"other";11;7119;"14XC71PM01";"14XC71PM01";439740.390115244;4471981.927181583;-3.71006775981716;40.39626197632249
"M30";13;6755;"PM20976";"PM20976";443399.475589673;4472562.082365659;-3.6670054457874;40.4017450633365
"URB";3;3908;"02066";"Cavanilles E-O - Abtao-Juan Urbieta";442659.202833257;4473038.09117119;-3.67577145627602;40.40598256034494
"URB";5;3913;"04007";"Principe Vergara N-S - Pl. Republica Ecuador-Concha Espina";442556.784483026;4478269.717935726;-3.67745115195773;40.45310461789502
"URB";4;4224;"06008";"Principe Vergara, 88 S-N - General Oraa -Maria Molina";442394.135527645;4476382.577803134;-3.67919806565843;40.43609310781507
"URB";5;5482;"60036";"Padre Damián N-S - Juán Hurtado de Mendoza-Alberto Alcocer";441877.569312859;4478985.525481882;-3.68552640801862;40.45950571078041
"URB";17;11040;"27402";"(TACTICO)LAGUNA RODRIGO O-E";440075.915246425;4467068.49192344;-3.70565249764316;40.35202333938001
"URB";11;5283;"85009";"SALLABERRY S-N (JACINTO VERDAGUER-GRAL RICARDOS)";438846.371193206;4471816.996417647;-3.72058578793099;40.39471103499196
"URB";11;11029;"85018";"GRAL. RICARDOS N-S (PSO. QUINCE MAYO - MANUEL CARMONA)";439093.763847078;4472044.529515736;-3.71769269033488;40.39677888975098
"URB";20;10474;"71049";"Alabasanz - Balentin Beato - Rufino González";446939.187746517;4476558.753281381;-3.6256278050065;40.4379826013262
"URB";2;4216;"14020";"RONDA TOLEDO O-E(SORIA-GTA. EMBAJADORES)";440175.882187987;4472993.040772504;-3.7050315380046;40.40540198322201
"M30";13;6756;"PM21081";"PM21081";442723.212091788;4471643.018305751;-3.6748916324621;40.39341937949818
"URB";11;5294;"85020";"SAN DELFIN N-S (AVDA. DEL MANZANARES-ANTONIO LOPEZ)";439904.820946404;4471770.509686418;-3.7081103808151;40.39436930393158
"URB";12;4997;"39051";"EVANGELIOS O-E(PORTA COELI-SANTUARIO)";440528.116293834;4470520.014923223;-3.70064977007127;40.38314893575572
"URB";13;5847;"41038";"Av. Pablo Neruda - Luis Buñuel-Av. Albufera";445309.726577804;4471054.974459736;-3.64436614303602;40.38829576806044
"URB";15;6045;"46040";"Arturo Soria - Estrecho de Mesina-Lorenzo Solano Tendero";444623.080117313;4478128.928468926;-3.65307174002198;40.45197655277823
"M30";5;11372;"PM23161";"PM23161";442289.281478492;4481643.598437804;-3.68091260915307;40.4834794682644
"URB";5;3919;"04013";"Ramon y  Cajal O-E - La Pedriza-Padre Claret";443487.015542911;4478170.467771743;-3.66647243580769;40.45227429407131
"URB";3;3947;"05021";"Alfonso XII S-N - Montalban-Pl. Independencia";441564.016922251;4474370.293204118;-3.68879989746009;40.41790756136279
"URB";2;10037;"14043";"Po YESERIAS O-E(YESERIAS-NAVES)";439936.249720606;4472168.38977204;-3.70777760954667;40.39795587202104
"URB";9;10514;"28001";"CTRA. HUMERA A ARAVACA S-N (GOLONDRINA-PINILLA)";433813.282180081;4478653.187362304;-3.78059831915951;40.4559087474135
"URB";13;5848;"41039";"Av. Rafael Alberti - Av. Rafael Alberti-Av. Albufera";445700.778279067;4471070.044514894;-3.63976029161246;40.38845710964612
"URB";15;10701;"44054";"Alcalá - Av. Daroca-Fernández Lanseros";444131.985262717;4475870.18974885;-3.65866432764419;40.43159580453605
"URB";15;10116;"46044";"Arturo Soria - Julian Hernandez - Bueso Pineda";444509.607879136;4478307.312154444;-3.6544254492612;40.45357595578532
"URB";21;11222;"72001";"Av. Manuel Fraga Iribarne - Fernando Higueras-Gta. Antonio Valdés González Roldán";448445.26557761;4481944.139421699;-3.60830843626505;40.48659197573827
"URB";4;10812;"05028";"Goya E-O(Giro a Serrano) - Claudio Coello -Serrano";441746.7254717;4475191.91272664;-3.68672167479408;40.42532192737259
"URB";4;3435;"06021";"Maria Molina, 40 O-E - Velazquez-Nuñez de Balboa";442090.144017708;4476551.25456124;-3.68279738823662;40.43759151702011
"URB";20;10547;"71060";"AV. 25 DE SEPTIEMBRE - Alcalá - Puertollano";447101.892222636;4477048.12629154;-3.62375024721858;40.44240152311568
"URB";6;5485;"60039";"General Perón O-E - Orense -Poeta Joan Maragall";441173.080160084;4478180.765583468;-3.69376037551853;40.45220651414072
"URB";6;5491;"60045";"General Perón O-E(Giro) - Orense-Poeta Joan Maragall";441176.112915483;4478188.3148995;-3.69372531136008;40.45227473629967
"URB";6;5718;"63031";"Raimundo Fdez.Villaverde E-O - Cicerón-Gta.Cuatro Caminos";440578.413841373;4477584.927346029;-3.70071717388718;40.44679664963019
"URB";9;5767;"97010";"Av.Memoria S-N - Reyes Católicos - Av.Complutense";438486.604276908;4476751.361088172;-3.72530185999139;40.43913541527547
"URB";15;11059;"44080";"Federico Gutiérrez - Alcalá-Germán Pérez Carrasco";445288.473837885;4476221.394287968;-3.64506079377081;40.43483652291177
"URB";9;6633;"36403";"(TACTICO) GINES NAVARRO Ø1 N-S  (J. LOMBANA IGLESIAS-AV. VICTORIA)";429703.251569055;4480527.836011658;-3.82927452401051;40.47245835304881
"M30";16;6932;"PM33221";"PM33221";442998.188554914;4481702.029109462;-3.67255421718259;40.48405480879362
"M30";10;7012;"PM41853";;435208.57451432;4472346.970422376;-3.76350111646277;40.39921019425734
"URB";9;9842;"03003";"Nueva Zelanda S-N - Isla Cristina-Gta.Isaac Rabín";438305.950926946;4480365.974499607;-3.72778303343639;40.47168378480568
"URB";4;4014;"06043";"Hermosilla a 50 mts G.2 O-E - Lagasca - Velazquez";441907.22160408;4475307.464481925;-3.684840344358;40.42637409675382
"URB";11;10964;"85050";"ANTONIO LEYVA N-S(M.VADILLO - JACINTO VERDAGUER)";439281.161911343;4472063.439118009;-3.71548643951761;40.39696292051982
"URB";4;3979;"06039";"Jose Ortega y Gasset, 13 E-O - Claudio Coello-Serrano";441812.99749448;4475757.764275617;-3.68599226784769;40.43042403174475
"URB";4;9892;"06044";"Velazquez S-N - Diego de León-Gral.Oraá";442047.374695265;4476303.469364142;-3.68327903665935;40.43535636981894
"URB";6;5633;"62018";"San Germán E-O - Infanta Mercedes-Bravo Murillo";440633.487755977;4478738.785336277;-3.70017565261691;40.45719502523283
"URB";1;10530;"15017";"SEVILLA N-S (SALIDA PARKING A 5 MTS G.3)";440583.370462124;4474260.821359845;-3.70034799014433;40.41685194846161
"URB";10;5154;"80008";"(AFOROS)AV. LAS AGUILAS ENTRE AV.DE LOS POBLADOS Y GUAREÑA SENTIDO N-S";435231.810617434;4470792.722404854;-3.76306926303889;40.3852107300111
"URB";16;11225;"72018";"Av. Manuel Fraga Iribarne - Gta. Javier Bellosillo-Av. Manuel Fraga Iribarne 43";448422.418187141;4482401.415166399;-3.60861521709243;40.49070993907226
"URB";21;11416;"72042";"JA Samaranch 36 - Maria Reiche-Estanislao Perez Pita";448176.878063566;4482225.65868662;-3.61149806121844;40.48911133915596
"URB";;4520;"31035";"DR.FEDERICO RUBIO Y GALI N-S(PABLO IGLESIAS-NUMANCIA)";439595.171809621;4478237.677096619;-3.71237310518447;40.45260602247582
"URB";15;10127;"46059";"Arturo Soria - Marques de Pico Velasco - Natalia Silva";445354.709897735;4477279.538685769;-3.64437091124018;40.44437321957691
"URB";15;10440;"46063";"Torrelaguna - Cidamón - Sorzano";444164.272959524;4477954.290509346;-3.65846685609508;40.45037263235017
"URB";5;3957;"06048";"Joaquin Costa 70 O-E - Velazquez - Gta. Lopez de Hoyos";442184.201507489;4476979.285699245;-3.68172740915015;40.44145397035296
"URB";9;4857;"36406";"(TACTICO)COVATILLAS ANTES GR-8N-S (GIRO GLORIETA PARTIDA)";434239.004738595;4478272.671206994;-3.77553842272881;40.45251475156042
"URB";1;4257;"15019";"BARQUILLO N-S(GRAVINA-AUGUSTO FIGUEROA)";440989.015024543;4474879.250772396;-3.69562434571046;40.42245192116522
"URB";6;5637;"62022";"Poeta Joan Maragall S-N - Sor Angela de la Cruz-Francisco Gervás";441337.157722982;4479013.417450857;-3.6919024444157;40.45971899876051
"URB";10;5160;"80405";"(TACTICO)JOSE CADALSO S-N(VALLE INCLAN-AV. LAS AGUILAS)";434473.153007527;4470500.387175406;-3.77197659092516;40.38251793942889
"URB";9;4476;"23032";"BEATRIZ DE BOBADILLA E-O(JUSTO DORADO-JUAN XXIII)";439280.269475234;4477787.023476574;-3.71604348135276;40.44852341216443
"URB";9;4861;"28402";"(TACTICO) ANA TERESA Nº 2 O-E (ARJONA - P. ERMITA)";433846.125034039;4479185.543985598;-3.78026648931178;40.46070696393951
"URB";21;11214;"72402";"Acceso Gta.Jose  Antonio Corrales (Carril BUS) - Gta. Antoñete-Jose Antonio Corrales";448453.734657162;4481722.032301283;-3.60819045150924;40.48459164165519
"other";2;6856;"15RA15PM01";"15RA15PM01";439691.952745526;4472177.04587423;-3.71065696007277;40.39801619466586
"M30";12;3839;"PM31263";"PM31263";441288.885340061;4470234.184909604;-3.69166128965708;40.38062797643011
"M30";10;6952;"PM41891";"PM41891";432748.289442669;4470026.637935633;-3.79224552062471;40.37811281073927
"URB";19;6984;"54601";"Bulevar José Prat - Av.Democracia-Cordel Pavones";447492.947824012;4472004.327291179;-3.61872294055857;40.3969886374482
"URB";8;11243;"03005";"Islas Aleutianas N-S - Manuel Garrido -Isaac Rabín";438226.45123268;4480578.319578245;-3.72874147113054;40.47359075170927
"URB";10;5307;"86004";"GRAL. MILLAN ASTRAY N-S(SOLEDAD CAZORLA-AV. AVIACION)";435016.846866336;4469533.935327934;-3.76547329559726;40.37385432808436
"URB";10;10971;"37007";"ILLESCAS E-O(LOS YEBENES-CAMARENA)";435947.038470979;4471482.144422272;-3.75471279624086;40.39147662264288
"URB";9;5769;"97012";"Av.Juán Herrera O-E  - Paul Guinard -Gta.Cardenal Cisneros";438257.783669658;4476784.166476519;-3.72800285578134;40.43941398103226
"URB";20;6389;"64002";"Av. Canillejas a Vicálvaro - Canal de Bósforo-Néctar";447833.882766094;4476818.563035081;-3.61510057525574;40.44037972823308
"URB";4;3992;"07001";"Francisco Silvela N-S - Maria Molina-Diego de Leon";442654.237370317;4476381.023796947;-3.67613141518301;40.43609708422019
"URB";20;9956;"74016";"Pirra - Euterpe-Ctra. Acceso Est. O`Donnel";449743.61212202;4477443.006696227;-3.59263316127448;40.44612272357271
"URB";9;4477;"23033";"JUAN XXIII S-N(AV.MONCLOA-BEATRIZ DE BOBADILLA)";439197.046624731;4477737.365299165;-3.71702006798012;40.44806998869125
"URB";6;5638;"62023";"Poeta Joan Maragall S-N - Francisco Gervas-Rosario Pino";441346.649432893;4479170.996959897;-3.69180506380629;40.46113921210002
"URB";10;5185;"81005";"VIA CARPETANA ENTRE CARAMUEL Y Pº ERMITA DEL SANTO  N-S";437848.9003464;4472450.410315972;-3.7324001191267;40.40034327236131
"URB";4;3994;"07003";"Conde Peñalver, 14 S-N - Hermosilla-Ayala";442692.65758456;4475289.851475028;-3.67558007519407;40.42626990456503
"URB";9;3570;"36405";"(TACTICO)COVATILLAS ANTES GR-7 S-N (HINOJO-ARROYO POZUELO)";434248.297873298;4478234.486519963;-3.77542488149566;40.45217150879613
"other";2;1032;"15RC05PM01";"15RC05PM01";439705.900330434;4472174.979443729;-3.71049242104695;40.39799858919886
"URB";16;11232;"72027";"Av. Manuel Fraga Iribarne - Félix Candela-Gta. José Paz Maroto";448419.471364865;4482962.883037402;-3.6086956925303;40.49576775229568
"M30";9;6796;"PM42051";"PM42051";437286.779149251;4476307.487248978;-3.73940403371324;40.43504721660685
"URB";4;3995;"07004";"(AFOROS)Francisco Silvela, 46 S-N - (Ferrer del Rio-Jose Picon";442867.885741949;4476128.241911062;-3.67358984850098;40.43383460306401
"URB";1;4260;"15023";"CUESTA DE LA VEGA O-E (RONDA SEGOVIA-BAILEN)";439363.639517956;4474078.836859672;-3.71470664700082;40.41512457325243
"M30";15;7128;"PM33222";"PM33222";442998.330106905;4481694.555877113;-3.67255187518336;40.48398749645845
"URB";5;3958;"06012";"Principe Vergara, 103 N-S - Francisco Silvela-Maria Molina";442404.524441825;4476637.45520738;-3.67909868603399;40.43838988688981
"URB";12;4779;"85031";"ANTONIO LOPEZN-S(SAN ZACARIAS-SAN ARMENGOL)";440493.873952591;4471231.464772679;-3.70111961212201;40.38955560384399
"URB";9;3439;"97029";"Av.Pablo Iglesias N-S  - Juán Montalvo - Reina Victoria";439884.006875793;4477705.639312146;-3.70891666380343;40.44783414924199
"URB";1;4263;"15028";"Cra.San Francisco E-O(Isidro Labrador-Gran Via S.Francisco)";439537.962135855;4473619.536170009;-3.71260844805222;40.41099966381369
"URB";9;4859;"28403";"(TACTICO) Pº ERMITA Nº 10 S-N (G. PARRA - ARAQUIL)";433855.02210665;4479155.58109448;-3.78015843746783;40.46043775909707
"URB";10;10804;"81003";"VIA CARPETANA O-E(CARAMUEL-PSO. ERMITA SANTO)";438435.126166261;4473007.118365412;-3.72554629715241;40.40540189718071
"URB";16;11234;"72026";"Av. Secundino Zuazo - Julio Cano Lasso-Gta. José Paz Maroto";448531.719158109;4482872.69239035;-3.60736381384567;40.49496223668592
"URB";16;11126;"79043";"Francisco Pi y Margall - Vicente Blasco Ibáñez - Ana de Austria";444107.008353062;4482441.361918881;-3.65953747667911;40.49079043318299
"URB";7;5778;"97030";"Gral. Ibáñez Íbero S-N  - Francisco Sales - Reina Victoria";439754.441849547;4477510.06717247;-3.71042589430013;40.44606297553643
"URB";11;10609;"48005";"INMACULADA CONCEPCIÓN N-S, FRENTE(BALEARES-MANUEL NOYA)";439568.615657873;4471290.35666984;-3.71202608745781;40.39001952237719
"URB";16;11163;"79407";"Acceso Plz Moreno Torres (Parada BUS) - Octavio Paz-Plz Moreno Torres";444285.593265535;4482276.846461725;-3.65741584316947;40.48932041103364
"URB";18;3772;"82414";"Sierra Torcal - Monte Montjuich-Real Arganda";447601.317690841;4470073.744573624;-3.61728721277521;40.37960347544638
"URB";18;5210;"82415";"Real de Arganda - Sierra Gor-Torcal";447586.732409831;4470058.533834262;-3.61745777545299;40.37946552941106
"M30";12;3703;"PM41302";"PM41302";441029.238995126;4469388.126976898;-3.69464162703605;40.37298788577748
"M30";8;6802;"PM43011";"PM43011";440945.730768638;4482067.760610002;-3.69680320256999;40.48720600673001
"URB";4;3959;"06014";"Velazquez S-N - General Oraa-Maria Molina";442050.654898635;4476404.363644849;-3.68324956522502;40.43626550254054
"URB";9;4868;"28405";"(TACTICO) BATALLA GARELLANO Nº 27 S-N (SIRRACH - AV. OSA MAYOR)";432749.895389022;4478580.034199231;-3.79313089694384;40.4551644000245
"URB";4;3720;"06016";"(AFOROS) Velazquez, 24 S-N - Jorge Juan -Goya";441963.184474687;4475053.65140343;-3.68415748969854;40.42409152873049
"URB";12;4781;"48008";"(AFOROS)R. YBARRA N-S(M. USERA-D. BARRANCO)";439624.713625062;4470559.285992901;-3.71129588125141;40.38343773755832
"URB";4;3607;"07005";"(AFOROS) Francisco Silvela N-S - Maldonado-Juan Bravo";442892.710179824;4476071.904545952;-3.67329212439481;40.43332879262206
"URB";4;3996;"07007";"Juan Bravo 64 O-E - Alcantara -Francisco Silvela";442885.401249202;4475957.489334036;-3.67336800898584;40.43229758090985
"URB";10;4755;"24400";"(TACTICO) DUQUESA PARCENT Ø83 N-S(CUART POBLET-DUQUESA PARCENT)";436561.174898876;4471932.703854046;-3.74752211950993;40.39558245045774
"URB";1;4264;"15029";"Gran Via San Francisco N-S(Cra.SFrancisco-S.Bernabe)";439431.979512486;4473507.747643074;-3.71384683130384;40.40998491624833
"URB";6;11082;"60050";"Infanta Mercedes S-N - Juan de Olías-Salamanca";440711.435631579;4478316.838497605;-3.69921698620836;40.45339951570671
"URB";6;5496;"60052";"Dulcinea S-N - Aquilino Domínguez-Avila";440686.679044939;4478150.371794333;-3.69949338075029;40.45189814685733
"URB";16;11233;"72028";"Av. Manuel Fraga Iribarne - Félix Candela-Gta. José Paz Maroto";448427.801049166;4482962.804455476;-3.60859739378326;40.49576756205267
"URB";6;5639;"62024";"Poeta Joan Maragall S-N - Jose Castán Tobeñas-Bravo Murillo";441377.287839362;4479542.129454481;-3.69147799780655;40.46448469264024
"URB";11;5194;"81014";"IVAN VARGAS E-O (TÚNEL)";438558.327341004;4472712.184504766;-3.72406600238688;40.40275410115279
"URB";7;3499;"97033";"Juan XXIII S-N  - Poeta Angela Figuera -Av.Moncloa";439040.411531949;4477515.326288775;-3.71884574127203;40.44605830251783
"URB";12;4780;"48011";"(AFOROS)PTE. DE ANDALUCIA ENTRADA GTA. CADIZ  E-O";440696.073221083;4471139.710190116;-3.69872886326832;40.38874344992396
"URB";5;5503;"60060";"Pºde la Habana S-N - Hnos.Pinzón-Pl.Quito";441575.880285268;4477823.385596008;-3.68897750043603;40.44901548609288
"URB";16;11239;"72029";"César Cort Botí - Av. Juan Antonio Samaranch-Av. Secundino Zuazo";448089.904098945;4482855.048505296;-3.61257583138034;40.49477577480715
"URB";5;5504;"60061";"Padre Damián N-S - Rafael Salgado-Concha Espina";441780.965823556;4478261.871251312;-3.68659935758521;40.45297995095035
"URB";11;10283;"81020";"PSO. ERMITA DEL SANTO, 68 N-S(CARRIL DERECHO)(VIA CARPETANA-SAN AMBROSIO)";438495.18355478;4472954.3383955;-3.72483346995639;40.40493087045927
"M30";10;6944;"PM41882";"PM41882";433512.914668425;4470752.761684339;-3.78331456976364;40.38471535171104
"URB";5;3497;"06019";"Lopez Hoyos, 28 S-N - Lagasca-Velazquez";442028.812724836;4476682.590479384;-3.68353246040986;40.43877038041727
"URB";6;5680;"60068";"Juán Gris O-E - Poeta Joan Maragall-PºCastellana";441386.572834921;4478780.249019865;-3.69129812422636;40.45762200442056
"URB";13;9835;"83402";"Bruno Abundez - Bruno Abundez-Ctra. Vicalvaro a Vallecas";446677.177611001;4470490.959245482;-3.62820842328872;40.38330339972885
"URB";9;4879;"36011";"ANA TERESA E-O (ANTARES - CNO. BARRIAL)";433041.738178079;4479282.567315847;-3.78976339352709;40.46151654319829
"URB";4;3964;"06024";"Velazquez, 90 S-N - Padilla-Juan Bravo";442017.073322946;4475892.722664255;-3.68359880154853;40.43165405299823
"URB";9;4880;"36012";"CNO. BARRIAL Ø52 S-N (ARAMUNT-ARANZUEQUE)";433028.427611624;4479168.934448754;-3.78990838514615;40.46049184005153
"URB";4;3579;"07008";"Conde Peñalver N-S - Maldonado-Juan Bravo";442743.08054715;4476068.251656873;-3.67505580528573;40.43328559850037
"URB";6;5640;"62025";"Pedro Teixeira E-O - PºCastellana-Poeta Joan Maragall";441371.986061508;4478484.873032266;-3.6914428728195;40.45496010069292
"URB";1;4305;"16033";"(AFOROS) HORTALEZA, 11 S-N(GRAN VIA-INFANTAS)";440525.652188661;4474638.30805699;-3.70106356951624;40.4202484045815
"URB";7;4384;"18006";"Alberto Aguilera, 44 E-O(Blasco de Gara-Guzmán el Bueno)";439572.585465493;4475762.535591573;-3.71240402739184;40.43030727773063
"M30";9;6799;"PM42352";"PM42352";436828.743992199;4478498.250690439;-3.74502182341257;40.45474770591481
"M30";8;3706;"PM43022";"PM43022";440677.266644124;4482808.124451927;-3.70003998990118;40.49385633229151
"URB";11;5052;"49020";"GRAL. RICARDOS O-E(NTRA. SRA. LUZ-BLASON)";437046.763465427;4470539.345023338;-3.74166300376652;40.38306730946594
"URB";7;7067;"18014";"Alberto Aguilera E-O(San Bernardo-Vallehermoso)";440019.085505526;4475698.279013032;-3.70713437042727;40.42976074176274
"URB";11;5239;"84004";"AV. PESETA O-E(MORALES-AV. CARABANCHEL ALTO)";435867.612293882;4468231.164274123;-3.75532145097161;40.36218428497263
"URB";5;3966;"06026";"Lopez Hoyos, 27 N-S - Gta. Lopez Hoyos-Velazquez";442219.227488696;4476833.46721075;-3.68130117076878;40.44014280263914
"URB";5;3970;"06030";"Francisco Silvela N-S - Principe Vergara-Maria Molina";442470.630940154;4476603.792678731;-3.678316239329;40.4380912143524
"URB";16;11242;"72032";"Luis Moya Blanco - Félix Candela-Av. Secundino Zuazo";447779.62069893;4483046.792685335;-3.61625299834912;40.49648363831322
"URB";4;3971;"06031";"Diego de Leon E-O - Claudio Coello-Serrano";441850.831647978;4476273.340944991;-3.68559342491354;40.43507124000409
"URB";4;3613;"07011";"Conde Peñalver S-N - D. Ramon de la Cruz-Jose Ortega y Gasset";442713.986869635;4475570.10774256;-3.67535390041617;40.42879606441271
"URB";5;4610;"33027";"VIEJAS O-E(Po CASTELLANA-MAURICIO LEGENDRE)";441969.273053915;4481306.767548833;-3.68465721383302;40.4804228541445
"URB";7;7082;"60401";"(TACTICO)Salida Edificio Nuevos Ministerios(Delante G.4) - (TACTICO)Salida Edificio Nuevos Ministerios(Delante G.4)";441318.63379944;4477210.052849544;-3.69195425300521;40.4434721905155
"URB";1;4389;"18012";"Alberto Aguilera O-E(Mártires Alcalá-Baltasa Gracián)";439742.988612097;4475726.805945893;-3.71039183324114;40.42999777080045
"URB";4;3997;"07009";"Conde Peñalver, 64 S-N - Padilla-Juan Bravo";442732.946040419;4475841.42196774;-3.67515484523021;40.43124150526945
"URB";9;3500;"97034";"Juan XXIII - N-S  - Ramiro Maetzu - Av. Moncloa";439159.976851423;4477672.75585409;-3.71745099220658;40.44748524907818
"URB";9;4866;"36022";"PLEYADES Nº 19 S-N (ANA TERESA - ARDALES)";433533.217382457;4479260.036147595;-3.78396462182283;40.4613530366896
"URB";16;11238;"72030";"César Cort Boti - Félix Candela-Secundino Zuazo";448102.287344728;4483024.016216222;-3.61244354879282;40.49629869711403
"URB";12;10056;"48700";"(AFOROS)MARCELO USERA O-E(ALMENDRALES-GTA.CADIZ)";440578.021176022;4471027.258539124;-3.70010918400878;40.38772201422766
"URB";9;4877;"36027";"CTRA. HUMERA ARAVACA S-N (RIO NELA-ROSA LUXEMBURGO)";433941.681349546;4478136.412940614;-3.77903036114659;40.45126372471356
"URB";5;3915;"04009";"Principe Vergara N-S - Concha Espina-Pl. Cataluña";442533.724640823;4478023.750629291;-3.67770082714543;40.45088723585656
"URB";5;3977;"06037";"Francisco Silvela E-O - Principe Vergara-Lopez Hoyos";442368.069934941;4476766.012964229;-3.67954014721788;40.43954547157242
"URB";8;4549;"32007";"AV. BETANZOS S-N(RIBADAVIA-CHANTADA)";439628.853441526;4480447.580670384;-3.71218614043173;40.47251612808162
"URB";5;4632;"34014";"LOPEZ DE HOYOS E-O(ALFONSO XIII-CLARA DEL REY)";443418.922587483;4477776.755547355;-3.66724034147537;40.44872291003213
"URB";5;5518;"61004";"Memorial 11 de Marzo 2004 O-E - Duque de Pastrana-Av.Pio XII";442700.398878015;4479874.310092152;-3.67590242125623;40.46756942881562
"URB";1;3620;"18019";"San Bernardo S-N(Travesia Pozas-Espiritu Santo)";440002.118919908;4475236.719450044;-3.70729082085701;40.4256015832603
"URB";8;4552;"32010";"AV. BETANZOS N-S(MELCHOR FERNANDEZ ALMAGRO-CHANTADA)";439681.754291975;4480608.190144335;-3.71157739882944;40.47396680063861
"M30";3;6673;"PM10942";"PM10942";443445.343038815;4472895.87310402;-3.66649461572781;40.40475515466562
"M30";16;6809;"PM43201";"PM43201";444065.316509731;4481585.748313583;-3.65995390537605;40.48307987793545
"URB";4;3972;"06032";"Diego de Leon O-E - Lagasca-Velazquez";441964.785729344;4476260.44738176;-3.68424879094363;40.43496304814046
"URB";11;5059;"49028";"PEDRO DIEZ N-S";438095.977941484;4471387.49796638;-3.72938540229962;40.39078648037768
"M30";12;6777;"PM31264";"PM31264";441281.426558726;4470236.55811348;-3.69174937234561;40.38064882999384
"URB";10;4895;"37008";"VALMOJADO Ø13 N-S(MAQUEDA-AV. POBLADOS)";435412.209303376;4470903.55649266;-3.76095530242821;40.38622317277153
"M30";16;6810;"PM43202";"PM43202";444067.760452618;4481594.384770122;-3.65992583390915;40.48315784365918
"URB";13;7057;"97053";"Méndez Álvaro  E-O (inferior M-30) - (Entrevías - Retama)";442614.761762901;4471506.058682956;-3.67615707580713;40.39217810546027
"URB";4;4004;"08003";"Diego de Leon, 38 O-E - Castello-Principe de Vergara";442280.139473907;4476237.553691592;-3.68052886647142;40.43477875620345
"URB";1;4402;"18024";"Serrano Jover N-S( Lateral Izquierdo)";439425.988580085;4475751.167715756;-3.71413110883068;40.43019420869755
"URB";9;4728;"93011";"Sinesio Delgado E-O(Gta.Piedrafita Cebreros-Antonio Machado)";439101.788687155;4479732.764300623;-3.7183347384717;40.46603832807727
"URB";11;5248;"84013";"THALER E-O(CALDERILLA-VIA LUSITANA)";437165.197182931;4468751.735801911;-3.74009160948755;40.36697263593632
"URB";10;5319;"86015";"AV. AVIACION E-O(NAVALMORAL DE LA MATA-MIRABEL)";433765.06241251;4469724.08857154;-3.7802372471314;40.37546876479139
"URB";16;11248;"72035";"Manuel Gutiérrez Mellad - Félix Candela-Av. Secundino Zuazo";447457.309935462;4483003.770465893;-3.62005281076415;40.49607572888611
"M30";5;10297;"PM10293";"PM10293";443586.546360244;4479048.610366328;-3.6653767533352;40.46019178686383
"URB";11;3685;"49029";"OPORTO S-N(VALLE ORO-GRAL. RICARDOS)(FRENTE-DECHA)";437958.792768779;4471109.154461918;-3.73097455345795;40.38826882772126
"URB";7;10217;"18025";"Alberto Aguilera, 44 E-O(Blasco de Gara-Guzmán el Bueno)";439584.018918083;4475757.076207669;-3.71226872463773;40.43025892772914
"URB";5;3978;"06038";"Lopez de Hoyos E-O - Principe Vergara- Gta.Lopez Hoyos";442401.757299767;4476946.882216222;-3.67915936205743;40.44117716285916
"URB";5;5523;"61009";"Mateo Inurria E-O - Hiedra-Rodríguez Jaén";442080.62942988;4479852.626540176;-3.68321071189569;40.46733111466508
"URB";10;4897;"37010";"VALMOJADO Ø50 N-S(ILLESCAS-MAQUEDA)";435549.137937529;4471021.858607507;-3.75935415076575;40.38729949043536
"URB";1;10258;"18026";"San Bernardo S-N(Palma -Daoiz)";440056.598730343;4475359.598735194;-3.70666021201341;40.42671246233426
"URB";11;5249;"84014";"VIA LUSITANA S-N(AV. PESETA-THALER)";437012.474299487;4468697.693387141;-3.74188495543851;40.36647427153653
"URB";16;11256;"72037";"María de las Mercedes de Borbón - Av.Juan Antonio Samaranch-Av. Secundino Zuazo";447147.909142067;4482843.524753318;-3.62369045696237;40.49461250986455
"URB";3;3900;"02056";"Cavanilles E-O - Narciso Serra-Pl. Mariano Cavia";442499.923619291;4473130.674225518;-3.67765683057019;40.40680561264598
"URB";8;4557;"32017";"AV. BETANZOS S-N(MELCHOR FERNANDEZ ALMAGRO-LA BANEZA)";439700.055602252;4480808.220780555;-3.71138053098499;40.47577007863286
"M30";2;6679;"PM11071";"PM11071";442729.251938659;4471670.085901501;-3.6748229039376;40.39366363494409
"URB";13;5797;"40017";"Payaso Fofó - Av. Albufera-Arroyo del Olivar";444009.08387348;4471469.333730171;-3.65972591553562;40.39194216006105
"URB";9;4874;"36028";"ARROYO POZUELO Ø98 E-O (GTA. RIO ZANCARA-HUMERA)";433792.080218606;4478274.202903348;-3.78080882966957;40.45249306989678
"URB";5;10607;"06047";"Velázquez N-S - Oquendo -López de Hoyos";442081.125502992;4476840.809954898;-3.68293011037309;40.44019934185614
"URB";13;5795;"40014";"Av. San Diego - Vizconde de Arlessón-Candilejas";443613.50202042;4470458.092207038;-3.66429714339006;40.38280561346861
"URB";5;5527;"61013";"Gral.López Pozas S-N - Fco.Suárez-Donoso Montesinos";441876.356705246;4479664.897003843;-3.6856029307701;40.46562569966887
"URB";13;4141;"97057";"Av.Entrevías E-O - Timoteo Pérez Rubio - M-30";442807.603569045;4471402.025610239;-3.67387567217266;40.39125418004613
"URB";4;4006;"08005";"(AFOROS)Jose Ortega y Gasset 45 O-E - Ppe. Vergara-Gral. Diaz Polier";442510.290737645;4475703.972028076;-3.67776725372973;40.4299879286291
"URB";11;5245;"49032";"BLASON S-N";437149.461657768;4470532.331283114;-3.74045250256078;40.38301187956012
"M30";9;6798;"PM42351";"PM42351";436845.545605739;4478509.775124888;-3.74482483277502;40.45485279870447
"URB";3;3905;"02062";"Dr. Esquerdo N-S - Sta. Sabina-Cavanilles";443026.96322719;4472936.097891967;-3.67142848775827;40.40508899703745
"URB";11;5098;"50405";"(TACTICO) ALEJANDRO SANCHEZ O-E";439191.133901093;4471194.851484424;-3.71646427805201;40.38913169461177
"URB";9;10105;"36302";"(MICRO) ANA TERESA Nº 27 E-O (ARDALES - PLEYADES)";433543.535837658;4479211.598043145;-3.78383785627357;40.46091752004104
"URB";1;10259;"18027";"San Bernardo N-S (Daoiz -Palma)";440065.804047692;4475390.139248926;-3.70655457936203;40.42698824824516
"URB";4;4041;"09027";"Narvaez N-S - Jorge Juan-Duque de Sesto";442664.672152132;4474946.197167913;-3.67587897720317;40.42317216255646
"URB";10;4902;"37015";"VALMOJADO FRENTE Ø8 S-N(VALMOJADO,49-SESEÑA)";435728.443626975;4472052.000905411;-3.75734572067291;40.3965932791799
"URB";4;4047;"09033";"Jorge Juan O-E - Fernan Gomez-Maiquez";442926.755995999;4474952.596700457;-3.67279026340944;40.42324783176418
"URB";16;11420;"72045";"JA Samaranch - Jose Antonio Corrales-Tunel Perpiñá";447799.768920839;4481735.860436275;-3.61590726149976;40.48467535295965
"URB";9;4487;"97069";"Pte Castilla O-E - Entrada Pte Franceses por Cra Castilla";437444.359991014;4476229.703924054;-3.7375386072827;40.43435838253484
"URB";10;4899;"37012";"ILLESCAS Ø36 O-E(TEMBLEQUE-VALMOJADO)";435542.675503212;4471607.841952981;-3.75948958431204;40.39257776338416
"URB";11;5252;"84018";"AGUACATE O-E(SECOYA-AV. EURO)";436939.969767674;4468953.978804103;-3.74276421134302;40.36877753009868
"other";2;6857;"15RE04PM01";"15RE04PM01";439682.137761499;4472172.913297024;-3.71077221777094;40.39797825555465
"URB";7;4409;"19007";"Bravo Murillo, 25 N-S(Donoso Cortés-Fdez.de los Rios)";440265.583534095;4476374.809389119;-3.70429211778783;40.43587296595837
"URB";6;4563;"32026";"(AFOROS) SINESIO DELGADO O-E(RIBADAVIA-AV. ASTURIAS)";440400.419123249;4480471.453316411;-3.70308703463022;40.47278690439586
"URB";4;4005;"08004";"(AFOROS)Jose Ortega y Gasset 45 E-O - Gral. Diaz Polier-Ppe.Vergara";442507.002656681;4475710.097347907;-3.67780656955707;40.43004288131892
"URB";5;5528;"61014";"Manuel Ferrero N-S - Rafael Herrera-Mateo Inurria";441971.704521746;4479889.688989532;-3.68449888125923;40.46765738772962
"URB";6;5641;"62026";"Pedro Teixeira O-E - Orense-Av.del Brasil";441164.151604732;4478498.049683325;-3.69389506683046;40.45506411456724
"URB";8;3825;"32025";"RIBADAVIA E-O(SINESIO DELGADO-CHANTADA)";440203.089714719;4480469.787507764;-3.70541457493089;40.47275771515641
"URB";11;5264;"84029";"JACOBEO E-O (CUEVAS ALTAMIRA-PINAR SAN JOSE)";435480.731272481;4468473.530842249;-3.75990209481094;40.36433778395001
"URB";10;11075;"37018";"MAQUEDA N-S (ESCALONA-TEMBLEQUE)";435175.90722179;4471590.36379778;-3.76380900988814;40.39239184997736
"URB";5;11339;"91401";"(TACTICO)(CARRIL-BUS)AV.BURGOS S-N";442727.24440408;4481357.113766025;-3.6757196699823;40.48092901992337
"URB";3;3907;"02065";"Cavanilles O-E - Sanchez Barcaiztegui-Dr. Esquerdo";442884.390611349;4472886.830775807;-3.67310417817756;40.40463540327926
"URB";4;4012;"08012";"Diego de Leon, 23 O-E - Nuñez Balboa-Velazquez";442137.268862262;4476253.14535307;-3.68221464644864;40.43490928590508
"URB";11;4960;"38401";"(TACTICO) ERICA N-S (CENTRO C.I.E.)";435691.441140019;4470458.265079974;-3.75762079867858;40.38223340423924
"URB";4;4008;"08008";"Principe Vergara, 71 N-S - Diego de Leon-Maldonado";442373.423389673;4476216.218547147;-3.679427168985;40.43459302748123
"URB";13;5806;"40026";"Carlos Martínez de la Riva - Javier de Miguel-Carlos Martín Álvarez";443593.922895112;4471127.055666352;-3.66458702280813;40.38883070795831
"other";11;1033;"15RH53PM01";"15RH53PM01";439362.304121444;4472280.290710317;-3.71455101559752;40.39892233569177
"URB";5;5529;"61015";"Dolores Sánchez E-O - Pl.Duque de Pastrana-Platerias";442442.020276213;4479901.026992197;-3.67895245979065;40.46779224469167
"M30";4;10172;"PM10533";"PM10533";444062.630356559;4476618.357848351;-3.65954780036676;40.4383310348328
"URB";7;4434;"19014";"Eloy Gonzalo O-E(Juan de Austria-Santa Engracia)";440620.690083734;4476228.939020453;-3.70009194041171;40.43458432991715
"URB";11;5122;"51023";"PSO. MARCELINO CAMACHO E-O(CASTROJERIZ-LAGUNA)";437085.034604172;4470887.483468757;-3.74124653928641;40.38620638684906
"URB";8;4564;"32027";"GINZO DE LIMIA N-S(MELCHOR FERNANDEZ ALMAGRO-FERROL)";440409.648007835;4480793.7103591;-3.70300844768272;40.47569058135954
"URB";10;10968;"37001";"ILLESCAS E-O(CAMARENA-VALMOJADO)";435734.462385906;4471574.537373833;-3.75722661907362;40.39229256187287
"URB";7;10499;"18029";"Andrés Mellado S-N(Meléndez Valdés - Fernando el Católico)";439403.037463265;4476156.411046837;-3.71444030380375;40.43384314183572
"URB";3;3433;"02064";"Dr. Esquerdo S-N - Valderribas-Garibay";442917.532723361;4472756.598705495;-3.67270194620806;40.40346447411854
"URB";2;7076;"97108";"Méndez Alvaro S-N - Garganta de los Montes-Comercio";441913.039250856;4472323.973303894;-3.68449936805916;40.39949768205775
"URB";2;7099;"97408";"(TACTICA)Sabal S-N - Mezquite - Mendez Alvaro";442120.44226598;4472022.143132037;-3.68202804713312;40.3967930740035
"URB";10;5159;"86038";"RAFAEL FINAT O-E(FUERTE NAVIDAD-VIDAUBA)";435007.528709563;4470567.854997527;-3.76568848852035;40.38316756954963
"URB";21;11216;"72403";"Acceso Gta. Antonio Valdes Glz-Roldan (Carril BUS) - Fernando Higuera-Maria Reche";448437.507489162;4482019.189859608;-3.60840607639357;40.48726758830316
"URB";2;4127;"97410";"(TACTICA)Méndez Álvaro S-N - (Comercio-Bustamante)";441822.563649598;4472421.8303845;-3.6855744069352;40.40037291466454
"URB";8;9900;"93036";"Valle de Mena E-O(Central)(Cno. Ganapanes-Buitrago de Lozoya)";439283.568441703;4480193.729694999;-3.71623479897292;40.47020417824083
"URB";5;5532;"61018";"(AFOROS)Av.Pio XII N-S - José Bardasano-Memorial 11 de Marzo 2004";442880.905385786;4479959.760396192;-3.67378101096392;40.46835163414624
"URB";3;11112;"02071";"Dr. Esquerdo N-S - Pl. Conde Casal-Sta. Sabina";443078.013202311;4473008.633358089;-3.67083338916558;40.40574592832564
"M30";2;6680;"PM11101";"PM11101";442474.841273373;4471426.424575847;-3.6777984247322;40.39145106532943
"URB";9;3675;"30009";"AV. VALLADOLID, 65 N-S(LOECHES-DEPENDENCIA TRAFICO)";438020.966926879;4475714.907851553;-3.73069066918166;40.42976406530028
"URB";10;10994;"37002";"CAMARENA N-S(VALMOJADO-OCAÑA)";435657.506619658;4470801.638782401;-3.75805522495499;40.38532403682466
"URB";11;10587;"84040";"(CARRIL BUS) AV. PESETA E-O(CORONA-AV. CARABANCHEL ALTO)";436110.588358043;4468239.026582627;-3.75246081371518;40.36227376502237
"URB";11;11440;"49500";"OPORTO S-N(VALLE ORO-GRAL. RICARDOS)";437941.697325678;4471114.649425773;-3.73117649315024;40.38831705554976
"URB";8;9898;"93034";"Valle de Mena O-E (Antonio Machado-Valderodrigo)";439083.973915828;4480253.450111184;-3.71859485333842;40.47072754801808
"URB";7;4403;"19001";"Fernández de los Rios, 12 O-E(Vallehermoso-Bravo Murillo)";440161.567315184;4476271.966550531;-3.70550873779779;40.43493903507994
"URB";4;4015;"08015";"Goya, 34 O-E - Castello-Principe de Vergara";442207.680320219;4475156.206250462;-3.68128480553524;40.42503241318082
"URB";4;4013;"08013";"Diego de Leon, 51 E-O - General Pardiñas-Ppe. Vergara";442495.394481021;4476226.177675908;-3.67799010576958;40.43469118636629
"URB";6;10165;"32037";"PSO. DIRECCION O-E (CAPITAN BLANCO ARGIBAY - ALBERDI)";440044.972284753;4480121.41104605;-3.70724679999843;40.46960800939218
"M30";12;7127;"PM31301";"PM31301";441009.926238414;4469376.78806024;-3.69486805508549;40.37288437189281
"URB";3;11118;"02076";"Dr. Esquerdo S-N - Av. Ciudad Barcelona-Andalucia";442770.382008885;4472553.242193728;-3.67441768184066;40.40162242559536
"URB";19;6218;"54031";"Av. Daroca - Casalarreina-Av. Daroca";447713.85168623;4473302.784141593;-3.61622669636406;40.40869988166875
"M30";9;6800;"PM42353";"PM42353";436858.260614274;4478411.590910614;-3.74466512305463;40.45396928891276
"URB";2;7083;"97409";"(TACTICA)Méndez Álvaro E-O(Giro a Estrella Naos) - Sabal - Estrella Naos";442096.666058835;4472094.811010012;-3.6823148054941;40.39744605291212
"URB";11;5065;"50004";"OPORTO O-E(PORTALEGRE-ABRANTES)";438619.828651794;4470780.393499886;-3.72315508953602;40.38535615903257
"URB";11;5064;"50003";"(AFOROS) OPORTO O-E(ELVAS-PORTALEGRE)";438465.37154052;4470811.130535156;-3.72497766845589;40.38562165931006
"URB";4;7029;"01012";"Pº Recoletos  N-S -  (PL. Colon-Bárbara Braganza)";441401.492637174;4475072.293272719;-3.69078016561876;40.42422009324791
"M30";8;6801;"PM43001";"PM43001";441127.280052023;4481916.531558875;-3.69464713901491;40.48585657278723
"URB";11;10655;"84051";"AV. PESETA E-O(MORALES-SALVADOR ALLENDE)";435784.698354877;4468259.391965321;-3.75630073413595;40.36243219140808
"URB";4;4010;"08010";"Principe Vergara, 51 N-S - Padilla-Jose Ortega y Gasset";442347.887512009;4475852.727301309;-3.67969524920354;40.43131674994375
"URB";7;4419;"20001";"(AFOROS) Cea Bermúdez, 30 O-E(Galileo-Vallehermoso)";439825.80656605;4476709.073224554;-3.70950853857601;40.43885245429624
"URB";8;9975;"93037";"CAMINO GANAPANES S-N";439429.489947497;4480218.259968189;-3.71451592107326;40.47043580909174
"URB";4;4011;"08011";"Principe Vergara S-N - D.Ramon de la Cruz-Jose Ortega y Gasset";442338.450737987;4475601.828054745;-3.67978373808445;40.42905587102962
"URB";10;4900;"37013";"VALMOJADO Ø22 N-S(VALMOJADO, 99-ILLESCAS)";435654.798046459;4471717.892580975;-3.7581796926354;40.39357781247525
"URB";8;4572;"32040";"(TACTICO) SALIDA APARCAMIENTO MEDICOS HOSPITAL CARLOS III";440888.36797551;4480695.771800936;-3.69735208944325;40.47484252369915
"URB";4;10098;"08019";"Principe Vergara N-S - Diego León -Gral Oraá";442386.739843083;4476258.745401728;-3.67927403153153;40.43497705276496
"URB";16;11235;"72406";"Av. Secundino Zuazo - César Cort Boti-Gta. José Paz Maroto";448388.147010537;4482867.47130414;-3.60905755542047;40.49490628640027
"URB";5;5537;"61024";"Pº de la Habana S-N - Macarena-Apolonio Morales";442330.052042602;4479324.564603206;-3.68022075470738;40.46259145237608
"URB";4;4017;"08018";"Jose Ortega y Gasset E-O - Nuñez de Balboa-Velazquez";442103.715078713;4475737.62119934;-3.68256326647983;40.43026285829828
"URB";5;5545;"61033";"Alberto Alcocer E-O - V.Andrés Belaunde-Pº Habana(Giro E-S)";442253.425128294;4478881.687913728;-3.68108421890819;40.45859649968379
"other";2;6850;"15NL71PM01";"15NL71PM01";439212.922843857;4472440.778566884;-3.71632650914417;40.40035719543946
"M30";4;10174;"PM10714";"PM10714";444044.372799974;4474995.029048956;-3.6596201541451;40.42370599794646
"URB";5;5551;"61039";"Av.Pio XII S-N - Alfonso XIII-Madre de Dios";442648.738146028;4479121.061370191;-3.67644369107859;40.4607802613977
"URB";5;3642;"61050";"Colombia E-O - Chile-Principe de Vergara";442684.610512802;4478713.618396661;-3.67598382258346;40.45711230368438
"URB";9;3512;"30021";"OBISPO TREJO O-E(SENDA DEL REY-MARTIN FIERRO)";437844.39110673;4476410.473978308;-3.73284023921596;40.43601682019066
"URB";13;5798;"40018";"Arroyo del Olivar - Sierra del Cadi-Payaso Fofó";443940.249537659;4471413.965602;-3.66053204733765;40.39143874130533
"URB";3;5824;"41014";"Vía Servicio M-30 - M-30-Av. Albufera";443251.195239525;4472316.350060628;-3.66873082838825;40.39952127587954
"URB";15;6967;"59035";"José del Hierro - Rosalia Trujillo-Doctor Vallejo";445285.524598655;4476769.469425754;-3.64514275655606;40.43977368996924
"URB";15;10834;"59036";"Condesa de Venadito - Agastia - Torrelaguna";444572.204094768;4477312.758711032;-3.65360046196707;40.444620683845
"URB";11;5085;"50019";"ANTONIO LEYVA N-S(S. LUCRECIA-PL. ELIPTICA)";439133.163384024;4470910.554897065;-3.71712008475742;40.38656637790387
"URB";10;11074;"37020";"MAQUEDA S-N (VALMOJADO-TEMBLEQUE)";435237.156696271;4471464.886206596;-3.7630746211713;40.39126626337539
"URB";1;3850;"01011";"(AFOROS) Genova O-E - General Castaños-Pl. Colon";441254.990156824;4475271.459456181;-3.69252547121172;40.42600394661592
"URB";8;5422;"43011";"Av.Betanzos S-N - Av.Monforte de Lemos-Av.Ilustración";439614.078998791;4481136.523228372;-3.7124260155744;40.47872129825236
"M30";11;6779;"PM31452";"PM31452";438847.856203077;4469073.6008804;-3.7203050010883;40.36999728663874
"URB";5;5562;"61051";"Serrano S-N - Rodríguez Marín-Pl.República Ecuador";442491.554837085;4478410.54370705;-3.6782331361902;40.45436873076491
"URB";5;5564;"61053";"Alfonso XIII E-O - Bonetero-Francisco de Goya";442389.130611816;4479073.206079906;-3.67950114887733;40.46033120077443
"URB";8;10334;"75031";"AV. MONASTERIO SILOS O-E (SOBRADO - ARLANZA) CARRILES IZQUIERDOS";441370.622693404;4484558.199732457;-3.69202058407181;40.50967091044832
"URB";11;5277;"85003";"ENTRADA A CRUCE DESDE TUNEL CALLE 30N-S (A 100 M LINEA PARADA)";439166.109309704;4472265.77727778;-3.71686140554405;40.39877728247102
"URB";6;9918;"32058";"SINESIO DELGADO O-E(FINISTERRE-HOSPITAL CARLOS III)";440776.096009534;4480683.953344703;-3.69867538798168;40.47472806003747
"URB";11;4934;"38013";"EUGENIA MONTIJO S-N(JERONIMO IBORRA-AV. POBLADOS)";436263.940969338;4469716.396124271;-3.750802520504;40.37559431363958
"URB";5;4609;"33026";"(TACTICO) SALIDA COCHER E-O(E.M.T.-MAURICIO LEGENDRE)";442099.171385573;4481284.85931598;-3.68312275227626;40.48023456368959
"URB";11;5067;"50006";"OPORTO E-O(ABRANTES-PL. ELIPTICA)";438816.671419387;4470764.115797632;-3.7208345827603;40.38522400032149
"URB";15;6037;"46030";"José del Hierro  - José del Hierro-Arturo Soria";445569.618362281;4476917.957363659;-3.64180590551504;40.44112999520077
"URB";15;10835;"59037";"Condesa de Venadito - Martinez Villergas - Torrelaguna";444425.723051242;4477242.756404189;-3.65532152403255;40.44398028832359
"URB";20;6413;"64030";"Toscana - Av. Guadalajara-Aquitania";448005.967174594;4474749.323847446;-3.61290234274402;40.42174953087167
"URB";11;4941;"38022";"AV.POBLADOS O-E(ILDEFONSO GLEZ. VALENCIA-CTRA. TOLEDO)";438746.702926246;4469474.351500974;-3.72153489017588;40.37360002453063
"URB";9;9841;"03001";"Valle de Mena S-E - Acc.Ramon Castroviejo-Gta.Isaac Rabín";438339.375874991;4480454.969705648;-3.72739741212418;40.47248796566646
"URB";11;10576;"50026";"(CARRIL BUS) OPORTO O-E (CNO. VIEJO LEGANES - FCO. ICAZA)";438285.192078578;4470854.145403141;-3.72710447970238;40.3859958302392
"URB";10;11072;"37021";"TEMBLEQUE O-E (PADRE PIQUER-MAQUEDA)";435134.335719974;4471486.217619036;-3.76428818992048;40.39145042445207
"URB";6;5645;"62029";"Sor Angela de la Cruz E-O - Pl.de Cuzco-Poeta Joan Maragall";441404.166776482;4478949.889483586;-3.69110629198596;40.45915143945712
"URB";8;6962;"76001";"MONASTERIO ESCORIAL, 14 E-O (MONASTERIO DE LAS HUELGAS- SANTUARIO DE VALVERDE)";439995.544719117;4483998.973922727;-3.70819689562097;40.50453489544979
"URB";16;11279;"72409";"Secundino Zuazo (CARRIL BUS) - Josefina Aldecoa - Luis Moya Blanco";447824.682462605;4482944.592878681;-3.61571283696763;40.49556580490479
"URB";20;11309;"64053";"Suecia 6 - Marsella - Rumania";448254.359880587;4474737.275613074;-3.60997348275136;40.42165647711486
"M30";2;6681;"PM11102";"PM11102";442387.132593656;4471344.897366231;-3.67882442134645;40.39071056081185
"M30";11;6822;"PM31453";"PM31453";439071.05515981;4470690.868701724;-3.71783076595901;40.38458279655271
"URB";7;4412;"19010";"Francisco de Rojas, 5 N-S - Luchana-Sagasta";440654.63363484;4475633.21541332;-3.69963614685441;40.42922020309914
"URB";5;5570;"61059";"Padre Damián S-N - Henri Dunant-Pl.Madre Molas";441903.225361029;4479218.634981644;-3.68524516546049;40.46160745738504
"URB";9;4491;"30022";"(TACTICO) ARQUITECTO LOPEZ OTERO N-S (GIRO IZQDA J.HERRERA)";437871.752788481;4476689.518048837;-3.73254494164209;40.43853260030597
"URB";11;5090;"50024";"(AFOROS)VIA LUSITANA E-O(VIANA-PL. ELIPTICA)";438953.355594049;4470666.584903377;-3.71921500617314;40.38435542054497
"URB";5;4618;"33035";"MAURICIO LEGENDRE N-S(JOSE VASCONCELOS-AGUSTIN DE FOXA)";441778.415291248;4480088.556834122;-3.68679700606803;40.46943534925474
"URB";5;5613;"61109";"Mateo Inurria O-E - Hiedra-Av.del Recuerdo";442140.505125689;4479854.189221665;-3.68250461466249;40.4673493643412
"URB";12;4789;"85033";"SAN ZACARIAS E-O ENTRADA CRUCE";440542.049639466;4471296.858888591;-3.70055813594938;40.39014814800913
"URB";6;5642;"62027";"San Germán E-O - PºCastellana-Poeta Joan Maragall";441376.832972908;4478624.259344897;-3.69139858478961;40.45621609501089
"URB";20;11316;"64057";"Av. Guadalajara 53 - República Checa-Bulgaria";447495.75943824;4474560.826076537;-3.61890074541882;40.42001938827035
"URB";20;11317;"64058";"Av. Guadalajara 53 - República Checa-Bulgaria";447498.367126933;4474555.81129059;-3.61886959465848;40.41997437649967
"URB";9;7059;"30026";"RIBERA DEL MANZANARES N-S (SANTA OLALLA - SAN POL DE MAR)";438270.804714602;4475173.241610848;-3.72769288343787;40.42490309250478
"URB";20;11315;"64059";"Av. Canillejas a Vicálvaro 149 - Rusia-Butrón";448127.167483768;4475043.486390963;-3.61149771518214;40.42440709651737
"URB";20;11318;"64060";"San Roman del Valle 20 - Arcos del Jalon-Guadalajara";447311.043112489;4474553.230946117;-3.62107736342252;40.4199392911456
"URB";12;4983;"39035";"EDUARDO BARREIROS S-N(ALERCE-CONIFERAS)";440727.033824037;4468540.9420345;-3.69812242431551;40.36533453656814
"M30";2;6682;"PM11108";"PM11108";442481.539997248;4471423.150271176;-3.67771920558807;40.39142203115245
"URB";4;4018;"09001";"Lateral M-30 N-S - Salida Puente Ventas-Pl. Toros";443937.383722988;4475953.702921133;-3.66096583329576;40.43233504183621
"URB";11;5196;"81016";"PSO. ERMITA DEL SANTO, 70 S-N(PTE. SAN ISIDRO-SAN AMBROSIO)";438508.236649651;4472842.896235141;-3.72466888441525;40.40392791358081
"URB";7;3851;"01014";"Pº Castellana N-S - Ayala-Pl. Colon";441474.792659173;4475414.144277226;-3.68994760550778;40.42730481173375
"URB";4;10101;"08022";"(MICRO)Principe Vergara S-N - Hermosilla -Ayala";442322.201323385;4475414.862270671;-3.67995832988206;40.42737046353641
"URB";7;4421;"20003";"Cea Bermúdez, 4 O-E(Boix y Morer-Bravo Murillo)";440083.461084657;4476694.767090729;-3.70646942765812;40.4387421828236
"URB";4;4036;"09022";"Alcala, 213 O-N - Rufino Blanco-Bocangel";443519.470548912;4475637.102416549;-3.66586449049662;40.42945466657903
"URB";5;5614;"61110";"Mateo Inurria E-O - Pº de la Habana-Av.del Recuerdo";442369.201296286;4479882.061135376;-3.6798096505369;40.46761634344151
"URB";5;5615;"61111";"Av.del Recuerdo N-S - Ntra.Sra. Angustias-Mateo Inurria";442234.790968032;4479934.577555847;-3.68139982233531;40.46808009880105
"URB";9;11427;"30024";"RIBERA DEL MANZANARES S-N (SAN POL DE MAR - SANTA OLALLA)";438266.479165504;4475181.857535895;-3.72774470768446;40.42498038735472
"URB";20;6553;"74006";"Samaniego - Arcaute-Campezo";450660.699966812;4477192.836339157;-3.58179978320034;40.44392396133694
"URB";11;11441;"51501";"PSO. MARCELINO CAMACHO ENTRADA CRUCE";437013.463678911;4471103.243172208;-3.74211103412406;40.38814463751589
"URB";9;7058;"30025";"SAN POL DE MAR O-E (M-30 - COMANDANTE FORTEA)";438274.983883272;4475024.427212113;-3.72762917507049;40.42356282108578
"URB";7;3693;"20004";"Bravo Murillo N-S(Av. Islas Filipinas-José Abascal)";440278.758789756;4476814.175423415;-3.70417808252717;40.43983191357913
"URB";10;5162;"98031";"VILLAVICIONSA E-O(SEDANO-CTRA. CARABANCHEL A ARAVACA)";434405.846274893;4472052.006322385;-3.77292925385995;40.39649020826768
"URB";5;4630;"34012";"LOPEZ DE HOYOS, 149 E-O(RAMOS CARRION-CLARA DEL REY)";443289.500329256;4477680.463064124;-3.66875787462026;40.44784664123228
"URB";15;4019;"09002";"Lateral M-30 S-N - Salida Puente Ventas-Ciudad Lineal";443993.831389334;4475729.55450749;-3.66028061945904;40.43031959692017
"URB";5;4631;"34013";"LOPEZ DE HOYOS, 202 O-E(CLARA DEL REY-CORAZON DE MARIA)";443373.120666925;4477739.588589394;-3.66777711826859;40.44838497314482
"URB";10;4909;"37030";"OCAÑA Ø5 O-E(CAMARENA-VALMOJADO)";435578.748147121;4470770.116096783;-3.75897985835755;40.38503398146167
"URB";11;4945;"38026";"AV.DE LOS POBLADOS ENTRE A. ROMERO Y POLAN O-E";438160.126303388;4469433.278015704;-3.72843997428042;40.37318670032688
"URB";15;5907;"44001";"Alcalá - Av. Daroca-Fernandez Lanseros";444131.049576333;4475876.973475133;-3.65867595464348;40.4316568531067
"M30";2;6683;"PM11161";"PM11161";442204.735083868;4471005.042994137;-3.68094254211351;40.38763632770223
"URB";13;6428;"65010";"Av. Pablo Neruda - Av. Pablo Neruda-San Claudio";445395.275334096;4471203.260955204;-3.64337097148747;40.38963723763405
"URB";5;3911;"04003";"Principe Vergara, 207 S-N - Pradillo-Ramon y Cajal";442534.685252877;4477944.173513965;-3.67768229804357;40.45017043438015
"URB";1;4417;"19016";"Sagasta, 2 O-E - Gta. Bilbao-Mejia Lequerica";440489.870703563;4475593.183553218;-3.7015746893887;40.42884780722613
"URB";8;10434;"76055";"MONASTERIO PAULAR O -E  (MONASTERIO SILOS-  MONASTERIO HUELGAS)";440017.602197997;4483606.892116322;-3.70789945053718;40.50100448869435
"URB";20;3681;"74007";"Samaniego - Arrastaria-Campezo";450480.224391465;4477350.974364781;-3.58394014117209;40.44533784024363
"M30";10;6780;"PM31801";;436923.430592792;4473351.208734346;-3.74339443335067;40.40838844643165
"URB";20;6555;"74009";"Arrastaria - Aracne-Samaniego";450301.69312087;4477608.783140651;-3.58606546138882;40.44764969192425
"URB";7;4413;"19011";"Sagasta, 13 E-O - Francisco de Rojas-Gta. Bilbao";440617.1370461;4475564.517456362;-3.70007175414812;40.42859866447539
"URB";7;4416;"19015";"Gonzalo de Córdoba E-O - Cardenal Cisneros-Fuencarral";440367.092607547;4475972.203826927;-3.70305759483609;40.43225340044393
"URB";13;6427;"65009";"Av. Pablo Neruda - Andaluces-San Claudio";445489.121588296;4471403.89985661;-3.6422824814322;40.39145086486325
"URB";11;10952;"85051";"GRAL.RICARDOS S-N (PSO.QUINCE DE MAYO-M.VADILLO)";439183.022626729;4472099.686896839;-3.71664625006793;40.39728229676842
"URB";1;4200;"14002";"SAN SEBASTIAN N-S(HUERTAS - ATOCHA)";440484.762967853;4473946.952260626;-3.70148083597055;40.41401741976242
"URB";7;3748;"19017";"Luchana S-N - Manuel Silvela -Santa Engracia";440739.824462595;4475908.563070894;-3.69865755352027;40.43170673455152
"URB";20;3806;"74010";"Pirra - Pirra-Arrastaria";450227.459019667;4477299.395507782;-3.58691657577895;40.44485809122543
"URB";4;4659;"35022";"AV.TOREROS O-E(FRANCISO ALTIMIRAS-AV.BRASILIA)";443743.102002084;4476088.182192319;-3.66326812975261;40.43353338364705
"M30";10;6942;"PM31881";"PM31881";433539.287597808;4470802.654302143;-3.78300909043264;40.38516690647054
"URB";5;3914;"04008";"Ramón y Cajal O-E - Principe Vergara-Marcenado";442614.070599179;4478104.31804049;-3.67676064970623;40.45161857563584
"URB";13;3804;"65011";"Av. Pablo Neruda - Malgrat de Mar-Miguel Hernández";445618.673246119;4471582.234901786;-3.64077133835129;40.39306588667257
"URB";8;5440;"43029";"(TACTICO) Ramón Castroviejo O-E - Pto.Maspalomas-Av.Betanzos";439539.994610498;4481251.982502599;-3.71331099905112;40.47975600580832
"URB";8;5442;"43031";"(TACTICO)Santiago de Compostela E-O - Ginzo de Limia-Centro Cívico";439905.150092697;4481438.817802225;-3.70902089339765;40.48146559222847
"URB";12;4984;"39036";"EDUARDO BARREIROS N-S (SALVADOR  MARTINEZ-ARENAS REY)";440750.68719458;4468603.251177799;-3.69784964137273;40.36589753365222
"URB";8;5423;"43012";"Av.Ilustración O-E - M-30 -Av.Betanzos";439457.354152262;4481247.345319195;-3.71428548182446;40.479708211292
"URB";10;5308;"86005";"AV. AVIACION O-E(GRAL. MILLAN ASTRAY-JOSE CADALSO)";434826.703535222;4469486.8498913;-3.76770809714928;40.37341531684762
"URB";8;5441;"43030";"Pedro Rico O-E - Ginzo  Limia-Arzobispo Morcillo";440639.194989826;4481625.610191885;-3.70037847187655;40.48320108973
"URB";11;5145;"58012";"CLARA CAMPOAMOR, 71 N-S(WENCESLAO-CARCASTILLO)";437793.236507263;4470192.001208566;-3.73283545254995;40.37999433902169
"URB";4;4661;"35024";"LUIS CALVO N-S(AZCONA-MARTINEZ IZQUIERDO)";443600.938278515;4476374.361794661;-3.6649695286891;40.43610180928411
"URB";13;3805;"65012";"Av. Pablo Neruda S-N(Puente) - Miguel Hernández-Arroyo Fontarrón";445682.762132024;4471732.266246869;-3.64002902511582;40.39442164471885
"URB";1;4201;"14003";"(AFOROS) ATOCHA E-O(SAN SEBASTIAN-DR. CORTEZO)";440436.49322377;4473906.439403866;-3.702045937379;40.4136490075332
"URB";11;3571;"38029";"POLAN N-S(CAZALEGAS-AV. POBLADOS)";438345.016616123;4469499.656375594;-3.72626865338107;40.37379836648739
"URB";14;6497;"65017";"Fuente Carrantona S-N - José Bergamín-M-23";446672.915586112;4473730.045321462;-3.62852992982419;40.41248288309391
"URB";15;3810;"65027";"AV. Daroca 106 O-E - Fco. Largo Caballeroo-Fuente Carranton";446744.884566573;4474173.042109022;-3.62771881390475;40.41647827798089
"URB";10;4913;"37300";"OCAÑA Ø5 O-E(CAMARENA-VALMOJADO)";435480.5679655;4470938.846912924;-3.76015356111557;40.38654637988477
"URB";7;4471;"23005";"(AFOROS) SAN FRANCISCO DE SALES S-N (CEA BERMUDEZ-GAZTAMBIDE)";439216.9004747;4476818.295048948;-3.71669801451541;40.43979208511831
"URB";4;4667;"35030";"AV.BRUSELAS N-S(AV.BRUSELAS-BRESCIA)";443724.939492115;4476592.281122654;-3.66352689259901;40.4380733387771
"URB";15;5908;"44002";"Alcala - Fernández Lanseros-Virgen de la Alegría";444162.730140015;4475886.772816782;-3.65830333580446;40.43174725810175
"URB";4;3414;"35035";"AV.BONN E-O(AV.DE LA PAZ-AV.BRASILIA)";444030.431740731;4476640.475415041;-3.65992937302038;40.43852811488072
"M30";5;11373;"PM13161";"PM13161";442303.221091505;4481625.576539089;-3.68074651042;40.48331808839657
"URB";4;3442;"35045";"MARTINEZ IZQUIERDO O-E(PILAR DE ZARAGOZA-VILLAFRANCA)";443420.78183617;4476225.014643669;-3.66708021861592;40.43474417691826
"URB";5;3917;"04011";"Ramon y Cajal E-O - Principe Vergara-Rodriguez Marin";442489.997368006;4478113.941880715;-3.67822463792592;40.45169669643742
"URB";15;10111;"46041";"Lopez de Hoyos - Arturo Soria - Asura";444095.612944315;4479073.145202142;-3.65937503288154;40.4604472132992
"URB";10;5313;"86010";"DANZA S-N(SINFONIA-AV. AVIACION)";434344.354327034;4469515.718618006;-3.77339240855786;40.37363752208166
"URB";14;3811;"65028";"Incorporación de O´Donnell (M-23) a Fuente Carrantona O-E - M-23- Fuente Carrantona";446608.966698468;4473956.835641353;-3.62930264163494;40.41452184968529
"URB";20;6556;"74011";"Arrastaria - Pirra-Deyanira";450285.648923169;4477188.19315941;-3.58622173267287;40.44385979127094
"URB";8;10322;"73040";"MARIA CASARES S-N(MARIA DE MAEZTU-GLORIA FUERTES)";438557.211851208;4482904.819432874;-3.72506527839068;40.49457315129455
"URB";6;5622;"62003";"(AFOROS)Bravo Murillo  E-O - Pinos Alta-Capitán Blanco Argibay";441110.143384104;4479566.830517082;-3.69463114505383;40.46468831755568
"URB";6;3663;"62004";"Bravo Murillo N-S - Azucenas-Conde Vallellano";440892.951001197;4479356.304078602;-3.69717323398488;40.46277638572055
"URB";6;5646;"62030";"Sor Angela de la Cruz O-E - Orense-Poeta Joan Maragall";441222.541375564;4478955.147842329;-3.69324880413417;40.45918598204598
"URB";11;5147;"58014";"AV. ABRANTES O-E(BESOLLA-PL.VULCANO) FRENTE";437745.81226095;4469820.281398198;-3.73335778680055;40.37664216964953
"URB";2;4207;"14009";"(TACTICO) MARQUES DE LA VALDAVIA S-N(ENTRADA CRUCE)";440938.216676216;4473117.499128898;-3.69605955382268;40.4065775960589
"URB";14;6442;"65031";"Hacienda de Pavones - Pico Artilleros-Fuente Carrantona";445910.112270244;4472507.011623131;-3.6374160971473;40.40141582974468
"URB";13;6444;"65033";"Vía Servicio A-3 - A-3-El Bosco";445477.51691914;4471802.47479833;-3.64245333097687;40.39504071609797
"URB";8;5414;"43001";"AV.MONFORTE DE LEMOS O-E(CAMINO GANAPANES-AV.BETANZOS)";439558.887343522;4480994.9258916;-3.71306361640663;40.47744172362413
"URB";6;5453;"60006";"(AFOROS)PºCastellana N-S - San Germán-Pedro Teixeira";441459.015048218;4478559.495489433;-3.69042342835725;40.45563846701182
"URB";14;6445;"65034";"Arroyo Fontarrón  - Arroyo Fontarrón-Fuente Carrantona";445805.642872757;4471858.246554972;-3.6385919081529;40.39556455895204
"URB";8;10321;"73041";"GLORIA FUERTES O-E LATERAL(SENDA DEL INFANTE-MARIA CASARES)";438463.93145858;4482868.317560649;-3.72616241945292;40.49423742033139
"URB";6;5623;"62006";"Bravo Murillo  N-S - Lope de Haro-San Enrique";440497.892113316;4478729.145887459;-3.70177386639716;40.45709849160147
"URB";7;10022;"20012";"Vallehermoso S-N( Meléndez Valdés -Fernando el Católico)";439887.361548757;4476094.425783137;-3.70872465921454;40.43331989702978
"URB";10;5320;"86016";"MIRABEL N-S(MONROY-AV. AVIACION)";433670.620576461;4469797.992761911;-3.78135734992608;40.37612701073784
"URB";11;4951;"38033";"ANTONIA RODRIGUEZ SACRISTAN O-E(GUAYABA-SECOYA)";436921.538718823;4469420.780795166;-3.74302747218836;40.37298130495522
"URB";15;5913;"44007";"Alcalá - San Gumersindo-Mateo Garcia";444658.128684275;4475970.429648207;-3.65247039226541;40.43253399269617
"URB";5;3920;"04014";"Alfonso XIII S-N - Carlos Pereira-Ramon y Caja";443396.124506317;4478073.820014535;-3.66753565304238;40.45139745949463
"URB";15;7109;"09003";"Alcala E-O - Raquel Meller- M-30";444066.632769462;4475870.531679227;-3.65943479236331;40.43159449277446
"URB";6;11480;"62005";"Sor Angela de la Cruz O-E - Infanta Mercedes-Orense";441038.433763227;4479006.69116184;-3.69542489177451;40.45963726317132
"URB";11;4952;"38034";"AV. POBLADOS E-O(BELZUNEGUI-ALISEDA)";437228.397114598;4469507.974021944;-3.73942173120487;40.37378994844114
"URB";8;5417;"43004";"AV.MONFORTE DE LEMOS O-E(PL.VERIN-PL.FONSAGRADA)";439865.417098735;4481084.186414468;-3.70945601118345;40.47826806793463
"URB";4;4681;"35049";"PL.VENECIA O-E(AV.BRUSELAS-AV.BRASILIA)";443827.333572408;4476898.490445368;-3.66234673517423;40.44083875239736
"URB";15;10299;"53058";"Poeta Blas de Otero - Félix Rodriguez de la Fuente-María Teresa Sáinz de Heredia";444443.955634583;4474698.598687855;-3.65488415817479;40.42106236634946
"URB";16;6603;"79003";"Av. Niceto Alcalá Zamora - Ana de Austria-Ingeniero Emilio Herrera";444817.357530455;4482958.355278134;-3.65120089444469;40.49549527012157
"URB";11;5192;"81012";"SAN AMBROSIO O-E (Pº ERMITA DEL SANTO-ENTRADA TÚNEL)";438523.986127497;4472912.232287637;-3.72448999076727;40.40455368697256
"URB";10;5157;"86036";"GUAREÑA N-S(LUIS CHAMIZO-AV. LAS AGUILAS)";435077.959113364;4470778.035147101;-3.76488022166681;40.38506644690976
"URB";14;6429;"65013";"Fuente Carrantona - Encomienda de Palacios-Hacienda de Pavones";445974.77197596;4472365.733139549;-3.63664217710532;40.40014730336887
"URB";13;6448;"65037";"Av. Miguel Hernández - Av. Miguel Hernández-Av. Pablo Neruda";445781.090526255;4471619.716186278;-3.63886089104753;40.39341413010192
"URB";11;3405;"38038";"AV. POBLADOS O-E(SECOYA-AV. EURO)";437089.89253683;4469473.326399172;-3.74104970538462;40.37346738394355
"URB";11;9879;"38049";"PADRE AMIGO N-S (PEREZ LAVID-REAL MADRID)";437225.400436959;4469963.031939366;-3.73950184491326;40.37788909569757
"M30";8;6805;"PM43031";"PM43031";440642.53486805;4483219.249793381;-3.7004883312871;40.49755741173389
"URB";4;3753;"09004";"Alcala E-O - Montesa-Hermosilla";442934.334868573;4475280.774545715;-3.67273038190268;40.42620474744608
"URB";4;4021;"09005";"Alcala O-E - Jorge Juan-Felipe II";442471.094026169;4475000.181622872;-3.6781656430996;40.42364512006923
"URB";13;6449;"65038";"Av. Miguel Hernández  - Benjamín Palencia-Av. Pablo Neruda";445591.76521463;4471690.342734625;-3.64109761136745;40.39403803213823
"URB";6;5468;"60021";"Bravo Murillo O-E - Poeta Joan Maragall-Pl.Castilla";441401.663808223;4479651.605698209;-3.69120060320788;40.46547262020313
"URB";5;5471;"60025";"Concha Espina E-O - Pl.Sagrados Corazones-PºCastellana";441778.679197688;4478140.913020444;-3.68661523161864;40.45189014483076
"URB";7;5472;"60026";"Raimundo Fdez.Villaverde O-E - Modesto Lafuente-PºCastellana";441241.115113776;4477514.545417086;-3.69289643558466;40.44620972130161
"URB";11;5041;"49008";"GRAL. RICARDOS O-E(CLARISAS-ALEJANDRO SANCHEZ)";438216.974579076;4471409.787406925;-3.72796202831408;40.39099625719071
"URB";11;5042;"49009";"GRAL. RICARDOS E-O(ALEJANDRO SANCHEZ-PEDRO DIEZ)";438238.683594357;4471434.589482696;-3.72770866524146;40.39122129570083
"URB";11;5244;"84012";"VIA LUSITANA N-S(HALCONERO REY-AGUACATE)";437166.424606345;4468937.994720808;-3.74009550737977;40.36865063735196
"URB";10;5158;"86037";"AV. LAS AGUILAS O-E(BLANCO SOLER-RAFAEL FINAT)";434950.264387803;4470662.022029895;-3.76637268703426;40.38401139477661
"URB";11;9985;"38051";"SECOYA S-N (OBOLO-AV. POBLADOS)";437007.88332896;4469337.32748666;-3.74200221781094;40.37223604877488
"URB";4;3578;"05023";"Serrano N-S - Goya-Jorge Juan";441643.909062137;4475160.033421749;-3.68793072253055;40.42502753764133
"URB";6;5455;"60008";"PºCastellana N-S - Pl.Lima-Hermanos Pinzón";441414.099756051;4478016.265055168;-3.69090299097345;40.45074164388541
"URB";13;11460;"41061";"Rafael Alberti 20 - Av Albufera-Luis Buñuel";445610.544946347;4470915.173627184;-3.64081014587815;40.38705604825051
"URB";14;6452;"65041";"Av. Moratalaz  - Camimo Vinateros-Av. Doctor García Tapia";445484.183173676;4473375.85282588;-3.64250953348295;40.40921509760131
"URB";16;6604;"79004";"Av. Niceto Alcalá Zamora - Fernando Rojas-Ingeniero Emilio Herrera";445065.607318987;4482758.53113587;-3.6482541947467;40.49371163316033
"URB";14;10352;"65042";"Fuente Carrantona - Encomienda Palacios - Arroyo Fontarrón";445803.153391394;4472053.666997711;-3.63863787454476;40.39732486607105
"URB";16;6606;"79006";"Ana de Austria - Ana de Austria-María de Portugal";444271.142438424;4483586.429041009;-3.65770153621151;40.50111673030183
"URB";11;10495;"38052";"CONSUELO GUZMAN N-S Ø8(AV. POBLADOS-PARAGUAYA)";435993.547281297;4469742.325714351;-3.7539900660408;40.37580717662853
"M30";3;6671;"PM10907";"PM10907";443550.078766873;4473087.485992371;-3.6652773832434;40.40648841892767
"URB";6;5624;"62008";"Bravo Murillo S-N - Alonso Castrillo-Pensamiento";440714.416821865;4479012.826258332;-3.6992468281465;40.45966947683846
"URB";11;3447;"49400";"(TACTICO) PAULINA ODIAGA E-O";438634.440778807;4471740.933658522;-3.72307548957408;40.39401023803763
"URB";5;3921;"04015";"Ramon y Cajal(En el Puente) E-O - M-30 -Pº de los  Jacintos";443706.622412812;4478250.24129854;-3.66388979236326;40.45300783538192
"URB";6;5454;"60007";"PºCastellana N-S - Rafael Salgado-Pl.Lima";441446.301280792;4478407.294967802;-3.69055932489087;40.45426648259915
"URB";6;5492;"60046";"Orense N-S - Fortunata y Jacinta -General Perón";441071.325660248;4478277.384888984;-3.69496927491298;40.45306969471943
"URB";11;5250;"84016";"AGUACATE E-O(VIA LUSITANA-AV. EURO)";437047.990675636;4468861.654504136;-3.74148285324844;40.36795399350723
"URB";7;10603;"20015";"Fernández de los Rios O-E(Galileo-Vallehermoso)";439832.269256796;4476297.609530556;-3.70939338312097;40.43514628065087
"URB";13;11461;"41062";"Rafael Alberti 37 - Torremolinos-Luis Buñuel";445506.053440441;4470718.697812777;-3.64202437277421;40.38527924126238
"URB";14;10349;"65044";"Arroyo Fontarrón 317 - Arroyo Fontarrón - Acceso A-3";445505.420123086;4471922.214374073;-3.64213480692345;40.39612123043657
"URB";5;5497;"60053";"Segre E-O - Serrano-Concha Espina";441947.05904631;4478056.345817445;-3.68462189883137;40.45114010229088
"URB";14;10353;"65045";"Acceso A-3 -  Via servicio A-3 - Arroyo Fontarrón";445631.695065974;4471838.641815874;-3.64063980351617;40.39537661001581
"URB";5;5501;"60058";"Concha Espina O-E - PºCastellana-Pºde la Habana";441653.180821455;4478145.142660004;-3.68809554560282;40.4519194472706
"URB";11;5193;"81013";"IVAN VARGAS E-O (CALLE)";438559.037384357;4472707.113843576;-3.72405714599755;40.40270847473396
"URB";11;10496;"38053";"PARAGUAYA E-O Ø1(RONDA DON BOSCO-CONSUELO GUZMAN)";436030.326597621;4469666.333625714;-3.75354921813646;40.37512543058692
"URB";11;5253;"84019";"AGUACATE O-E(AV. EURO-VIA LUSITANA)";437032.026904148;4468868.592355365;-3.74167155338131;40.36801528731475
"URB";16;11165;"79008";"Av. Francisco Pi y Margall - Príncipe Carlos-Infanta Catalina Micaela";444725.601315411;4482065.68961986;-3.65220576549001;40.487447629742
"URB";4;4026;"09010";"O´Donnell E-O - Aguirre-Alcala";442199.992473981;4474755.246753529;-3.68133898135108;40.42141983400978
"URB";4;4028;"09012";"Alcala E-O - Castello-Nuñez de Balboa";442159.303558239;4474832.608259704;-3.68182562122249;40.42211391812188
"URB";4;4032;"09016";"Alcala O-E - Pl. Manuel Becerra-Rufino Blanco";443391.116296302;4475557.103426022;-3.66737047284207;40.42872526919643
"URB";4;4033;"09017";"Dr. Esquerdo S-N - Marques Zafra-Pl. Manuel Becerra";443305.403645003;4475372.675496911;-3.66836443943206;40.42705800924617
"URB";12;5345;"87010";"(AFOROS)AV. ROSALES Ø2 O-E (AV. ANDALUCIA-OROVILLA)";441157.163060515;4468866.545748187;-3.6930867209133;40.36829822895785
"URB";3;11476;"41065";"Cerro Negro 2 - Gandía-Ciudad Barcelona";443116.551581146;4472160.653917173;-3.67030346234994;40.39810949083334
"URB";7;4426;"21001";"Miguel Angel, 23 N-S(Garcia de Parede-Martinez Campos)";441369.403667177;4476416.10852777;-3.69128236441238;40.43632355745989
"URB";5;3922;"04016";"Padre Claret S-N - Carlos Pereyra-Ramon y Cajal";443570.133200399;4478139.538321161;-3.66548952151846;40.45200131359
"URB";4;4029;"09013";"Alcala E-O - General Pardiñas - Principe Vergara";442396.699103444;4474965.926423446;-3.67903946817427;40.42333138458168
"URB";6;3834;"62009";"Bravo Murillo S-N - General Margallo-San Felipe";440818.557749418;4479195.823960166;-3.69803568269189;40.46132541928142
"URB";6;3513;"97020";"Av.Reina Victoria E-O - Castillo Piñeiro -Av.Pablo Iglesias";440047.030956024;4477622.642823402;-3.70698650990282;40.44709825526392
"URB";14;10351;"65046";"Arroyo Fontarrón  - Fuente Carrantona - Tacona";445671.074530291;4471917.644750901;-3.64018255033525;40.39609088732652
"URB";14;11322;"65056";"Hacienda Pavones - Luis de Hoyos Saínz-Valdebernardo";446446.248050128;4472304.390173493;-3.63108138615762;40.39962514278687
"URB";16;6614;"79018";"Av. Burgos - Av. Francisco Pi y Margall-Av. Burgos";443574.954503631;4482980.821214577;-3.66586335059613;40.49561411380205
"URB";11;5091;"50025";"(AFOROS) VIA LUSITANA E-O";438911.982885016;4470652.479321226;-3.71970104575454;40.38422531812787
"URB";7;4427;"21002";"Gral. Martinez Campos E-O(Fdez.de la Hoz-Modesto Lafuente)";441051.98357776;4476280.274564677;-3.69501203628953;40.43507746447024
"URB";10;5271;"84036";"CTRA AL Bº FORTUNA O-E (SENTIDO AV. PESETA)";433925.927023117;4468406.774914865;-3.77820594013731;40.36361465434653
"URB";4;4034;"09018";"Alcala O-E - Ayala-Pl. Manuel Becerra";443135.264315597;4475397.65306474;-3.67037229158932;40.42727140787331
"URB";14;10669;"65061";"Av. Moratalaz - Dr. Garcia Tapia - Cno. Vinateros";445528.606616092;4473404.318263379;-3.64198843803168;40.40947443932874
"URB";8;6615;"79019";"Av. Burgos - Abetal-Quintanapalla";443557.122649995;4483114.103645144;-3.6660856420593;40.49681356508074
"URB";6;11079;"60065";"Gral Perón O-E - Giro a Fortunata y Jacinta";440737.396317612;4478224.128615924;-3.69890218841779;40.45256619724327
"URB";6;5494;"60048";"Presidente Carmona N-S - Mártires de Paracuellos-Gral.Perón";440876.679218572;4478281.658372422;-3.69726505467237;40.4530943690241
"URB";11;3567;"24016";"N.S.VALVANERA, 114 S-N (A.PAVAS-V.CARPETANA)";437164.828862733;4471604.078028766;-3.7403771910439;40.3926678088172
"M30";5;11370;"PM33153";"PM33153";441945.945314793;4481411.400390861;-3.68494200046874;40.48136379874281
"URB";5;3923;"04017";"Principe Vergara S-N - Sanchez Pacheco-Pl. Cataluña";442502.053105273;4477583.024500127;-3.67803440238758;40.44691477766
"URB";5;5477;"60031";"Alberto Alcocer E-O - Menéndez Pidal-Padre Damián";442006.746965039;4478898.571963863;-3.68399497765018;40.45873142029645
"URB";11;10798;"38056";"PEPIÓN O-E (SECOYA - AV. EURO)";437229.837225891;4469243.094843308;-3.73937868778707;40.37140390091616
"URB";7;4428;"21003";"Gral. Martinez Campos, 24 O-E(Fdez. de la Hoz-Zurbano)";441082.204888388;4476276.411101481;-3.69465538605205;40.43504480208261
"URB";11;3655;"50013";"PORTALEGRE N-S(ALEJANDRO SANCHEZ-VALLE ORO)";438596.310911866;4471037.819224404;-3.72345695714309;40.38767344050652
"URB";14;10670;"65062";"Pico Artilleros - Mario Cabré - Pl. Corregidor Ldo. Antonio de Mena";445666.642491264;4473320.379498268;-3.64035450540913;40.40872728968041
"URB";10;5269;"84034";"CTRA AL Bº FORTUNA E-O (SENTIDO M-40)";434060.595643942;4468557.84074252;-3.77663559980368;40.36498617754986
"URB";20;11257;"66048";"Suecia, 92 - Catania-Nantes";448624.951534826;4475900.233232505;-3.60569918763714;40.43215609836667
"URB";8;10533;"73052";"IRENE CABA ALBA N-S(MARIA MAEZTU-ARROYO DEL MONTE)";438023.186604545;4482103.039520829;-3.73128823024168;40.48731077015875
"URB";5;3925;"04019";"Dr.Arce, 11 N-S - Nervion-Pl. Republica Argentina";442011.632502112;4477451.230779938;-3.68380517909477;40.44569345523999
"URB";14;6464;"65401";"Giro Fuente Carrantona-Ciudad Encantada - Fuente Carrantona-José Bergamín";446576.553573006;4473528.100079715;-3.62964866150087;40.41065745677406
"URB";10;4764;"24031";"CEBREROS, 54 O-E (CARLINA-HIGUERAS)";436629.255765667;4472952.279432574;-3.74682145461057;40.40477238957781
"URB";6;5509;"60067";"Lateral PºCastellana N-S - Juán Gris-San Germán";441445.061889678;4478758.202895472;-3.6906063069406;40.45742752663864
"URB";10;4766;"24036";"CARLINA Ø7 N-S (VILLAMANIN-CEBREROS)";436249.122589369;4472914.690965182;-3.75129717844129;40.40440475759336
"URB";11;6829;"38300";"(MICRO) AV.POBLADOS E-O(GIRO SECOYA)";436996.687342703;4469471.640236733;-3.74214736221923;40.37344515408624
"URB";20;11268;"66054";"Niza, 33 - Manchester-Julia Garcia Boutan";448522.191151384;4475607.828686434;-3.60688696204178;40.42951558237459
"URB";11;10652;"84052";"(CARRIL BUS) AV. PESETA O-E(CUEVAS ALTAMIRA-SALVADOR ALLENDE)";435546.405663665;4468251.958885834;-3.75910626077703;40.36234684508081
"URB";17;11052;"39002";"EDUARDO BARREIROS S-N(EL CASERIO-ASOMBRO DAMASCO)";440233.37669401;4467579.496646152;-3.70384626391011;40.35663805782345
"URB";4;4035;"09019";"Alcala E-O - Pl. Manuel Becerra-Ayala";443163.483885482;4475423.120065238;-3.67004191245884;40.42750275625733
"URB";11;10653;"84053";"AV. PESETA O-E(CUEVAS ALTAMIRA-SALVADOR ALLENDE)";435546.683567912;4468257.788326759;-3.75910357708903;40.36239938075919
"URB";5;5478;"60032";"Alberto Alcocer O-E - Padre Damián-Juán Ramón Jiménez";441841.562887257;4478916.700621736;-3.68594475163276;40.45888318698731
"URB";6;3743;"60049";"Gral.Perón E-O(Giro E-S) - Presidente Cármona-AviadorZorita)";440858.335046339;4478218.223991744;-3.69747547102762;40.45252161995789
"URB";7;4429;"21004";"Eduardo Dato,33 E-O(Pº Castellana-Gta Ruben Dario)";441507.176078458;4476050.672335627;-3.6896244397624;40.43304123784678
"URB";20;11270;"66055";"Suecia, 24 - Sajonia-Francfort";448513.483145147;4474857.81480511;-3.60692888079064;40.42275844517093
"URB";8;6616;"79020";"Av. Burgos - Quintanavides-Puerto de Somport";443437.094085086;4482995.29680608;-3.66749140800131;40.49573513156648
"URB";8;6617;"79021";"Av. Burgos - Puerto de Somport-Cno. Fuencarral a Hortaleza";443359.122097118;4482919.331957856;-3.66840469469265;40.49504549085019
"URB";15;5914;"44008";"Alcalá - Hermanos Machado - Jose Maria Pereda";444939.238313351;4476016.052024916;-3.64916031653849;40.43296364046259
"URB";4;3616;"09021";"Fco. Silvela S-N - Jose Ortega y Gasset-Pl. Manuel Becerra";443174.2618651;4475658.921470892;-3.66993593798519;40.42962771342308
"URB";5;3605;"04025";"(TACTICO) Alhelies E-O - Alfonso XIII-Los Narcisos";443479.187271731;4478461.10434961;-3.66659062361282;40.45489195663916
"URB";8;10233;"73409";"(TACTICO) DR. GUIU S-N (PABLO GARGALLO- HERRERA ORIA)";437590.453545195;4480962.227676644;-3.73628151738349;40.47700157092794
"URB";10;10430;"95023";"PSO. EXTREMADURA O-E(CARAMUEL-LAIN CALVO)";438322.424261145;4473938.630644091;-3.72696468621091;40.41378502507253
"URB";6;5626;"62011";"Bravo Murillo O-E - Oñate-Amalia";441060.066841383;4479537.249141649;-3.69521903054193;40.46441828530951
"URB";7;4432;"21007";"Almagro, 42 S-N(Marqués de Riscal-Gta. Ruben Dario)";441330.286507867;4475958.070606939;-3.69170125789642;40.43219457937688
"URB";11;11210;"84412";"(TACTICO)LUIS ORO N-S (PRINCIPADO-AV. PESETA)";436661.849039623;4468369.5633559;-3.74598179973386;40.36349175853405
"URB";8;3458;"79022";"Quintanavides - Foresta-Abetal";443437.117608913;4483127.700266198;-3.66750295123527;40.49692787850136
"URB";14;6467;"65404";"Av. Doctor García Tapia - Camino Vinateros-Av. Doctor García Tapia";444930.349533757;4473713.77621416;-3.64906572774487;40.41222285394582
"URB";4;4037;"09023";"Julio Camba, 5 N-S - Av. Toreros-Alcala";443665.38301294;4475829.883350383;-3.66416148328356;40.43120123263214
"URB";10;10226;"24043";"VILLAMANIN Ø46 S-N (A-5-VILLASANDINO)";436124.216157656;4472975.16179352;-3.75277513561092;40.40493992911171
"URB";8;3459;"79023";"Puerto de Somport - Av.Burgos-Foresta";443366.64625549;4482974.47959368;-3.66832083912492;40.49554279712209
"URB";4;7038;"09024";"Alcala E-O(Frente Pl. Toros) - Brasilia-Julio Camba";443791.82644273;4475818.664684848;-3.66266987095232;40.43110872293028
"URB";4;4048;"09034";"Tunel O´Donnell O-E(Salida M-30) -";442019.952482919;4474711.249931656;-3.68345711513287;40.42101096273215
"URB";6;5627;"62012";"Bravo Murillo O-E - Ulpiana Benito- Poeta Joan Maragall";441269.768386696;4479629.250104933;-3.69275420756297;40.46526191833554
"URB";10;10228;"24045";"VILLAGARCIA Ø57 O-E (VILLAGARCIA-VILLAMMANIN)";436028.370557685;4472976.977232925;-3.75390476435714;40.40494892440807
"URB";20;3557;"66001";"Pl. Grecia - Pl. Grecia-M-40";448464.874185413;4476169.278234554;-3.60760817576777;40.43456991941191
"URB";20;11288;"66064";"Julia Garcia Boutan, 12 - Longares-Niza";448389.320445149;4475643.216377825;-3.60845620318517;40.4298261435662
"URB";17;10402;"39003";"EL CASERIO E-O(PICARA MOLINERA-EDUARDO BARREIROS)";440252.126247938;4467514.735001436;-3.70361940941903;40.35605599174497
"URB";5;10078;"04026";"Puerto Rico N-S - Uruguay -Pl. Virgen Guadalupana";442804.137319837;4478231.120867744;-3.67453073490926;40.45277397565359
"URB";20;6471;"66005";"Suecia - Suecia-Pº. Ginebra";448762.736080625;4475011.451130648;-3.60400319400011;40.42415788591011
"URB";8;3796;"79025";"Av. Burgos - Camino Fuencarral a Hortaleza-Puerto de Somport";443407.847227266;4482880.215027293;-3.66782624496949;40.4946964331652
"URB";6;5484;"60038";"(AFOROS)General Perón E-O - PºCastellana-Poeta Joan Maragal";441355.019945127;4478183.153660608;-3.69161508386973;40.45224088379633
"URB";8;10197;"75024";"AFUERAS A VALVERDE E-O(CASILDEA VANDALIA-ALDONZA LORENZO)";441632.719355095;4483251.758751921;-3.68880678615796;40.49792049855846
"URB";3;4057;"10009";"Ibiza, 25 E-O - Maiquez-Narvaez";442708.419132806;4474405.199060408;-3.67531457719899;40.41830158437623
"URB";3;4054;"10006";"(AFOROS) Av. Menendez Pelayo, 10 S-N - Dr. Castelo-O´Donnell";442347.197265771;4474677.523684087;-3.67959682021024;40.42072987735703
"URB";11;5300;"85023";"MARQUES JURA REAL S-N (F. DÍAZ MENDOZA-CNEL. VALENZUELA)";439805.681079622;4471572.456569615;-3.70925975539123;40.39257798385849
"URB";8;6965;"76005";"MONASTERIO SUSO Y YUSO O-E (MONASTERIO DEL PAULAR - AV. MONTECARMELO)";440788.418708844;4483746.56651032;-3.6988161425649;40.50231808740139
"URB";19;11426;"67018";"Dialogo 9 - Tolerancia-Miguel Delibes";452660.374819012;4472874.557281638;-3.55789956641981;40.40513809304515
"URB";3;4058;"10010";"Ibiza, 14 O-E - Menendez Pelayo-Narvaez";442584.48773732;4474395.985938776;-3.67677446881645;40.41821004643896
"URB";3;4055;"10007";"O´Donnell, 16 O-E - Lope de Rueda-Narvaez";442538.122697889;4474769.529073572;-3.67735470166749;40.42157191569228
"URB";5;5483;"60037";"Padre Damián S-N - Romero Girón-Alberto Alcocer";441867.162543741;4478776.133187195;-3.68562996577385;40.45761868480496
"URB";17;10902;"87013";"MIGUEL SOLAS O-E (INTERIOR)";442407.683449879;4467015.534332713;-3.6781912020292;40.35171052308804
"URB";11;3628;"96040";"NTRA.SRA.DE FÁTIMA ENTRE DEL ESPINAR Y PSO. MARCELINO CAMACHO SENTIDO S-N";436842.729000117;4470899.034825809;-3.74410223357258;40.38629211303433
"URB";19;11429;"67019";"Ilusion 12 - Tolerancia-Miguel Delibes";452790.208393872;4472789.274443249;-3.55636321464962;40.40437717398526
"URB";17;10403;"39001";"EDUARDO BARREIROS N-S(ASOMBRO DAMASCO-EL CASERIO)";440238.534771473;4467604.246052987;-3.70378784202392;40.35686138409303
"URB";5;10076;"04027";"Ramón y Cajal E-O - Pardo Bazán-Pl.Virgen Guadalupana";442963.06583623;4478133.353981581;-3.67264777600102;40.45190416644114
"URB";11;3629;"96048";"PSO. MARCELINO CAMACHO S-N(NTRA.SRA.FATIMA-GTA. EJERCITO)";436837.465649961;4471029.730729548;-3.74417719846813;40.38746907987294
"URB";5;10079;"04028";"Marcenado S-N - San Ernesto -Pl.Virgen Guadalupana";442813.628992329;4478002.054781564;-3.67439817367309;40.45071109331639
"URB";8;10365;"76022";"MONASTERIO DE EL PAULAR S-N (SUSO Y YUSO - SILOS)";440650.607576237;4483794.330868161;-3.70044695256654;40.50273851910679
"URB";17;11437;"26501";"CTRA. VILLAVERDE A VALLECAS E-O";441184.400598901;4467044.510069267;-3.69259792631835;40.3518861951672
"URB";6;5486;"60040";"General Perón E-O - Orense-Julián Besteiro";441034.552915803;4478205.2587408;-3.6953962220192;40.45241734332203
"URB";20;6473;"66007";"Suecia - Francfort-Pº. Ginebra";448653.33452759;4474923.144548107;-3.60528565955419;40.42335561943005
"URB";6;5487;"60041";"General Perón E-O - Presidente Carmona-Aviador Zorita";440857.701477346;4478225.281496847;-3.69748359974555;40.45258515189811
"URB";20;6482;"66016";"Av. Arcentales - Av. Arcentales-Pl. Grecia-M-40";448367.589087996;4476211.686502334;-3.60875856827136;40.43494592529717
"URB";17;4841;"27003";"CTRA. CCHEL. VILLAVERDE Ø110 N-S(LAGUNA RODRIGO-VILLALONSO)";439999.634124171;4466903.244719864;-3.70653516597483;40.35052921508129
"URB";6;5629;"62014";"Capitán Blanco Argibay N-S - Mundillo-Bravo Murillo";440965.896773077;4479587.244784825;-3.69633437585009;40.46486198073795
"URB";6;5488;"60042";"Avila O-E - Lerida-Gabriel Díaz";440564.287414608;4478242.284837208;-3.7009452699963;40.45271739549207
"URB";3;3462;"10015";"Menendez Pelayo, 75 S-N - Amado Nervo-Pl. Niño Jesus";442578.76447682;4473526.283895331;-3.67676342547428;40.41037491793284
"URB";12;10261;"85044";"ANTONIO LOPEZ S-N (MATILDE GATO - EUGENIO CAXES)";440355.66018589;4471405.030905223;-3.70276422687701;40.3911092921722
"URB";12;4799;"85046";"ANTONIO LOPEZ N-S(SAN ARMENGOL-GTA. CADIZ)";440559.30004599;4471153.659052833;-3.70034153553306;40.38885936050092
"URB";11;10254;"96401";"(TACTICO) VALLE DE ORO (RIO DE ORO - GTA. VALLE DE ORO)";437988.490313788;4471108.464453168;-3.73062461437099;40.38826482296982
"URB";20;6472;"66006";"Suecia - Pº. Ginebra (Sur)-Pº. Ginebra (Norte)";448747.55995771;4474978.619884975;-3.60417943978802;40.42386118633982
"URB";8;10364;"76021";"MONASTERIO DE EL PAULAR N-S (ESCORIAL - SILOS)";440642.251620824;4483905.035065226;-3.70055593877772;40.50373518264625
"URB";3;4074;"10030";"(TACTICO) Antonio Acuña S-N - Doctor Castelo-O´Donnell";442402.95821149;4474753.70084498;-3.67894646718776;40.42141998174747
"URB";5;3606;"05001";"Serrano, 218 N-S - Pl. Republica del Salvador-Concha Espina";442262.191356546;4478205.517950607;-3.68091933805558;40.45250586284698
"URB";4;4073;"10029";"(TACTICO) Antonio Acuña N-S - Duque de Sesto-O´Donnell";442406.49588977;4474807.097587491;-3.67890960419206;40.42190125174611
"URB";11;10953;"85058";"BALEARES S-N(JACINTO VERDAGUER-ANTONIO LOPEZ)";439438.761023377;4471993.942044925;-3.71362288145496;40.39634833278587
"URB";7;3622;"21013";"(AFOROS) José Abascal, 44 O-E(Fernández de la Hoz-Zurbano)";441129.126279569;4476622.404438496;-3.69413426388156;40.4381649913947
"URB";9;10572;"98002";"AV. PORTUGAL E-O (SAAVEDRA FAJARDO-PTA. DEL ANGEL)";438151.199976236;4474060.652410827;-3.72899453502604;40.41487154303005
"URB";8;10378;"76024";"AV. SANTUARIO VALVERDE O-E(MONASTERIO DE BATUECAS-MONASTERIO DE GUADALUPE)";440393.677289785;4484094.710945564;-3.70350732216612;40.50542602552665
"URB";6;5630;"62015";"Marqués de Viana O-E - Ceuta-Bravo Murillo";440720.438173308;4479152.201198662;-3.69918883132457;40.46092545328202
"URB";6;5489;"60043";"General Perón O-E - Dulcinea-Fortunata y Jacinta";440722.812696172;4478222.136706653;-3.69907397946441;40.45254721334457
"URB";20;6501;"66019";"Pitagoras N-S - Iliada-Pl. Grecia";448527.420817487;4476363.548043156;-3.60688651454884;40.43632389490261
"URB";6;5631;"62016";"Pensamiento E-O - Infanta Mercedes-Bravo Murillo";440788.172284695;4478999.181643956;-3.69837570406838;40.45955181931377
"URB";15;5915;"44009";"Alcalá - Lago Constanza-Ezequiel Solana";445087.597846282;4476070.621728363;-3.64741599487454;40.43346504239712
"URB";6;5634;"62019";"Poeta Joan Maragall S-N - General Perón-Pedro Teixeira";441288.137581028;4478407.412576883;-3.69242452724998;40.45425638423406
"URB";9;4890;"28044";"AV. OSA MAYOR Nº 22 O-E (ARAIZ - FCO. SANFIZ)";434040.116509389;4479102.024777983;-3.7779699349386;40.45997002346132
"URB";10;10571;"98003";"AV. PORTUGAL O-E (FRUELA-PTA. DEL ANGEL)";438021.545328044;4473968.555677804;-3.73051364790472;40.41403225174052
"URB";9;5203;"28401";"(TACTICO) BARDEGUERAL N-S (ANTES GR-8)";434542.27066301;4478164.907108566;-3.77195111952211;40.45156792091706
"URB";20;10238;"66020";"Av. Arcentales - Sofia - Estocolmo";448912.189047222;4476049.396363297;-3.60232489589823;40.43351754552416
"URB";20;10241;"66021";"Av. Arcentales - M-40 - Vial 1";449148.59451771;4475909.802827317;-3.5995266535161;40.43227448595771
"URB";15;5919;"44013";"Alcalá - Hermanos de Pablo-Vicente Espinel";445471.776680562;4476308.631709677;-3.64290722800766;40.43563444412266
"URB";16;10462;"79034";"Ana de Austria - Princesa de Eboli - Fco. Pi y Margall";444082.351869497;4482599.992950786;-3.65984240239978;40.49221779014585
"URB";8;10375;"76036";"MONASTERIO MONTESCLAROS S-N ( MONASTERIO SUSO Y YUSO - MONASTERIO SILOS)";440461.38424732;4483808.163118549;-3.70268132470336;40.50284956799217
"URB";20;10240;"66022";"Vial 1 - Entrada Av. Arcentales";449168.637755407;4476034.74230992;-3.59930035287108;40.43340124506838
"URB";8;10443;"76044";"MONASTERIO CAAVEIRO S-N (MONASTERIO SUSO Y SUSO-MONASTERIO SILOS)";441037.741325942;4483969.571435245;-3.69589460045561;40.50434474894099
"URB";4;3932;"05004";"(AFOROS) Serrano, 50 N-S - Ayala-Hermosilla";441685.593634683;4475440.238930956;-3.68746505818727;40.42755468821024
"URB";4;4075;"10031";"O´Donnell E-O - Miguel Vives-Maiquez";442993.940192846;4474744.489567289;-3.67197967922675;40.42137769975403
"URB";10;10237;"24405";"(TACTICO) VILLAMANIN Ø42 S-N (A-5-VILLASANDINO)";436087.4253823;4473035.713389207;-3.75321475935908;40.40548257806774
"URB";10;5325;"86022";"AV. AVIACION  E-O(MIRABEL-MONROY)";433550.932930933;4469848.45991352;-3.78277240219949;40.37657210345282
"URB";6;5635;"62020";"Poeta Joan Maragall S-N - Pedro Teixeira-San Germán";441294.382953865;4478525.753620877;-3.69236181964202;40.45532289282592
"URB";10;10224;"98040";"CTRA. CARABANCHEL ARAVACA E-O(PILAR-SEBASTIAN ALVARO)";434628.606070047;4471645.701048598;-3.77026287724189;40.39284757480574
"URB";10;5168;"98411";"(TACTICO)GALICIA S-N(FUENTESAUCO-BOADILLA)";434421.704622836;4472337.610063962;-3.77277181955498;40.3990642786613
"URB";7;4436;"21014";"Pº Castellana S-N(Pl. Gregorio Marañon-Garcia de Paredes)";441449.138929878;4476534.204399826;-3.69035319437645;40.43739303748149
"URB";9;4867;"28404";"(TACTICO) ARANDIGA Nº 8 N-S (ARASCUES - AV. OSA MAYOR)";432982.182700229;4478863.202380821;-3.79042149995406;40.45773400778757
"URB";6;5636;"62021";"Poeta Joan Maragall S-N - Pintor Juán Gris-Sor Angela de la Cruz";441319.363709943;4478832.469886882;-3.69209557427768;40.45808768935229
"URB";6;5673;"62059";"Sor Angela de la Cruz E-O - Orense-Iinfanta Mercedes";441063.950533689;4479006.208582542;-3.69512390926993;40.4596347260474
"URB";10;5174;"98024";"CTRA. BOADILLA E-O (GALICIA-SEDANO)";434396.618052436;4472354.261883772;-3.77306912898788;40.39921230828104
"URB";10;4752;"24018";"V.CARPETANA, 143 E-O (N.S.VALVANERA-LAGUNA)";437059.903896904;4471582.698226299;-3.74161129478713;40.39246728827413
"URB";20;10245;"66026";"Av. Luis Aragones - San Hilalrio - Vial 4";448843.840283383;4476603.500879715;-3.60317529117642;40.43850506253716
"URB";13;10914;"68026";"Av. Entrevías - Ronda del Sur-Padre Llanos";444061.509099725;4469725.672424532;-3.65895515188221;40.37623772473442
"URB";3;4077;"10033";"(TACTICO) Maiquez S-N - Ibiza-O´Donnell";442919.200855922;4474717.621102099;-3.67285822712698;40.42113053084282
"URB";5;3934;"05006";"Concha Espina, 39 O-E - Pl. Sagrados Corazone-Serrano";442059.01726871;4478118.410031428;-3.68330732105821;40.45170701675032
"URB";10;5163;"98030";"SANCHIDRIAN O-E(CINE-CTRA. CARABANCHEL A ARAVACA)";434239.536926589;4472014.504331337;-3.77488491865734;40.39613926152658
"URB";12;5339;"87004";"OROVILLA N-S (AV. ROSALES-SILVINA)";441214.94089234;4469530.267570998;-3.69246742505542;40.37428148569624
"URB";16;10461;"79035";"Ana de Austria - Infanta Maria - Fco. Pi y Margall";443911.35669518;4482422.681953821;-3.66184436762293;40.49060895846053
"URB";4;3935;"05007";"Eduardo Dato O-E - Gta. Ruben Dario-Serrano";441697.531331363;4476042.848738702;-3.68737960648244;40.43298412417056
"URB";17;11438;"26500";"CALLE ALCOCER  SENTIDO - AVD.ANDALUCIA";440665.310129653;4466780.46498186;-3.69868562931315;40.34947075914887
"URB";3;10082;"10040";"Menéndez Pelayo N-S - Ibiza -Alde.Sainz de Baranda";442435.306829065;4474311.88815165;-3.67852518258831;40.41744214407058
"URB";15;3593;"44016";"Alcalá - Vicente Espinel-Vazquez de Mella";445723.207513141;4476461.696691015;-3.63995601830061;40.43702978599921
"URB";8;10583;"76057";"(CARRIL BUS) AV. MONASTERIO DE EL ESCORIAL E-O(MONASTERIO LIEBANA-MONASTERIO SAMOS)";441041.139907519;4484238.212952284;-3.69587950337518;40.50676500660155
"URB";20;10729;"66042";"Suecia - Francfort-Pº. Ginebra";448654.622406589;4474920.321121071;-3.60527025057413;40.42333026367541
"URB";20;10960;"66043";"Suecia - Bucarest-Pº Ginebra";448749.772183837;4475123.73774749;-3.60416505970184;40.42516863692565
"URB";3;10080;"10038";"Menéndez Pelayo S-N - Doce Octubre-Alde.Sainz Baranda";442476.238863256;4474189.454288818;-3.67803166928694;40.41634202652074
"URB";3;3764;"10034";"Narvaez, 33 S-N - Sainz de Baranda-Ibiza";442622.828021661;4474285.678317537;-3.67631261923972;40.4172189822118
"URB";6;5647;"62031";"Francisco Gervás E-O - PºCastellana-Poeta Joan Maragall";441416.86835938;4479116.366291518;-3.69097185958036;40.46065202937362
"URB";6;5675;"62062";"San Germán O-E - Poeta Joan Maragall-PºCastellana";441327.400304612;4478623.146701294;-3.691981447949;40.45620258341502
"URB";10;3641;"98029";"CTRA. CARABANCHEL ARAVACA O-E(M502-SANCHIDRIAN) 85m.";434253.924604106;4472157.962897845;-3.77473020990096;40.3974327235885
"URB";20;11267;"66053";"CARRIL BUS Suecia (Area Infatil) - Manchester-Julia Garcai Boutan";448671.206208637;4475636.331566513;-3.60513257450479;40.42978156253103
"URB";13;10933;"68036";"Av. Entrevías - Membezar - Benamejí";443397.12411808;4470145.058956356;-3.66681835172119;40.37997095222725
"URB";12;4829;"26020";"AV.ANDALUCIA Ø117 S-N(AV. ROSALES-AV. POBLADOS)";441054.24280959;4469025.134997168;-3.69431355518414;40.36971961932769
"URB";11;4954;"38411";"(TACTICO) AV. POBLADOS GIRO E-O(CTRA. TOLEDO-CAZALEGAS)";438653.269919882;4469475.492151765;-3.7226355136895;40.37360342842045
"URB";10;5176;"98035";"CTRA. CARABANCHEL ARAVACA O-E(VILLAVICIOSA-SEBASTIAN ALVARO)";434396.665113733;4471886.593777802;-3.77302038891824;40.39499938880147
"URB";3;3936;"05008";"(AFOROS) Alcala O-E - Pl. Cibeles-Pl. Independencia";441333.317837404;4474552.99412476;-3.69153587145914;40.41953718948086
"URB";8;5444;"43033";"(TACTICO) Santiago de Compostela E-O(Entrada Cruce) - (TACTICO) Santiago de Compostela E-O(Entrada Cruce)";440293.974753848;4481548.746812962;-3.70444408102702;40.48248392308327
"URB";11;11313;"50408";"(TACTICO) CALLE DE LA VERDAD O-E";439271.023981949;4471493.789527782;-3.71555156693176;40.39183050265709
"URB";7;4442;"21020";"José Abascal, 52 O-E(Zurbano-Migeul Angel)";441243.582809555;4476615.925823707;-3.69278422526628;40.4381147238568
"URB";8;10584;"76058";"(CARRIL BUS)  AV. MONASTERIO ESCORIAL E-O (MONASTERIO CAAVERIO - AV. MONTECARMELO)";440894.766188424;4484051.279686905;-3.69758955371223;40.50507063191512
"URB";5;5463;"60016";"PºCastellana S-N - Panamá- Sor Angela de la Cruz";441486.731151975;4478739.301452811;-3.69011314455979;40.45726018922807
"URB";17;10901;"87017";"AV. ROSALES N-S(MICA-MIGUEL SOLAS)";442362.556495598;4467116.168562892;-3.67873165852649;40.35261398157564
"URB";20;11269;"66056";"CARRIL BUS_Suecia, 24 - Sajonia-Francfort";448515.108309362;4474854.314451416;-3.60690944078488;40.42272701232058
"URB";20;11293;"66061";"Maria Sevilla Diago, 31 - Mónaco-Suecia";448672.434559411;4476056.982841529;-3.60515206293669;40.43357112806235
"URB";13;10934;"68040";"Av. Entrevías - Membezar - Benamejí";443394.521094082;4470142.047614868;-3.66684874756551;40.3799436474435
"URB";17;10569;"26011";"AV. ANDALUCIA S-N(GIGANTES Y CABEZUDOS-BOHEMIOS)";441149.047878192;4467372.339123997;-3.69304443702832;40.35483697943625
"URB";17;9986;"87032";"AV. ROSALES N-S (CTRA.VILLAVERDE-AMERICIO)";442157.437633324;4467671.252718118;-3.68119727328262;40.35760031930178
"URB";20;3594;"44017";"Alcalá  - Arturo Soria-Albarracín";445998.507766493;4476589.352029911;-3.63672110226802;40.43819769918855
"URB";20;11286;"66062";"Av Niza, 43 - Mª Sevilla Diago-Julia Garcia Boutan";448494.897790328;4475743.382227459;-3.60721969777682;40.43073504382919
"URB";4;3937;"05009";"Serrano N-S - General Oraa-Diego de Leon";441778.976128845;4476398.413064169;-3.68645202073543;40.43619292199239
"URB";5;5498;"60054";"Concha Espina E-O - Serrano-Pºde la Habana";442000.279300042;4478130.508563738;-3.68400108565907;40.45181190926746
"URB";20;11299;"66071";"CARRIL BUS Suecia, 59 - Alpes-Budapest";448705.121871428;4475387.036101405;-3.60471263672574;40.42753784382898
"URB";10;4749;"24012";"N.S.VALVANERA  Ø56 S-N (LAGUNA-GTA.CARMENES)";436948.624418082;4471825.086341807;-3.74294637393728;40.39464240834607
"URB";11;10507;"58019";"VIA LUSITANA E-O Ø65 FRENTE(CARRERO JUAN RAMON-FARO)";438398.494351468;4470227.529868391;-3.7257091074199;40.38035936179404
"URB";8;10688;"76061";"(CARRIL BUS)  MONASTERIO SILOS, 30 O-E(MONASTERIO MONTESCLAROS-MONASTERIO PAULAR)";440569.327645111;4483849.975591693;-3.70141137904167;40.50323396781296
"URB";17;10996;"87018";"LILLO (O-E)";441365.667392592;4468219.640986323;-3.69057152116446;40.36248522913362
"URB";5;5499;"60055";"Pºde la Habana N-S - Crevillente-Concha Espina";441921.310220768;4478267.314015341;-3.68494483259533;40.45303880042564
"URB";9;5217;"36016";"OSA MAYOR Ø8 E-O (CINCO LAGUNAS-SEXTANTE)";433106.767337373;4478935.676691051;-3.78895989360561;40.45839691083648
"URB";5;5519;"61005";"Memorial 11 de Marzo 2004 O-E - Av.Pio XII-Comandante Franco";442913.050937088;4479787.540404898;-3.67338634886564;40.46680240877802
"URB";17;10015;"94009";"MONTEJO O-E(CIUDAD FRIAS-AV. REAL PINTO)";439450.925150315;4465267.102526957;-3.71284085374716;40.3357502678247
"URB";7;4445;"21023";"(TACTICO) Modesto Lafuente N-S(Viriato-Gral. Mtnez. Campos)";440926.891688535;4476307.249692424;-3.69648930555373;40.43531159310727
"URB";9;10106;"36019";"PLEYADES Nº 8 S-N (ARCOS DE LA FRONTERA - ESTUDIO)";433524.832546177;4479141.875326735;-3.78405113501286;40.46028794514247
"URB";11;10510;"58018";"VIA LUSITANA E-O Ø56 (PL. COIMBRA-FARO)";438473.767004176;4470327.981515867;-3.72483210868219;40.38126984022931
"URB";4;3939;"05011";"Serrano N-S - Villanueva-Pl. Independencia";441598.138972006;4474830.803642075;-3.68844000796663;40.42205846289139
"URB";8;10329;"73025";"MARIA DE MAEZTU E-O(JUANITA CRUZ-MARIA CASARES)";438716.799347865;4482885.428386581;-3.72318030814326;40.49441026989117
"URB";9;10104;"36020";"ANA TERESA ANTES Nº 22 E-O (ARDALES - PLEYADES)";433614.045022678;4479190.640099323;-3.78300409916877;40.4607343620095
"URB";17;5355;"87023";"AV. ROSALES S-N (CTRA VILLAVERDE-M-40)";442012.706218256;4468016.153363301;-3.68293297550693;40.36069734051386
"URB";15;5922;"44018";"Alcalá  - General Aranaz-Arturo Soria";445988.445727273;4476593.338692462;-3.63684007374803;40.43823295981694
"URB";5;5502;"60059";"Pºde la Habana N-S - Gutiérrez Solana-Pl.Quito";441697.489881972;4477962.58590611;-3.68755627418775;40.45027800331857
"URB";9;10107;"36021";"ANA TERESA, 35 A O-E ( A. VINDEL - PLEYADES)";433448.139893046;4479270.376455227;-3.78496909161215;40.46143937480814
"URB";19;11430;"67020";"Cañada Vicalvaro a San Fernando 212 - Aloe Vera-Blas de Lezo";453003.65165016;4473273.242212798;-3.55388365584338;40.40874919241791
"URB";10;4750;"24013";"N.S.VALVANERA Ø43 N-S (LAGUNA-V.CARPETANA)";437072.020860823;4471688.025845649;-3.74147894180162;40.39341704063705
"URB";11;11025;"49001";"GRAL.RICARDOS E-O(SAN PATRICIO-BLASA PEREZ)";438384.702951782;4471543.344389013;-3.72599883062688;40.3922118245562
"URB";6;10444;"62007";"Poeta Joan Maragall S-N - San Germán -Pintor Juan Gris";441309.085828618;4478671.302946793;-3.69220188508413;40.45663510246274
"URB";19;11431;"67021";"Mayorazgo de Duarte 313 - Erial de la Abuela-Blas de Lezo";453194.517744769;4473276.992617096;-3.55163454514547;40.40879373243938
"URB";8;10330;"73024";"MARIA DE MAEZTU E-O(MARIA CASARES-SENDA DEL INFANTE)";438642.621317908;4482798.911264603;-3.72404721137593;40.49362541625144
"URB";8;10692;"76065";"(CARRIL BUS)  MONASTERIO ESCORIAL, 14 E-O (MONASTERIO DE LAS HUERTAS- SANTUARIO DE VALVERDE)";439995.692442762;4484003.110184767;-3.70819554416164;40.50457216692758
"URB";12;3803;"26022";"AV.ANDALUCIA Ø110 N-S(GTA. MALAGA-AV. POBLADOS)";441014.438026915;4469323.078535648;-3.69480994300588;40.37240084586641
"URB";8;11355;"76072";"CCTV - SANTUARIO DE VALVERDE ENTRE (MONASTERIO DE OSEIRA Y MONASTERIO DE POYO)";441001.262878398;4484401.016158626;-3.69636530015439;40.50822875881875
"URB";17;5350;"87019";"ZAFIRO Ø5 O-E (BERROCAL-ESTEFANIA)";442544.039852142;4466718.446020461;-3.67655886681674;40.34904356906097
"URB";8;10313;"73030";"MARIA DE MAEZTU E-O(TERESA CLARAMUNT-FEDERICA MONTSENY)";438471.957137077;4482601.188136885;-3.72604178079654;40.49183163120318
"URB";8;11353;"76074";"CCTV - MONASTERIO DE POYO ENTRE (MONASTERIO DEL ESCORIAL Y SANTUARIO VALVERDE)";441103.934598932;4484473.310017835;-3.69516026966584;40.50888730255426
"URB";10;5259;"84024";"CTRA Bº FORTUNA N-S(TROMPAS-FLAUTAS)";434967.077244165;4469245.110594716;-3.76603004679079;40.37124859340855
"URB";17;9989;"87033";"AV. ROSALES S-N (EUSKALDUNA-AMERICIO)";442152.909899971;4467555.135011526;-3.68124006320502;40.35655394643142
"URB";19;11432;"67022";"Igualdad 46 - Aloe Vera-Blas de Lezo";453008.305611024;4473107.489606658;-3.55381656827135;40.40725623232945
"URB";10;10977;"24019";"(BUS)CJAL. FCO. J. JIMENEZ Ø126 E-O (BERLANAS-SEPULVEDA)";436040.476525758;4472398.565931231;-3.75370398950704;40.39973929789139
"URB";6;5511;"60070";"Lateral PºCastellana N-S - Francisco Gervás-Sor Angela de la Cruz";441474.318338458;4479096.57362453;-3.6902924745246;40.46047777691493
"URB";7;4446;"21024";"Gral. Martínez Campos,13 E-O(Modesto Lafuente-Alonso Cano)";440909.208787277;4476276.35052544;-3.69669490443564;40.43503198314243
"URB";17;4831;"26024";"AV. ANDALUCIA S-N (GIRO IZDA.-M-40)";441130.895808555;4468429.646264213;-3.69335575858049;40.36436053492318
"URB";17;11439;"26502";"ALCOCER SENTIDO Pº TALLERES";440649.732305673;4466796.317633394;-3.69887052458537;40.34961246094772
"URB";6;11083;"60071";"Fortunata y Jacinta S-N - Fortunata y Jacinta S-N";440752.278940198;4478253.901757619;-3.69872946362899;40.45283546733944
"URB";4;3940;"05012";"Goya, 9 E-O - Serrano-Pº Castellana";441604.187975368;4475214.857278853;-3.68840397772139;40.42551863062527
"URB";5;3941;"05013";"Serrano N-S - Pedro Valdivia-Maria Molina";441804.807918529;4476720.059465156;-3.68617693112578;40.43909227261632
"URB";6;5510;"60069";"Aviador Zorita N-S - Gral.Perón -Reina Mercedes";440803.293506797;4478177.356049197;-3.69812073667137;40.4521495458556
"URB";8;10074;"42303";"(MICRO)ACCESO M-40 (DELANTE GRUPO 13)";439003.773124695;4483077.758732051;-3.71981260720498;40.49616398283423
"URB";11;10503;"58026";"PL. RENDICION BREDA N-S (DELANTE GR-6)";437942.590794294;4469794.876756188;-3.73103743038895;40.37642798840032
"URB";11;3688;"84015";"AV. EURO N-S(OBOLO-AGUACATE)";437051.877790288;4468933.822793832;-3.7414441968738;40.36860441304417
"URB";8;6961;"73003";"VALLE PINARES LLANOS S-N (MIRADOR DE LA REINA - AV. ARROYO DEL FRESNO)";438219.274059498;4481956.991042633;-3.72896046217864;40.48600973582311
"URB";6;5650;"62034";"Orense S-N - Francisco Gervás-Rosario Pino";441163.614820144;4479239.4611673;-3.6939701190234;40.46174302625217
"URB";13;6487;"68005";"Ronda del Sur - Cooperativa Eléctrica-Av. Entrevías";443919.57138707;4469676.781598629;-3.66062277055786;40.37578774707401
"URB";13;10779;"68010";"Av. Entrevías - Renfe-Ronda Sur";444119.530560891;4469714.596358594;-3.65827073107023;40.37614183707073
"URB";6;5699;"63011";"Bravo Murillo S-N - Jaén-Tiziano";440354.477101055;4478002.39750683;-3.70339692326562;40.45054136065999
"URB";8;10326;"73022";"JUANITA CRUZ N-S(GLORIA FUERTES-MARIA DE MAEZTU)";438779.70888033;4483056.546213523;-3.72245452624052;40.49595639543231
"URB";7;4447;"21025";"Gral. Martínez Campos, 36 O-E(Zurbano-Miguel Angel)";441220.492518693;4476279.884376561;-3.69302537519254;40.4350858759233
"URB";17;11043;"27011";"JOSE PEREZ O-E(LAGUNA SANTIAGO-EDUARDO BARREIROS)";440085.88485099;4467277.196197184;-3.70555470174384;40.35390418205758
"other";11;1030;"14RE35PM01";"14RE35PM01";440063.048404203;4471890.783745577;-3.70625741849356;40.39546419450289
"URB";4;3942;"05014";"Hermanos Becquer N-S - General Oraa-Serrano";441702.945413007;4476378.56741065;-3.68734657526183;40.43600881686771
"URB";15;11172;"44081";"Alcalá - Lago Constanza-La Argentina";445016.258850411;4476037.533449018;-3.64825416645265;40.43316225203976
"URB";17;11042;"27010";"EDUARDO BARREIROS N-S(JOSE PEREZ-LAGUNA SANTIAGO)";440107.152448151;4467220.292417108;-3.7052989293005;40.35339308802215
"URB";17;4848;"27031";"PSO. FERROVIARIOS Ø9 N-S(SULFATO-ENCARNACION PINO)";439207.849251157;4466543.353508732;-3.71582387623269;40.3472297878677
"URB";8;10328;"73023";"JUANITA CRUZ S-N(ARROYO DEL MONTE-MARIA DE MAEZTU)";438909.412824394;4482944.059607166;-3.72091317209386;40.49495263846316
"URB";10;5033;"95039";"MILAGROSA S-N(JOSE ESPELIUS-PSO. EXTREMADURA)";437525.124059401;4473583.636190332;-3.73632650031151;40.41052762323393
"URB";10;4901;"37014";"VALMOJADO Ø9 S-N(VALMOJADO,53-VALMOJADO,49)";435700.579703463;4471991.995756128;-3.75766796936067;40.39605057828131
"URB";6;5648;"62032";"Francisco Gervás O-E - Orense-Poeta Joan Maragall";441241.720003487;4479132.150355603;-3.69303900414381;40.46078185209469
"URB";6;5698;"63010";"(AFOROS)Bravo Murillo S-N - Hernani-Palencia";440327.647719533;4477782.645875205;-3.70369264914304;40.4485598200892
"URB";6;5700;"63012";"Bravo Murillo S-N - Teruel -Avila";440371.281052683;4478143.799056306;-3.70321204748535;40.45181637058128
"URB";6;5706;"63019";"Castilla O-E - Goiri-Bravo Murillo";440312.628542527;4478264.708518263;-3.70391506324821;40.45290136352053
"URB";10;4754;"24020";"V.CARPETANA Ø123 E-O (SALVADOR A.-TARAZONA)";437345.974904364;4471906.863254879;-3.73827273329776;40.39540907654658
"URB";12;10990;"39005";"AV.POBLADOS E-O(RAFAELA YBARRA - GUETARIA)";439376.739669729;4469487.71134656;-3.71411517489408;40.37376644052227
"URB";6;5652;"62037";"Orense N-S - San Germán-Pedro Teixeira";441096.207694972;4478588.712861912;-3.69470473622782;40.45587603459518
"URB";8;10325;"73036";"GLORIA FUERTES O-E(MARIA CASARES-JUANITA CRUZ)";438617.223104156;4483062.32533741;-3.72437241924199;40.49599645353985
"URB";4;3944;"05016";"Serrano, 84 N-S - Padilla-Jose Ortega y Gasset";441739.807974326;4475861.435678876;-3.6868645748055;40.43135283073327
"URB";6;5653;"62038";"Infanta Mercedes N-S - Oñate-Rosa Silva";441177.004969097;4479409.293237399;-3.6938279358594;40.46327389269615
"URB";8;10327;"73037";"GLORIA FUERTES E-O(MARIA DE MAEZTU-JUANITA CRUZ)";438749.566764422;4483205.183130764;-3.72282457347385;40.49729313865016
"URB";10;5262;"84027";"FLAUTAS O-E(TIMBALES-CTRA Bº FORTUNA)";434849.246876909;4469129.983224782;-3.76740610131509;40.37020227710541
"URB";4;4027;"09011";"Alcala O-E - Velazquez-O´Donnel";442025.935395892;4474726.048841139;-3.68338794361065;40.42114469562053
"URB";12;10290;"87037";"SAN MARIO, 18 N-S (SAN MAXIMO-CARABELOS)";441204.277656719;4469655.943919184;-3.69260461788205;40.37541289621981
"URB";13;10936;"68037";"Av. Entrevías - Serena - Benamejí";443418.879148034;4470128.466821618;-3.66656060671212;40.3798229577991
"URB";16;11146;"70006";"Fuerzas Armadas - P.P. (16-156)-Rocio Jurado";446278.411937856;4481972.673615269;-3.63387669916926;40.48671163501691
"URB";10;10978;"24021";"(BUS)CJAL. FCO. J. JIMENEZ Ø86 O-E (F. CALVO-ALHAMBRA)";436731.12088795;4472480.005854622;-3.74557413337625;40.40052570279115
"URB";8;5903;"42403";"(TACTICO) JULIO CALVO 26 S-N(CARDENAL HERRERA ORIA-VALLE PINARES LLANOS)";438767.485906583;4481561.202210639;-3.72245428563664;40.4824849548414
"URB";10;4759;"24026";"ALHAMBRA,28 N-S (A.CALVO-GREG.VACAS)";436801.36802155;4472577.998458987;-3.74475612068548;40.40141379519287
"URB";13;10919;"68033";"La Mancha - La Mancha-Lagartera";443123.923298276;4470222.474385646;-3.67004353482491;40.38064975389701
"URB";6;3449;"60079";"Av.Asturias O-E - Conde de Serrallo-Pl.Castilla";441425.177059951;4479791.156957923;-3.69093615278117;40.46673141448237
"URB";12;4777;"48006";"MANUEL NOYA N-S(M. SILVELA-MARCELO USERA)";439534.647476492;4470830.862794371;-3.71238266880127;40.38587770715796
"URB";8;10324;"73038";"GLORIA FUERTES E-O(JUANITA CRUZ-MARIA CASARES)";438564.801468069;4483016.809025051;-3.72498658154119;40.4955825497583
"URB";13;10938;"68038";"Av. Entrevías - Serena - Peal";443576.595459063;4469987.217371237;-3.66469022383543;40.378561191538
"URB";11;5302;"85025";"BALEARES O-E (CALLE DEL SORBE-MARQUÉS DE JURA REAL)";439492.598650998;4471283.96747077;-3.71292107676636;40.38995644709708
"URB";11;10597;"84037";"(CARRIL BUS) REAL E-O(CALDERILLA-VIA LUSITANA)";436951.511119931;4468368.89912181;-3.74257043461117;40.36350772856167
"URB";4;3798;"05019";"Serrano N-S - Recoletos-Pl. Independecia";441584.325458217;4474716.885457588;-3.68859236593961;40.42103126209022
"URB";11;3574;"50030";"SAN VICENTE PAUL S-N";438374.597659671;4470804.173825325;-3.72604637764103;40.38555228053493
"URB";5;7085;"60404";"(TACTICO)Alberto Alcocer E-O(Giro E-S) - Juan Ramón Jiménez - Dr. Fleming";441674.702973699;4478924.769545749;-3.68791337375699;40.45894418062731
"URB";15;10720;"45072";"Hermanos García Noblejas - Dr. Cirajas-Vital Aza";446027.347533754;4476274.273331893;-3.63635431634851;40.43536116484194
"URB";8;10317;"73042";"GLORIA FUERTES E-O(SENDA DEL INFANTE-MENCHU AJAMIL)";438368.718495139;4482790.955551156;-3.72727837879967;40.49353345496301
"URB";11;5275;"85001";"ENTRADA A CRUCE DESDE TUNEL CALLE 30 N-S(A 150M LINEA DE PARADA)";439117.920692091;4472300.768074416;-3.71743256002625;40.3990889744319
"URB";11;5301;"85024";"PEDRO YAGUE S-N (Pº STA MARIA CABEZA-MARQUES JURA REAL)";439907.417821093;4471591.956385289;-3.70806293493731;40.39276099406571
"URB";10;10236;"24404";"(TACTICO)VILLAMANIN Ø40 N-S (VILLAMANIN-VILLASANDINO)";436066.625396645;4473064.216561815;-3.75346273199658;40.40573774872745
"URB";5;7080;"60402";"(TACTICO)Entrada Edificio Nuevos Ministerios (Delante G.6) - (TACTICO)Entrada Edificio Nuevos Ministerios (Delante G.6)";441354.460393114;4477192.696393115;-3.69153022267877;40.44331836348644
"URB";17;4851;"27034";"ALCOCER TRAS GR-6 E-O (EDUARDO BARREIROS-CTRA. CCHEL. VILLAVERDE)";440089.216861393;4466853.08553707;-3.70547565039366;40.35008379126962
"URB";6;3668;"62048";"San Germán O-E - Gral.Ramírez de Madrid-Gral.Cabrera";440927.730441881;4478656.257107302;-3.69669788403585;40.45647254363347
"URB";5;11340;"60403";"(TACTICO) CCTV Jorge Manrique E-O - Entrada Lateral Castellana";441434.400396161;4477225.277393267;-3.69059066348277;40.44361750262457
"URB";17;4852;"27035";"VILLALONSO, 41 O-E(JUAN PEÑALVER-HUERTA VILLAVERDE)";439937.761823509;4466788.276699851;-3.70725287200066;40.34948906507877
"URB";12;4977;"39024";"RAFAELA YBARRA N-S(RICARDO BELTRAN Y ROZPIDE-AV.POBLADOS)";439528.253855237;4469588.647319175;-3.71234011114747;40.37468673095034
"URB";8;10318;"73043";"SENDA DEL INFANTE N-S(GLORIA FUERTES-MARIA DE MAEZTU)";438441.783146004;4482809.056347582;-3.72641800554184;40.4937019347578
"URB";4;3697;"05020";"Alcala E-O - Lagasca-Pl. Independencia";441788.305404267;4474663.439094983;-3.6861831625387;40.42056408561638
"URB";12;4986;"39039";"AV.POBLADOS E-O(PRADOLONGO-CON.VIEJO VILLAVERDE)";439809.298071148;4469343.638355164;-3.70900659615623;40.37249990469044
"URB";6;5663;"62049";"Julián Besteiro S-N - Pedro Teixeira-San Germán";441045.679126479;4478572.341651799;-3.69529910259233;40.45572497294437
"URB";13;10776;"68608";"Av. Entrevías - Calero Pita-Hernández Más";443173.690781305;4470460.383793715;-3.66947849086812;40.38279637780249
"URB";8;10534;"73049";"GLORIA FUERTES O-E (IRENE CABA ALBA- IRENE CABA ALBA)";437828.089901368;4482260.835196706;-3.73360555063675;40.48871765301122
"URB";6;5664;"62050";"Infanta Mercedes S-N - San Enrique-San Germán";440793.15756535;4478607.092551461;-3.69828033847965;40.45602007227676
"URB";17;5391;"94010";"SAN NORBERTO E-O(SAN TARSICIO-SAN ERASMO)";440083.597700103;4465696.045400812;-3.70543321779755;40.33966009891711
"URB";7;4448;"21026";"Miguel Angel S-N(Rafael Calvo-Gral. Martínez Campos)";441370.69820313;4476177.283574059;-3.69124506892353;40.43417220219489
"URB";13;10775;"68609";"Av. Entrevías - Benemeji-La Mancha";443294.520478766;4470267.823102547;-3.66803793517024;40.38106990890733
"URB";5;10469;"60405";"(TACTICO) Jorge Manrique E-O - Entrada Lateral Castellana";441416.026919773;4477227.032906015;-3.69080746581018;40.44363202266846
"URB";15;6019;"46011";"Arturo Soria - Emilio Vargas-Hernández de Tejada";444811.78357545;4477767.216207546;-3.65081502074129;40.44873061233285
"URB";5;5517;"61003";"Mateo Inurria O-E - Av.Recuerdo-Pº de la Habana";442297.02879282;4479869.80130983;-3.68065982134898;40.46750089162176
"URB";6;5665;"62051";"Infanta Mercedes S-N - San Germán-Huesca";440829.051151488;4478724.110940895;-3.69786794963055;40.45707677943886
"URB";12;4995;"39049";"PORTA COELI S-N(ANGELUS-EVANGELIOS)";440467.396513445;4470453.168034887;-3.70135882506252;40.38254240742144
"URB";12;4827;"26018";"AV.ROSALES Ø1001 E-O(AV. ANDALUCIA-EDUARDO BARREIROS)";440974.347663227;4468963.691081915;-3.69524887475296;40.36916044463749
"URB";8;10405;"73045";"MARIA MONTESSORI E-O(MARIA DE MAEZTU-GLORIA FUERTES)";438142.971104437;4482348.159223713;-3.72989887853495;40.48952781782766
"URB";8;10535;"73050";"GLORIA FUERTES O-E (IRENE CABA ALBA- MARIA MONTESSORI)";437915.188838688;4482360.220073014;-3.73258763081053;40.48961946056995
"URB";8;10532;"73051";"MARIA MAEZTU O-E(IRENE CABA ALBA-IRENE CABA ALBA)";437923.816366004;4482096.47102715;-3.7324600036979;40.4872441746406
"URB";6;5666;"62052";"Infanta Mercedes N-S - Pensamiento-Alonso Castrillo";440886.186868583;4478903.292699358;-3.69721081911956;40.45869499001816
"URB";7;7018;"63060";"Av. Filipinas 44 E-O  -  (Boix y Morer-Santander)";440074.037204107;4476987.279160522;-3.70660812543735;40.44137657804106
"URB";9;5768;"97011";"Ctra. A-6 N-S(Lateral) (Entrada a Gta.Cardenal Cisneros) - Paul Guinard - Gta.Cardenal Cisneros";438283.781373776;4476875.253203746;-3.72770518802373;40.44023645548977
"URB";8;10531;"73053";"MARIA MAEZTU O-E(IRENE CABA ALBA-MARIA GOYRI)";438029.847527812;4482180.866868651;-3.73121725074985;40.4880123599829
"URB";10;10987;"95046";"PSO. EXTREMADURA O-E(FCO. BRIZUELA-NAVAS DEL REY)";437340.065307985;4473517.249233644;-3.73850088660792;40.40991567232285
"URB";8;9999;"73403";"(TÁCTICO) AV. HERRERA ORIA E-O (GIRO IZDA. ARROYOFRESNO)";437179.355542388;4480950.918382401;-3.74112997418631;40.47686869763658
"URB";4;4223;"05024";"Jorge Juan O-E - Pº Castellana-Serrano";441513.800475242;4475082.274859352;-3.68945724977498;40.42431791456434
"URB";5;5524;"61010";"Mateo Inurria E-O - Manuel Ferrero-Enrique Larreta";441951.046363985;4479818.949032559;-3.68473607526459;40.46701868862837
"URB";6;5670;"62056";"Sor Angela de la Cruz O-E - Poeta Joan Maragall-Pl.Cuzco";441352.429946392;4478943.743475403;-3.69171588998271;40.45909242381406
"URB";6;5671;"62057";"Infanta Mercedes N-S - Francisco Gervás- Sor Angela de la Cruz";440958.647246439;4479117.033182855;-3.69637613578318;40.46062560508106
"URB";17;4832;"26025";"CTRA. VALLECAS Ø3 E-O (VILLAJOYOSA-AV. ANDALUCIA)";441216.543877529;4467059.971550307;-3.69222086544903;40.35202774725023
"URB";11;5303;"85026";"PTE DE LOS CAPUCHINOS ENTRADA CRUCE S-N";439579.36838134;4471287.915707076;-3.71189917240676;40.3899983129709
"URB";12;4791;"85029";"EUGENIO CAXES  E-O";440336.580060677;4471463.834298986;-3.70299453254863;40.39163765683288
"URB";7;4449;"21027";"Miguel Angel N-S(Rafael Calvo-Eduardo Dato)";441364.82874529;4476155.112728287;-3.69131222010672;40.43397206306967
"URB";16;11153;"70003";"Av. Fuerzas Armadas - Av. Fco. Javier Saenz de Oiza - Av. F. Armadas Parking_Oeste";445630.437394148;4481747.422537011;-3.64150256773335;40.48464028154915
"URB";11;10579;"50029";"(CARRIL BUS) OPORTO O-E(MERCEDES DOMINGO-A. LANCHA)";438816.944803631;4470761.108570951;-3.72083107331357;40.38519692983537
"URB";16;11152;"79060";"Francisco Pi y Margall, 77 - Ana de Austria-Vicente Blasco Ibáñez";444103.719792272;4482422.545180934;-3.65957461959632;40.49062070231329
"URB";6;5732;"63045";"Hernani E-O - Orense-Edgar Neville";441002.00589237;4477710.392174806;-3.69573405487827;40.44795706080295
"URB";4;5766;"97006";"Cartagena  86 S-N - Coslada - Av.America";442964.505661517;4476601.071436876;-3.67249320813091;40.43810071933986
"URB";8;9860;"76014";"AV. MONTECARMELO N-S  (MONASTERIO ESCORIAL - MONASTERIO SILOS)";440794.703845825;4483946.928701011;-3.69876070068057;40.50412346776577
"URB";5;10048;"05025";"Serrano 191 N-S - Turia - Cidacos";442171.127444189;4478021.068482328;-3.68197641170015;40.4508379267967
"URB";6;5672;"62058";"Infanta Mercedes S-N - Pensamiento-Sor Angela de la Cruz";440923.270066275;4478995.424246404;-3.69678205138757;40.45952758666073
"URB";17;5399;"94018";"DOMINGO PARRAGA E-O(ALBERTO PALACIOS-TRAV. LEGANES)";439433.273733909;4465968.575377912;-3.71311518021293;40.34206825756367
"URB";9;5770;"97013";"Av. Complutense N-S  - Arquitecto López Otero - Gta.Cardenal Cisneros";438361.324065715;4476990.10089156;-3.72680208278658;40.44127679960592
"URB";2;4099;"11028";"EMBAJADORES S-N(BRONCE -ANTRACITA)(TUNEL A 130MTS)";441293.530856241;4471173.183327721;-3.69169309052801;40.38908731250677
"URB";7;4450;"21028";"Eduardo Dato, 4 O-E(Fernández de la Hoz-Zurbano)";441073.891628649;4476028.250223458;-3.69473038557341;40.43280866536944
"URB";11;5100;"96045";"OCA ENTRE BERNARDINA ARANGUREN Y TINTAS SENTIDO O-E";437093.888617084;4471154.220418925;-3.741168572275;40.38860993996219
"URB";9;5771;"97014";"Acc.Ingeniros Navales E-O -  Ing.Navales-Gta.Cardenal Cisneros";438475.119926998;4476821.909598509;-3.72544409266657;40.43977009437946
"URB";16;6628;"79403";"Alcalde Aristizabal Manchón - Alcalde Henche Plata-Príncipe Carlos";444856.68894746;4482200.324447721;-3.65067081595638;40.48866919988753
"URB";9;4860;"28006";"ARAQUIL Nº 12 E-O (ARANDILLA - PSO. ERMITA)";433878.409666545;4479163.100047109;-3.77988339638826;40.4605073530359
"URB";8;6573;"75016";"AFUERAS VALVERDE O-E(ISLA FORMOSA-NTRA. SRA. VALVERDE)";441746.898685723;4483334.762730068;-3.68746705234137;40.49867625239433
"URB";8;6575;"75017";"ANTONIO CABEZON E-O (RENFE - NTRA. SRA. VLAVERDE)";442007.335168737;4483793.011389585;-3.68443570605288;40.50282257041389
"URB";8;6955;"75018";"NTRA. SRA. VALVERDE N-S (MONASTERIO ARLANZA - ALONSO QUIJANO)";441925.676664917;4484129.031878186;-3.68543019656617;40.50584385551214
"URB";4;3887;"02043";"(TACTICO) ALCALDE SAINZ BARANDA E-O(GIRO A M-30)";443900.860032853;4474746.194775317;-3.66128986274622;40.42145469996787
"URB";2;4079;"11002";"Po MOLINO E-O(EMBAJADORES-PL.LEGAZPI)";441144.73630848;4471309.131161324;-3.69345866226538;40.39030150375891
"URB";12;3556;"85041";"CNO. PERALES E-O(PETROLEO-ANTONIO LOPEZ)";441007.501101086;4470290.028188724;-3.69498114772506;40.38111116982813
"URB";16;11164;"79406";"Acceso Plz Moreno Torres (Parada BUS) - Plz Moreno Torres-Princesa Eboli";444489.637519158;4482160.295037679;-3.65499811433976;40.48828413328295
"URB";11;9878;"38050";"BELZUNEGUI S-N (AV. POBLADOS-CARCASTILLO)";437257.59119431;4469779.479277953;-3.73910458970463;40.37623799254411
"other";2;6851;"15RV50PM01";"15RV50PM01";439214.985892061;4472453.91792496;-3.71630345417119;40.40047571158036
"URB";17;5400;"94019";"ASTILLERO N-S(ESCRIBANOS-DOMINGO PARRAGA)";439352.813498244;4466017.887073988;-3.71406713681282;40.34250664111702
"URB";2;4109;"11040";"HIERRO N-S(GRANITO-BOLIVAR)";441285.146684153;4471571.475828675;-3.691828585249;40.39267475334324
"URB";7;4460;"22007";"(MICRO) Pl. San Juan de la Cruz  E-O (P.M.7)";441214.497613703;4476977.157605487;-3.69316056131648;40.44136680880769
"URB";9;10525;"36004";"FDO. LAZARO CARRETER O-E (CARLOS GARDEL - CAMINO BARRIAL)";432728.720751052;4479251.013055768;-3.79345171087218;40.46120701273005
"URB";6;3751;"62061";"Sor Angela de la Cruz O-E(Lateral) - Bravo Murillo-Infanta Mercedes";440877.575833744;4479069.000056958;-3.69732780880346;40.46018713836666
"URB";8;10367;"76030";"MONASTERIO SUSO Y YUSO E-O (MONASTERIO BATUECAS - MONASTERIO MONTESCLAROS)";440366.21395255;4483749.481646492;-3.7037989294965;40.50231411080796
"URB";5;10050;"05027";"Cinca 6 E-O - Sil - Serrano";442203.185772363;4477926.213585829;-3.68158973957016;40.44998565988263
"URB";21;11195;"70016";"Av Fuerzas Armadas Estacion - Estacion-Gta Antonio Perpiña";447788.291553399;4481475.92192701;-3.61602126673793;40.48233296842799
"URB";7;4472;"97017";"San Francisco Sales O-E - Santander-Pablo Iglesias";439913.459968064;4477408.546066287;-3.70854125791127;40.44515993924946
"URB";12;3830;"85034";"ANTONIO LOPEZ S-N(SEBASTIA GOMEZ-GTA.CADIZ)";440758.5353393;4470947.204815223;-3.69797507294268;40.38701370429176
"URB";21;11196;"70017";"Av. Fuerzas Armadas- Estación E-O (Vía Servicio) - Estacion-Gta Antonio Perpiña";447797.444628571;4481503.847110393;-3.61591557919853;40.48258510874003
"URB";16;6629;"79404";"Alcalde Álvarez de Villaamil - Alcalde Henche Plata-Príncipe Carlos";444847.023994021;4482289.522267612;-3.65079261402972;40.48947209251057
"URB";5;5525;"61011";"Mateo Inurria O-E - Enrique Larreta-Pl.Castilla";441752.575806328;4479765.319633952;-3.68707211916644;40.4665216803812
"URB";2;4100;"11029";"PASEO MOLINO E-O(LEGAZPI-EMBAJADORES)";441159.432056022;4471286.308113142;-3.69328341409269;40.39009693977859
"URB";7;7019;"23015";"AV. FILIPINAS 14 E-O (LATERAL DCHO)(JESUS MAESTRO-CEA BERMUDEZ)";439668.644885429;4476800.526197908;-3.71137016647112;40.43966491389889
"URB";11;10963;"85049";"GRAL. RICARDOS N-S(M.VADILLO-PSO. QUINCE DE MAYO)";439192.924211715;4472114.927335883;-3.71653103736312;40.39742031293657
"URB";5;5531;"61017";"Av.Burgos N-S - Ntra.Sra. del Recuerdo- Pl.Duque de Pastrana";442595.84469092;4480017.982972913;-3.67714865345098;40.46885647938142
"URB";2;10921;"12020";"RETAMA E-O (TAMARINDO-OMBU)";442679.274377016;4471779.201665073;-3.67542157404709;40.39464317286802
"URB";6;5678;"62066";"Infanta Mercedes S-N - Sor Angela de la Cruz-Francisco Gervás";440965.215354143;4479119.526658502;-3.69629890415756;40.46064853401086
"URB";7;5777;"97027";"Av. Reina Victoria O-E  - Gral. Ibáñez Íbero - Pablo Iglesias";439785.134104322;4477599.324887777;-3.71007245449387;40.44686926941544
"URB";8;6956;"75020";"NTRA. SRA. VALVERDE S-N (ALONSO QUIJANO - MONASTERIO ARLANZA)";441929.530656387;4484137.507776238;-3.68538548964896;40.50592047928563
"URB";7;3411;"97028";"Av.Pablo Iglesias S-N  - San Francisco de Sales-Reina Victoria";440010.662602112;4477514.216344538;-3.70740510632971;40.44611888073839
"URB";8;10374;"76035";"MONASTERIO MONTESCLAROS N-S (MONASTERIO SILOS - MONASTERIO SUSO Y YUSO)";440456.955316557;4483798.058940342;-3.70273264177844;40.50275822830928
"URB";11;10951;"85052";"STA. SATURNINA N-S(AV. EMPERATRIZ ISABEL -PSO QUINCE DE MAYO)";439030.288569481;4472215.922272084;-3.71845701214443;40.39831823207911
"URB";13;5866;"83406";"Tranvía de Arganda - Cocherón Villa-Albufera";446287.160273172;4470536.154659175;-3.63280685253253;40.38368549800562
"URB";11;10842;"38059";"AV. EURO S-N (ENRIQUE ORO - AV. POBLADOS)";437309.124062198;4469368.072994052;-3.73845712025663;40.37253573000246
"URB";16;11193;"70018";"Av Fuerzas Armadas E-O Salida Antonio Perpiña - Gta Antonio Perpiña-Av Fuerzas Armadas, 322";447492.703818742;4481475.771009116;-3.61950856124098;40.4823129689138
"URB";3;10018;"05708";"(AFOROS) Alcala O-E - Pl. Cibeles-Pl. Independencia";441353.819311398;4474555.633139145;-3.69129446954401;40.41956240813712
"URB";5;5526;"61012";"Enrique Larreta N-S - Agustín de Foxá-Mateo Inurria";441804.813773568;4479878.543416841;-3.68646636000745;40.46754530930937
"URB";9;4872;"36025";"CTRA. HUMERA Ø42 S-N (GTA. RIO ZANCARA-VIRGEN ROSALES)";433923.182935349;4478312.182245025;-3.77926678623721;40.45284563035404
"URB";6;5686;"62076";"Bravo Murillo N-S - Marqués de Viana-Maria Zayas";440704.403716256;4479012.196543618;-3.69936486105464;40.45966308966229
"URB";9;5772;"97021";"Av.Reina Victoria E-O  - Av.Pablo Iglesias -Ibánez Íbero";439887.036309132;4477633.033163942;-3.70887406969451;40.44718030212942
"URB";16;11190;"70019";"Av. Fuerzas Armadas 298 E-O - Av. Fuerzas Armadas 298-Gta Isidro Gonzalez";447189.113322753;4481475.92192701;-3.62309029291424;40.48229507431083
"URB";4;9894;"06003";"Jorge Juan O-E - Lagasca -Velazquez";441871.940514373;4475024.486830667;-3.68523036513497;40.42382243007418
"URB";17;10014;"94024";"VALLE TOBALINA N-S (ACEBEDA - BASCUÑUELOS)";439233.692228964;4465543.840013308;-3.71542446782492;40.33822748939334
"URB";2;10927;"12031";"AV PLANETARIO O-E(SALIDA TUNEL)";441968.02172842;4471609.329815078;-3.68378636370104;40.39306362025326
"URB";16;11133;"55113";"Moscatelar - Retamar - PL.";445196.856534662;4478705.235361505;-3.64635523103384;40.45720625317457
"URB";16;11189;"70020";"Av. Fuerzas Armadas 298 E-O (Vía Servicio) - Av. Fuerzas Armadas 298-Gta Isidro Gonzalez";447188.094958364;4481504.104615191;-3.62310465506164;40.48254889372568
"URB";5;3952;"06004";"Principe Vergara, 131 N-S - Lopez Hoyos - Gomez Ortega";442448.874747091;4477134.825721666;-3.67862084820446;40.44287351053752
"URB";9;5407;"29004";"AV. COMPLUTENSE S-N(FRENTE A FACULTAD FARMACIA-PARANINFO)";438286.335669402;4477636.125400634;-3.72774899209542;40.44709087240761
"URB";8;10643;"42054";"AV. VENTISQUERO DE LA CONDESA N-S(VALLE DE ENMEDIO-CERRO MINGUETE)";439272.368559188;4482116.486450325;-3.71655104618899;40.48752422388193
"URB";5;5534;"61020";"José Bardasano N-S - Av.Pio XII-Memorial 11 de Marzo 2004";442999.426896118;4479824.89854774;-3.67237089793423;40.46714487878674
"URB";6;7094;"62085";"Sor Angela de la Cruz O-E(Giro Izqda) - Poeta Joan Maragall-Orense";441217.284086938;4478962.54596614;-3.69331149188429;40.45925225561077
"URB";9;5779;"97031";"Estudiantes N-S - Juán Montalvo - Reina Victoria";439578.958562695;4477608.106444212;-3.71250439805748;40.4469334182363
"URB";5;5533;"61019";"Av.Pio XII S-N - Comandante Franco-Memorial 11 de Marzo 2004";442755.041984358;4479698.914058188;-3.67524207267315;40.46599315011802
"URB";6;5657;"62086";"Julián Besteiro - Sor Angela de la Cruz - Pensamiento";441076.123047043;4478962.734154206;-3.69497631415616;40.45924395331996
"URB";16;11148;"70022";"Fuerzas Armadas E-O - P.P. (16-157)-Rocio Jurado";446423.810305802;4481906.022025464;-3.6321555670575;40.4861206007361
"URB";9;4865;"36303";"(MICRO) ANA TERESA, 29A O-E (A. VINDEL - PLEYADES)";433499.589875332;4479231.059858353;-3.78435818131292;40.46108932083348
"URB";;3835;"36400";"(TÁCTICO) AV. ESTACIÓN S-N Ø8 (FERNANDO ORIOL - AV- VICTORIA)";429115.008420593;4480780.162875772;-3.83624139312444;40.47468134605484
"URB";8;3723;"75021";"NTRA. SRA. VALVERDE N-S(M603-MONASTERIO ARLANZA)";441940.433523545;4484373.796441252;-3.68527848094954;40.50804981700997
"URB";8;6954;"75022";"MONASTERIO ARLANZA O-E(M607-NTRA. SRA. VALVERDE)";441867.547206192;4484296.102806914;-3.68613156847959;40.5073448201662
"URB";10;4898;"37011";"VALMOJADO, FRENTE Ø32 S-N(VALMOJADO-ILLESCAS)";435632.46431106;4471441.438428393;-3.75841488838201;40.3910856773914
"URB";2;4144;"12038";"GENERAL LACY N-S(DELICIAS-ANCORA)";441388.526636943;4472791.827349019;-3.69072290154824;40.40367560192875
"URB";5;3953;"06005";"Lopez Hoyos, 74 E-O - Gomez Ortega-Principe Vergara";442549.542669983;4477033.9346986;-3.67742476528341;40.44197159751877
"URB";6;3424;"63001";"Bravo Murillo N-S - Fulgencio Miguel-Francos Rodríguez";440412.051044242;4478497.568790779;-3.70276447576911;40.45500619921082
"URB";11;5136;"58005";"AV. DE ABRANTES N-S ENTRE PELÍCANO Y ARGÜESO";438344.185605106;4470434.193589613;-3.72636885024361;40.38221707164973
"URB";10;5311;"86008";"JOSE CADALSO N-S(SOLEDAD CAZORLA-AV. AVIACION)";434790.875377691;4469570.619540913;-3.76813866779469;40.37416714575638
"URB";2;3522;"97055";"Méndez Álvaro O-E - (Ariel - M-30)";442463.814816005;4471648.545961848;-3.67794840412538;40.39345129718808
"URB";5;3954;"06006";"Principe Vergara S-N - Francisco Silvela-Lopez Hoyos";442431.627085939;4476838.147108057;-3.67879732849947;40.44019969321661
"URB";17;10017;"94026";"VALLE TOBALINA S-N (MONTEJO-BASCUÑUELOS)";439240.511808515;4465408.734692893;-3.71533133001198;40.33701087990405
"URB";10;11455;"37031";"ILLESCAS O-E (CAMARENA - OCAÑA)";436137.922406561;4471293.015565271;-3.75244490097633;40.38978752813745
"URB";6;3425;"63002";"Bravo Murillo N-S - Navarra-Castilla";440388.395197063;4478331.854603379;-3.70302788733741;40.45351168082469
"URB";10;11456;"37032";"OCAÑA S-N (NTRA. SRA. DE LA LUZ - ILLESCAS)";436171.741440175;4471186.074786127;-3.75203574987954;40.38882675297282
"URB";8;10373;"76038";"MONASTERIO SUSO Y YUSO O-E (MONASTERIO MONTESCLAROS - MONASTERIO PAULAR)";440533.028517298;4483732.960774115;-3.70182877051581;40.50217725762349
"URB";6;3584;"63007";"Bravo Murillo N-S - Almansa-Gta.Cuatro Caminos";440317.023084126;4477747.670723878;-3.70381464546719;40.44824398645122
"URB";7;5780;"97032";"Av. Del Valle S-N - Poeta Angela Figuera - Reina Victoria";439381.06135544;4477386.652096912;-3.71481675829745;40.44492406151385
"URB";10;5315;"86012";"RAFAEL FINAT N-S(SOLEDAD CAZORLA-AV. AVIACION)";434370.750294224;4469653.841958928;-3.77309572409034;40.37488387077962
"URB";2;10814;"12035";"RAMIREZ PRADO O-E(JUAN M.EMPECINADO-VILLA PRADO)";441624.650602994;4472307.256172723;-3.6878959883909;40.3993269187829
"URB";11;5133;"58002";"AV.ABRANTES N-S(PL.VULCANO-BESOLLA)";437706.947995402;4469791.311553942;-3.73381274308077;40.37637829150926
"URB";9;9917;"29021";"EDUARDO SAAVEDRA S-N(E.INGENIEROS DE CAMINOS-PROF.ARANGUREN)";438039.196749306;4477667.630681973;-3.73066618939585;40.44735630079186
"URB";11;10942;"38007";"CONSUELO GUZMAN S-N(PARAGUAYA-AV. POBLADOS)";436014.743933408;4469795.66234291;-3.75374574621495;40.37628928377551
"URB";8;10333;"75029";"AV. MONASTERIO ARLANZA S-N (M-607 - SILOS)";441486.501534552;4484565.394619892;-3.69065358983547;40.50974390667769
"URB";20;11302;"64046";"Julia Garcia Boutan 3 - Calatorao-Ainsa";448276.713842406;4475634.570919942;-3.6097829867774;40.42974126569029
"URB";8;10335;"75030";"AV. MONASTERIO SILOS O-E (SOBRADO - ARLANZA) CARRIL DERECHO";441376.010481276;4484554.784615065;-3.69195667853867;40.50964052666879
"URB";9;4527;"31043";"DR.FEDERICO RUBIO Y GALI N-S(MORERAS-PABLO IGLESIAS)";439536.257746484;4478274.44560816;-3.71307134756915;40.45293296421202
"M30";4;3828;"PM40754";"PM40754";443525.251053552;4474640.604432208;-3.66570783655454;40.42047807716887
"URB";5;10606;"06007";"Velazquez N-S - Lopez Hoyos -Maria Molina";442066.963456097;4476656.70334526;-3.68308029897719;40.43853983547955
"URB";7;5696;"63008";"Sta.Engracia S-N - Maudes-Gta.Cuatro Caminos";440359.591907512;4477446.548653302;-3.70328440998816;40.4455344060025
"URB";21;11203;"70035";"Fuerzas Armadas- Acceso Gta Antoñete - Gta. Anibal Gonzalez-Gta Antoñete";448581.684091553;4481387.31519683;-3.60665371905726;40.48158426246582
"URB";6;5697;"63009";"Bravo Murillo S-N - Gta.Cuatro Caminos-Hernani";440314.229650708;4477676.432477999;-3.70384088989612;40.44760204169396
"URB";16;11135;"55115";"Moscatelar - Parma - Milan";444954.191274641;4478694.963964101;-3.64921619129305;40.45709768510547
"URB";5;3486;"61021";"Sta.Maria Magdalena S-N - Prieto Ureña-Memorial 11 de Marzo 2004";443062.294691696;4479684.001629472;-3.67161672292149;40.46587992655744
"URB";9;4485;"97067";"Av.Séneca 14 E-O - Entrada Pte Franceses";437954.838490328;4476283.708280666;-3.73152574330324;40.43488311284602
"URB";5;5535;"61022";"Pº de la Habana N-S - Mateo Inurria-Comandant Franco";442431.026299945;4479845.62028807;-3.67907710844711;40.46729235499428
"URB";9;3471;"97066";"Pº Ruperto Chapí E-O - Entrada Pte Franceses";437934.044621827;4476184.050582317;-3.73176115584815;40.43398380611091
"URB";17;11054;"39301";"(MICRO) EDUARDO BARREIROS N-S(GIRO A CORTE DEL FARAON)";440526.852678969;4468185.503289637;-3.70044686466376;40.36211828948205
"URB";17;5390;"94027";"BASCUÑUELOS O-E (SAN MAMES - VALLE TOBALINA)";439172.655982169;4465480.963354885;-3.71613702819622;40.33765661398522
"URB";2;4145;"12039";"ANCORA E-O(MENDEZ ALVARO-GENERAL LACY)";441493.54907494;4472691.696315208;-3.68947611733308;40.40278095601079
"URB";16;11137;"55117";"Moscatelar - Tantalis - Parma";444842.54143338;4478698.933736235;-3.65053326601191;40.45712604395853
"URB";11;4927;"38006";"BELZUNEGUI N-S(REAL MADRID-AV. POBLADOS)";437278.75434222;4469572.976207047;-3.73883498791426;40.37437930956449
"URB";6;5707;"63020";"Juán Pantoja O-E - Topete-Bravo Murillo";440270.795996432;4477948.973800919;-3.7043786750228;40.45005408884553
"URB";8;10336;"75032";"AV. MONASTERIO ESCORIALO-E (COLEGIATA CERVATOS -ARLANZA)";441362.345966854;4484729.424981221;-3.69213412874928;40.51121278186901
"URB";2;4146;"12040";"GENERAL LACY S-N(CANARIAS-ANCORA)";441376.641508601;4472606.494128942;-3.69084588655595;40.40200518760515
"URB";16;6626;"70403";"Av. Niceto Alcalá Zamora - Pintor Ignacio Zuloaga - Av. Francisco Pi y Margall";445091.071490978;4481703.080416299;-3.64786228229589;40.48420533041171
"URB";2;4147;"12041";"ANCORA E-O(GENERAL LACY-RAFAEL RIEGO)";441357.031997298;4472703.734856311;-3.69108591706676;40.4028798015835
"URB";17;4993;"39400";"(TACTICO) SALIDA PEUGEOT";440329.251327095;4467808.156478522;-3.70273865639266;40.35870482014998
"URB";4;4225;"06009";"Maria Molina (Debajo Tunel) O-E - Serrano-Velazquez";441951.127313683;4476565.13008311;-3.68443764843504;40.4377068221889
"URB";8;6578;"75404";"(TACTICO) ISLAS JARVO 2 O-E";441788.393343935;4482648.206331321;-3.68691431237919;40.49249440326097
"URB";6;4529;"31050";"OFELIA NIETO S-N(VILAAMIL-Po DIRECCION)";439982.908237968;4479345.965357966;-3.70790552515911;40.46261801357398
"URB";5;3518;"61026";"Jerez E-O - an Telmo-Pº de la Habana";442428.035789553;4479516.860339904;-3.67908255260613;40.46433053304025
"URB";6;5708;"63021";"Jaén E-O - San Antonio-Bravo Murillo";440418.333991996;4477991.297512383;-3.70264287414288;40.45044594685452
"URB";9;4532;"31054";"VILLAAMIL N-S(CAMINO CHORRILLO-SAN RESTITUTO)";439795.800916817;4479629.006974322;-3.71013916022782;40.46515422509846
"URB";6;5703;"63015";"Bravo Murillo S-N  - San Enrique-San Germán";440472.668683636;4478660.495754391;-3.70206489545758;40.45647825657105
"URB";8;10032;"33014";"MONFORTE DE LEMOS O-E (PUENTECESURES - PEDRO RICO)";441256.722761176;4481178.144714248;-3.69305151728596;40.47921406614484
"URB";9;4486;"97068";"M-30 N-S - Entrada Pte Franceses por Cra del Pardo";437597.580772331;4476397.976570749;-3.73574878038725;40.43588575644276
"URB";17;6811;"94401";"(TACTICO) SALIDA RENFE (ADIF)";439642.530986179;4465938.011627856;-3.71064866711503;40.34180808470506
"URB";6;3734;"31049";"VILLAAMIL S-N(BUSTILLO -ISLA GOMERA)";439967.149893609;4479165.19696065;-3.70807428322482;40.4609884425118
"URB";8;11101;"42071";"RISCOS DE POLANCO S-N (RAMON GOMEZ DE LA SERNA-VALLE DE PINARES LLANOS)";438751.982421319;4481816.672854771;-3.72266187181182;40.48478517510959
"URB";2;4149;"12043";"ANCORA E-O(RAFAEL RIEGO-Po DELICIAS)";441242.325632845;4472712.897227961;-3.69243844185311;40.40295425413787
"URB";2;3614;"11009";"P. CHOPERA E-O(JAIME EL CONQUISTADOR-FERNANDO POO)";440632.633685383;4471767.530744488;-3.69953478772928;40.39439466448545
"URB";1;10491;"14045";"ATOCHA O-E (DOCTOR MATA - CARLOS V)";441152.360541875;4473461.524758182;-3.6935677982539;40.40969191693998
"URB";3;11205;"2303";"(MICRO) DR. ESQUERDO N-S(DELANTE GRUPO 1 SALIDA)";443214.290457032;4474331.236386392;-3.66934549096371;40.41766996234187
"M30";9;11383;"PM12471x";"PM12471x";436455.699553396;4479956.008825627;-3.7495669884901;40.46785120532401
"M30";8;11386;"PM13042";"PM13042";441110.510559716;4481854.620443877;-3.69483923910985;40.48529766454172
"other";2;6860;"15RR60PM03";"15RR60PM03";439567.062572386;4472426.301987129;-3.71215219136937;40.40025256024447
"other";2;6861;"15RR60PM02";"15RR60PM02";439563.446514711;4472421.136200658;-3.71219431008704;40.40020576191748
"other";2;7118;"14NC71PM01";"14NC71PM01";439726.864176046;4472104.758878757;-3.71023875822992;40.39736752561219
"URB";16;6326;"56402";"Acceso M-40 - M-40-Gregorio Sánchez Herráez";445857.597447986;4480886.859086621;-3.63874899589394;40.47690274834987
"URB";16;6108;"47407";"C/. Golfo de Salónica  - Espliego-San Luis";443590.928365746;4480693.057054246;-3.66547127667882;40.47500602295142
"URB";12;10792;"39068";"SAN BASILIO N-S(MAMERTO LOPEZ-CRISTO VICTORIA)";439926.702687998;4470099.319142943;-3.70769496964784;40.37931594561834
"M30";8;11364;"PM43012V";"PM43012V";440858.817994085;4482195.263447725;-3.69784054349939;40.48834841253235
"URB";16;11418;"72411";"TACTICO-Juan Antonio Samaranch Acc. Aparcamiento";447760.741520456;4481652.962415999;-3.61636088686592;40.48392610940843
"URB";16;11419;"72412";"TACTICO-Juan Antonio Samaranch Salida Aparcamiento";447787.190225475;4481662.299457848;-3.61604960986335;40.48401188610174
"URB";9;4492;"30023";"JUAN HERRERA, 6 E-O(AV. PUERTA HIERRO-MARTIN FIERRO)";437985.485296751;4476705.068172196;-3.73120555990488;40.43868117098427
"URB";2;4121;"11027";"EMBAJADORES S-N(GRANITO-PL.BEATA M ANA JESUS)";441105.47405404;4471613.391095283;-3.69394937098422;40.39303966327015
"URB";1;4708;"90034";"TOLEDO S-N(SAN MILLAN -COLEGIATA)";439944.83319263;4473744.737446987;-3.70782521227664;40.41215699019674
"URB";2;10409;"11042";"P Chopera E-O (Legazpi-Gral Maroto)";440909.665903576;4471505.491856192;-3.69624638979618;40.39205378206849
"URB";2;4231;"14032";"EMBAJADORES N-S(LABRADOR-STA Ma CABEZA)";440577.935998923;4472614.877382665;-3.70025833736309;40.4020240919322
"URB";7;5130;"18023";"Alberto Aguilera E-O(Guzmán el Bueno-Andrés Mellado)";439391.730442718;4475786.587023516;-3.71453833900534;40.43051078562605
"URB";12;3479;"48400";"(TACTICO)SAN MAGIN S-N";439379.328390617;4470730.75240317;-3.71420292620077;40.38496457575047
"URB";5;3956;"06010";"Velazquez,135 S-N - Oquendo -Joaquin Costa";442090.167475077;4476890.303056376;-3.68282801355273;40.44064582892663
"URB";6;5715;"63028";"Raimundo Fdez.Villaverde E-O(Lateral) - PºCastellana- Orense";441135.377134422;4477544.054785194;-3.69414596699251;40.4464680747152
"URB";16;11273;"70413";"Av. Fuerzas Armadas (CARRIL BUS) - Estacion Valdebebas - Gta. Antonio Perpiñá";447718.6653857;4481490.152577169;-3.61684388132922;40.48245678441367
"URB";10;5335;"86034";"RAFAEL FINAT S-N(JOSSE CADALSO-GRAL. MILLAN ASTRAY)";434714.331032346;4470213.973783986;-3.76910615406437;40.3799567465125
"URB";8;10067;"73012";"ARROYO DEL MONTE N-S(PL.TORCUATO FERNANDEZ MIRANDA-SENDA INFANTE)";438761.21860421;4482700.159193425;-3.72263826715617;40.49274458550892
"URB";6;5716;"63029";"Raimundo Fdez.Villaverde E-O - Orense-Edgar Neville";440962.499128196;4477551.934693723;-3.69618517642449;40.44652680167403
"URB";8;10069;"73013";"ARROYO DEL MONTE S-N(SENDA INFANTE-PL. TORCUATO FERNANDEZ MIRANDA)";438615.323583677;4482503.065623009;-3.72434065522595;40.49095832776141
"URB";4;9893;"06011";"Velazquez S-N -  Villanueva-Jorge Juan";441948.555134308;4474911.422766595;-3.6843169489796;40.42280924177137
"URB";4;3757;"06013";"Velazquez S-N - Maldonado-Diego de Leon";442037.850474148;4476174.467992373;-3.68337955691557;40.43419359958733
"URB";11;10619;"86039";"CAMINO LAS CRUCES S-N (MARIANISTAS-JOAQUIN TURINA)";435629.133762897;4469261.514782897;-3.75823391615953;40.37144775914138
"URB";5;5540;"61028";"Av.Pio XII N-S - Memorial 11 de Marzo 2004 -Comandante Franco";442777.409267823;4479756.11853665;-3.67498341209885;40.4665100146188
"URB";8;10068;"73014";"SENDA INFANTE E-O(COLLADO MARCHIVA-GTA. OLGA RAMOS)";438755.533875412;4482533.023234206;-3.72268919066697;40.49123855246641
"URB";7;5714;"63027";"Raimundo Fdez.Villaverde O-E(Puente) - Orense-PºCastellana";441037.263000063;4477535.111959309;-3.69530204180022;40.4463805609677
"URB";2;4132;"97091";"Méndez Alvaro S-N - Retama-Pedro Bosch";442373.511041051;4471780.807405805;-3.67902435063888;40.39463653850865
"URB";8;10420;"76050";"MONASTERIO BATUECAS N-S(AV. MONASTERIO DE EL ESCORIAL-AV. MONASTERIO SILOS)";440291.068193136;4483920.429349249;-3.70470185363121;40.50384866062375
"URB";12;4966;"39404";"(TACTICO) EXPROPIACION S-N (GRAN AVENIDA - AV. POBLADOS)";440189.635114596;4469172.384976191;-3.70451073335954;40.37098454022612
"URB";10;5031;"95025";"(TACTICO) ALFONSO ACEA N-S";437376.689275761;4473563.635829262;-3.73807384108609;40.41033629797927
"URB";2;4169;"13023";"SALIDA CALLE 30 CALZADA EXTERIOR SENTIDO PL. ELIPTICA";440249.00840214;4471945.199994881;-3.7040714521259;40.39596776559077
"URB";3;7055;"10036";"IBIZA 40 O-E (FERNAN GONZALEZ - MAIQUEZ)";442832.634730414;4474379.386374527;-3.67384818347129;40.41807759255321
"URB";8;4548;"32006";"AV. BETANZOS N-S (CELANOVA-PIEDRAFITA CEBRERO)";439592.238729929;4480320.820930677;-3.71260597362758;40.47137156762934
"URB";5;3960;"06015";"Maria Molina E-O - Velazquez-Lopez Hoyos";442011.697616966;4476569.291322008;-3.6837239093381;40.43774853439771
"URB";6;5722;"63035";"Orense S-N - Basílica-Reina Mercede";441047.72955952;4477898.906781502;-3.69521239558676;40.44965852659716
"URB";5;5541;"61029";"Av.Pio XII N-S - Comandante Franco-Jerez";442716.378984229;4479584.685634159;-3.67568778604781;40.46496146430878
"URB";8;9862;"76010";"AV. MONTECARMELO S-N (MONASTERIO DE SILOS - MONASTERIO EL ESCORIAL)";440838.464729245;4483940.122042414;-3.69824362067333;40.50406527264843
"URB";6;5726;"63039";"Reina Mercedes O-E - Edgar Neville-Orense";440932.870145641;4478034.081667563;-3.69657938837413;40.45086808679249
"URB";11;9851;"84403";"(TACTICO)MORALES S-N(PATRIMONIO HUMANIDAD-AV. PESETA)";435801.682202413;4468218.329817759;-3.75609658909828;40.36206359287007
"URB";20;11307;"64051";"Guadalajara 126 - Francfort-Austria";448484.002582994;4475020.959940379;-3.60728959998182;40.42422633530193
"URB";8;10054;"42041";"ACCESO M-40 N-S(ENTRADA PZA. TORCUATO FERNANDEZ MIRANDA)";439007.831901995;4483180.491883096;-3.71977460363857;40.49708973371344
"URB";8;10052;"42040";"ARROYO DEL MONTE S-N(SENDA INFANTE-AV. VENTISQUERO CONDESA)";438953.726967979;4482912.676521257;-3.72038724867384;40.49467319039592
"URB";8;10320;"73044";"GLORIA FUERTES O-E(SENDA DEL INFANTE-MARIA CASARES)";438459.19669071;4482885.821853985;-3.72621998840129;40.49439475329311
"URB";6;5717;"63030";"(AFOROS)Raimundo Fdez.Villaverde E-O - Edgar Neville-Aviador Zorita";440859.09044985;4477559.663674138;-3.69740523183011;40.4465890778349
"URB";20;3664;"71001";"Alcalá - Electra-San Romualdo";447279.241922653;4477041.761589744;-3.62165860959117;40.44235545027889
"URB";2;7004;"97099";"Méndez Alvaro O-E - Repsol -Estrella Naos";441980.075911068;4472221.848194359;-3.68370015142115;40.39858235767561
"URB";9;4304;"30011";"Po FLORIDA, 11 N-S(MOZART-ENTRADA ESTACION DEL NORTE)";438797.654087324;4474779.592822043;-3.72144471568594;40.42139585914013
"URB";8;6561;"75003";"AV. LLANO CASTELLANO S-N (MAURICIO LEGENDRE - MANUEL TOVAR)";442020.529636233;4481886.21583429;-3.68410551279151;40.48564633955955
"URB";1;4203;"14005";"ATOCHA E-O(LEON-SAN SEBASTIAN)";440553.27479772;4473846.060628896;-3.70066394589891;40.41311343554057
"URB";20;3709;"71004";"Alcalá - Av. Canillejas a Vicálvaro-San  Mariano";447828.129021717;4477295.290223903;-3.61520756699202;40.44467400775596
"URB";10;5021;"95017";"Pº EXTREMADURA E-O(FRUELA-GUADARRAMA)";437992.535672255;4473835.718362045;-3.73084259884059;40.4128334362848
"URB";4;9890;"06017";"Velazquez S-N - (Hermosilla -Ayala";441977.616507621;4475347.827829933;-3.6840142173171;40.42674262227155
"URB";10;5008;"95024";"Pº EXTREMADURA E-O(TURISMUNDO-GRAL. MANSO)";437478.262624745;4473591.490421597;-3.73687953584815;40.41059485898916
"URB";10;5024;"95026";"Pº EXTREMADURA O-E(NAVAS DEL REY-LA MILAGROSA)";437400.967174757;4473545.639577555;-3.73778595553689;40.41017600639406
"URB";5;5542;"61030";"Av.Pio XII  N-S - Jerez-Macarena";442685.734424975;4479404.901702444;-3.67603299156974;40.46333977634055
"URB";5;5543;"61031";"Av.Pio XII N-S - Macarena-Alfonso XII";442651.308161872;4479195.395213173;-3.67642009715302;40.4614500717588
"URB";3;7053;"10037";"MAIQUEZ 52 S-N (ALC. SAINZ BARANDA - IBIZA)";442888.848618431;4474309.410751442;-3.673179334495;40.41745107498609
"URB";11;3686;"49030";"OCA N-S(MATILDE FERNANDEZ-GRAL.RICARDOS) FRENTE-DERECHA";437819.430782926;4471175.109563382;-3.73262283890964;40.38885259099275
"URB";11;5077;"50014";"(AFOROS) VALLE ORO E-O (ARGÜESO-CNO. VIEJO DE LEGANÉS)";438403.121560441;4470996.378860504;-3.7257289300524;40.38728586422482
"URB";11;3481;"51024";"CASTROJERIZ SENTIDO NE-SO";437162.366918767;4470874.237289404;-3.7403341971695;40.38609289569627
"URB";10;5020;"95027";"FRANCISO BRIZUELA  S-N(BENICASIM-Pº EXTREMADURA)";437306.514522828;4473451.67173747;-3.73888981905046;40.40932239700582
"URB";11;5288;"85014";"ANTONIO LOPEZ O-E(BALEARES-MONTSERRAT)";439480.884012598;4472010.237262331;-3.71312811080291;40.39649819004587
"URB";8;9882;"32014";"RIBADAVIA N-S(COLEGIO GARCIA LORCA-SINESIO DELGADO)";440288.377204304;4480479.232849816;-3.7044094134477;40.472848938173
"URB";10;5002;"95005";"PSO. EXTREMADURA E-O(ALONSO FERNANDEZ-CARAMUEL)";438371.247379709;4473954.475724458;-3.72639080982517;40.41393138094239
"URB";11;4949;"38031";"(AFOROS)EUGENIA MONTIJO S-N(AV. POBLADOS-NTRA. SRA. FATIMA)GIRO";436392.418995138;4469883.359102936;-3.74930585097798;40.37710820553144
"URB";11;10596;"84038";"(CARRIL BUS) AV. PESETA E-O (TRENTIN - LUIS ORO)";436743.574449487;4468378.329792582;-3.74502020377563;40.36357693496929
"URB";11;10585;"84041";"(CARRIL BUS) AV. PESETA E-O(CUEVAS ALTAMIRA-PINAR SAN JOSE)";435304.106840695;4468367.958175767;-3.76197147799317;40.36337305279029
"URB";10;5016;"95030";"JUAN TORNERO E-O(LAIN CALVO-CARAMUEL)";438402.378441057;4473716.787450846;-3.72600089693703;40.41179248648299
"URB";20;11308;"64052";"CARRIL_BUS_Suecia 6 - Marsella - Rumania";448255.563429214;4474734.467332942;-3.60995906767293;40.42163125319622
"URB";20;3710;"71005";"Alcalá - Gutiérrez Canales-San Mariano";447973.854384247;4477429.51478638;-3.61350026999177;40.44589231355972
"URB";17;11045;"27012";"EDUARDO BARREIROS N-S(STO. ISIDRA-JOSE PEREZ)";440137.423967483;4467358.436034145;-3.70495543706886;40.35463973719938
"URB";10;10428;"95033";"PSO. EXTREMADURA E-O(GUADARRAMA-SISEBUTO)";437860.578539311;4473773.265567431;-3.73239167366211;40.41226099423587
"URB";5;3961;"06018";"Lopez Hoyos, 38 O-E - Pedro Valdivia-Gta. Lopez Hoyos";442135.014671019;4476751.402890925;-3.68228659510473;40.43939767224944
"URB";9;6636;"36007";"AV. VICTORIA E-O (AURELIO DE LA TORRE - FEDERICO AGUSTI)";429550.432785365;4480579.012466657;-3.83108279602661;40.47290640885887
"URB";9;5204;"36013";"ALMANZORA O-E Nº 1 (CINCO LAGUNAS - PICO OCEJON)";432944.976150562;4479189.051354936;-3.79089470497661;40.46066632757873
"URB";11;10256;"50039";"MERCEDES DOMINGO S-N (JULIO DOMINGO-VIA)";438756.601260758;4470903.708030517;-3.72155566862166;40.38647710129332
"URB";11;5236;"84001";"AV. CARABANCHEL ALTO N-S(CARPIO TORTA-AV. PESETA)";435997.147486594;4468342.68249028;-3.75380716147249;40.36319884479538
"URB";9;4889;"28040";"AV. OSA MAYOR Nº 29 O-E (PL. NTRA. SRA. BUEN CONSEJO)";433904.942944982;4479042.710959538;-3.77955793567323;40.45942496908384
"URB";10;5017;"95036";"Pº OLIVOS O-E(Mª DEL CARMEN-CARAMUEL)";437982.904809674;4473158.24385781;-3.73089007390978;40.40672973815952
"URB";9;10961;"36005";"AV. VICTORIA E-O (DOMINGO ALVAREZ - AV. ESTACION)";429200.790658818;4480756.577529807;-3.83522687594374;40.47447620374708
"URB";11;5251;"84017";"AV EURO S-N(PESO HISPANO-AGUACATE)";436969.841889925;4468834.672553015;-3.74240059166803;40.36770502245
"URB";1;4212;"14016";"RONDA VALENCIA E-O(MESON DE PAREDES-GTA. EMBAJADORES)";440509.633206474;4472998.85020988;-3.70109908125219;40.40547823264727
"URB";5;5547;"61035";"Principe de Vergara S-N - Concha Espina-Pl.República Ecuador";442557.229455396;4478194.860759252;-3.67743913225668;40.45243030040615
"URB";11;5105;"51006";"OCA S-N (GRAL.RICARDOS-PL.ALMODOVAR)";437737.30539627;4471228.843978973;-3.73359563252542;40.38933052095981
"URB";2;4214;"14018";"EMBAJADORES N-S(GTA. EMBAJADORES-MORATINES)";440409.940131697;4472896.100241966;-3.70226426889858;40.40454548077066
"URB";9;4881;"36014";"PICO OCEJON Ø32 N-S (ARASCUES-AV. OSA MAYOR)";433135.12729271;4479055.380031736;-3.78863804704723;40.45947750856139
"URB";11;10588;"84043";"(CARRIL BUS) AV. PESETA O-E(CORONA-DINERO)";436253.435690759;4468210.503695361;-3.75077570834474;40.36202775074383
"URB";8;4556;"32015";"LA BANEZA O-E(CAMINO GANAPANES-AV. BETANZOS)";439598.462000153;4480885.387368451;-3.71258632942731;40.47645784053221
"URB";12;5084;"50018";"PSO.STA.M.CABEZA S-N LATERAL";439059.787957688;4470589.376431006;-3.71795379240414;40.3836676799627
"URB";5;3434;"06020";"Velazquez S-N - Maria Molina-Lopez Hoyos";442071.792379765;4476601.664177446;-3.68301834783908;40.43804435279764
"URB";11;10657;"84054";"SALVADOR ALLENDE N-S(JACOBEO-AV. PESETA)";435664.022338634;4468367.62926829;-3.75773280560196;40.36339793895888
"URB";12;4792;"85002";"SAN GRACIANO E-O";440266.39671912;4471551.664360194;-3.7038296584738;40.39242384471123
"URB";5;5546;"61034";"Principe de Vergara N-S - Potosi-Pl.República Ecuador";442589.572173113;4478651.558744145;-3.67709902819971;40.45654668179769
"URB";15;6496;"65018";"Fuente Carrantona N-S - Av. Daroca-M23";446811.139230284;4474090.860612879;-3.62693104185572;40.41574217378351
"URB";14;6461;"65057";"Fuente Carrantona - Av. Doctor García Tapia-Mario Cabré";446357.836217815;4473074.303731364;-3.63218806152111;40.40655531395566
"URB";17;4811;"26004";"ORIO, 1 N-S(ARECHAVALETA-ALCOCER)";440920.919982986;4466939.486845675;-3.69569066994225;40.35092146396839
"URB";15;5999;"45050";"Hermanos García Noblejas - Luis del Campo - Gandhi";446574.642537691;4475289.991643868;-3.62981918050825;40.42652951750853
"URB";14;10675;"65065";"Dr. García Tapia - Molina de Segura - Mérida";445897.457089782;4473328.096783339;-3.63763501913878;40.40881184468515
"URB";19;6214;"67002";"Villablanca - Minerva-Av. Gran Vía del Este";449375.389035431;4472782.629541449;-3.59660403091411;40.40411667873132
"URB";2;4228;"14029";"Po DE LOS OLMOS N-S(RONDA TOLEDO-Po ACACIAS)";439689.351454626;4472815.379635024;-3.71074808641269;40.4037664247255
"URB";4;3962;"06022";"Juan Bravo  E-O - Nuñez de Balboa-Velazquez";442121.453385774;4476025.772742415;-3.68238039515811;40.43285990265972
"URB";11;5040;"49007";"GRAL. RICARDOS E-O(SALLABERRY-PAULINA ODIAGA)";438713.94838314;4471775.385484886;-3.72214203107814;40.39432645045399
"URB";20;6515;"71014";"San Romualdo - Cronos-Av. Arcentales";447402.931723186;4476207.910176224;-3.62013117239706;40.43485145902105
"URB";8;10372;"76037";"MONASTERIO SUSO Y YUSO E-O (MONASTERIO PAULAR - MONASTERIO MONTESCLAROS)";440524.574170383;4483737.091253208;-3.70192892941475;40.50221386041978
"URB";11;5140;"58009";"FARO E-O ENTRE VÍA LUSITANA Y ABRANTES";438377.184286232;4470303.035051845;-3.72596743746169;40.38103797338411
"URB";11;5282;"85008";"ANTONIO LEYVA S-N (JACINTO VERDAGUER -M.VADILLO)";439308.562615839;4471987.295771131;-3.71515632667139;40.3962789819833
"URB";10;5015;"95034";"CARAMUEL S-N(AV. CAPRICHOS-PABLO SARASATE)";438068.687107057;4473023.747538121;-3.7298660936824;40.40552452243197
"URB";4;3963;"06023";"Juan Bravo, 8 O-E - Claudio Coello-Lagasca";441888.307916604;4476025.143544637;-3.68512890577474;40.43283797812313
"URB";8;6565;"75007";"NTRA. SRA. VALVERDE N-S (A. CABEZON - LOURDES)";441879.849092614;4483537.827109511;-3.68591679226025;40.50051485492679
"URB";8;3408;"32016";"AV. BETANZOS N-S(LA BANEZA-MELCHOR FERNANDEZ ALMAGRO)";439681.472447743;4480851.138918017;-3.71160382912891;40.47615535133765
"URB";11;5284;"85010";"MANUEL CARMONA N-S (ARMENGOT-GRAL RICARDOS)";438989.746692431;4471991.79325091;-3.71891323893085;40.39629620288949
"URB";10;10426;"95035";"PSO. EXTREMADURA O-E(SISEBUTO-GUADARRAMA)";437801.407091285;4473736.9636787;-3.73308548102961;40.41192955202211
"URB";2;4221;"14025";"GASOMETRO S-N(Po ACACIAS-RONDA TOLEDO)";439918.00610591;4472859.01259777;-3.70805775450228;40.40417602300743
"URB";20;6512;"71010";"San Romualdo  - Alcalá-Albasanz";447212.347046753;4476766.706213799;-3.62242450432561;40.43987334726542
"URB";9;5218;"36017";"PICO OCEJÓN  Ø23 S-N (GTA. LUCRECIA PEREZ-AV. OSA MAYOR)";433244.761800443;4478935.407374627;-3.78733246100307;40.45840558132074
"URB";5;5548;"61036";"Principe de Vergara S-N - Pl.República Ecuador-Colombia";442592.699444896;4478584.358339594;-3.67705607066765;40.45594152566314
"URB";11;5038;"49005";"GRAL. RICARDOS O-E(PAULINA ODIAGA-PEÑAFIEL)";438633.538351099;4471719.090860332;-3.72308401728381;40.39381340137967
"URB";2;4229;"14030";"Po ACACIAS O-E(PIRAMIDES-JUAN ANTONIO VALLEJO- NAJERA BOTAS)";439600.642349555;4472625.303794836;-3.71177539176463;40.40204770038279
"URB";11;10929;"85028";"MARQUES JURA REAL N-S(JOAQUIN MARTINEZ BORREGERO-BALEARES)";439603.206004436;4471393.601235777;-3.71162835056721;40.390952109407
"URB";8;4559;"32019";"VILLA MARIN E-O(MELCHOR FERNANDEZ ALMAGRO-FINISTERRE)";440700.726966062;4480828.772577097;-3.69957800822366;40.4760272699348
"URB";11;5046;"49013";"(AFOROS) GRAL. RICARDOS O-E(ALEJANDRO MORAN-OPORTO)";437757.457626476;4471018.616750885;-3.7333376701027;40.38743820400426
"URB";10;10995;"37003";"OCAÑA E-O(OCAÑA-CAMARENA)";435658.353685874;4470691.623131528;-3.75803413552727;40.38433303594222
"URB";5;3967;"06027";"Maria Molina, 31 E-O - Nuñez de Balboa-Velazquez";442163.439035378;4476556.169073276;-3.68193369454165;40.43764089001706
"URB";5;10410;"61038";"Pº de la Habana 70 S-N - Crevillente e Infanta Mª Teresa";441987.488695321;4478346.54323048;-3.68417165580506;40.45375715463417
"URB";11;5088;"50022";"ARLANZA E-O";439202.946046069;4470941.899860654;-3.71630097270129;40.38685384420948
"URB";20;6516;"71015";"San Romualdo - Av. Arcentales-Cronos";447412.447976663;4476214.297806438;-3.62001950844824;40.43490960436188
"URB";11;3749;"86025";"JOAQUIN TURINA O-E(JUAN XXIII-CAMINO LASCRUCES)";435591.524577849;4469334.022875477;-3.75868420889933;40.37209803808206
"URB";4;3965;"06025";"Velazquez, 74 S-N - Ramon de la Cruz-Ortega y Gasset";441997.70668377;4475622.05137379;-3.68380241374166;40.42921436372313
"URB";10;11073;"37019";"TEMBLEQUE E-O (ILLESCAS-MAQUEDA)";435275.409559905;4471543.829423906;-3.76263196353928;40.39198038804373
"URB";9;6631;"36402";"(TACTICO) FEDERICO AGUSTI S-N Ø8 (ÁLVARO CABALLERO - AV. VICTORIA)";429463.72399598;4480598.150060805;-3.83210771222174;40.47307144342779
"other";11;6867;"14RL11PM01";"14RL11PM01";440109.350055492;4471776.427745444;-3.70570111429011;40.39443734918919
"other";13;6883;"90ET58PM01";"90ET58PM01";441647.109126749;4470516.272683149;-3.68746726450631;40.38319434286756
"URB";11;5047;"49014";"GRAL. RICARDOS E-O( FCO. GARCIA-PL. TOROS)";437539.340701271;4470840.688082471;-3.73588986389163;40.38581901684356
"URB";11;5048;"49015";"GRAL. RICARDOS O-E(PSO. MARCELINO CAMACHO-PL. TOROS)";437344.812131673;4470744.917799625;-3.73817213348599;40.38494166813732
"URB";8;9997;"73009";"ARROYOFRESNO N-S (GAVILANES-AV. HERRERA ORIA)";437214.409573856;4481046.568954978;-3.74072592509133;40.47773299789254
"URB";8;4558;"32018";"FINISTERRE E-O(SINESIO DELGADO-VILLA MARIN)";440710.25108208;4480728.902341603;-3.69945631984245;40.47512828014771
"URB";20;6517;"71016";"Av. Arcentales - Gta. Arcentales- San Romualdo";447399.437488939;4476066.070428771;-3.62016062828084;40.43357346104541
"URB";10;4912;"37024";"LOS YEBENES Ø46 N-S(COLEGIO HERNAN CORTES-ILLESCAS)";436208.819012432;4471364.098359436;-3.75161676016172;40.39043330377124
"URB";4;3968;"06028";"Maria Molina O-E - Principe Vergara-General Pardiñas";442429.516791169;4476525.271671135;-3.67879386082092;40.43738101370559
"URB";10;4910;"37405";"(TACTICO) OCAÑA, FRENTE Ø5 GIRO IZDA. (VALMOJADO-CAMARENA)";435577.390566479;4470762.895893536;-3.7589951212892;40.38496883394107
"URB";11;5050;"49017";"GRAL. RICARDOS E-O(PSO. MARCELINO CAMACHO-BATALLA TORRIJOS)";437203.268038423;4470693.11688641;-3.73983449791013;40.38446436577137
"URB";8;3829;"32020";"SINESIO DELGADO E-O(FINISTERRE -GINZO DE LIMIA)";440648.775678717;4480712.776765858;-3.70018000048972;40.47497862378926
"URB";8;10323;"73039";"GLORIA FUERTES E-O(MARIA CASARES-SENDA DEL INFANTE)";438490.910393741;4482931.726681212;-3.72585023167794;40.49481062896555
"URB";8;11360;"76077";"MONASTERIO DE POYO ENTRE MONASTERIO DE SUSO Y YUSO Y MONASTERIO DE SILOS";441284.903625714;4484358.649825904;-3.6930137774407;40.50786723246097
"URB";5;3969;"06029";"Maria Molina E-O - Fco. Silvela-Principe Vergara";442471.438330957;4476531.384079127;-3.67830016455332;40.43743897830173
"URB";17;9988;"87405";"(TACTICO) AV. ROSALES S-N (DELANTE DEL GR-3)";442156.791031385;4467581.326180139;-3.68119673443253;40.35679016159808
"URB";11;10680;"85300";"(MICRO) PSO. QUINCE DE MAYO O-E (CCTV CITYLOG)";439165.662004638;4472094.447959512;-3.71685030590774;40.39723383394022
"URB";11;5051;"49018";"GRAL. RICARDOS O-E(BLASON-PSO. MARCELINO CAMACHO)";437141.188365663;4470629.868186072;-3.74055958645411;40.38388991177477
"URB";8;4560;"32021";"VILLA MARIN E-O(FINISTERRE-GINZO DE LIMIA)";440603.196542105;4480747.793213176;-3.70072094922499;40.4752908070054
"URB";11;5049;"49016";"GRAL. RICARDOS E-O(PL. TOROS-PSO. PSO. MARCELINO CAMACHO)";437334.705317708;4470744.456451566;-3.73829115217172;40.38493675198925
"URB";11;3684;"49019";"GRAL. RICARDOS E-O(BATALLA TORRIJOS-NTRA. SRA. LUZ)";437069.310341324;4470566.969016235;-3.74140012454852;40.38331786201407
"URB";10;10225;"24044";"VILLAMANIN Ø46 S-N GIRO IZDA (A-5-VILLASANDINO)";436117.789191019;4472976.061711146;-3.75285096143932;40.4049475428135
"URB";2;4230;"14031";"EMBAJADORES S-N(STA Ma CABEZA-PALOS DE LA FRONTERA)";440602.741930713;4472590.447190382;-3.6999637533823;40.40180578240265
"URB";2;4234;"14034";"EMBAJADORES S-N(PALOS FRONTERA-SEBASTIAN ELCANO)";440516.374394092;4472741.068839296;-3.70099555003439;40.40315649189649
"URB";20;6518;"71017";"Av. Arcentales - Gta. Arcentales-San Romualdo";447421.051881663;4476076.695614677;-3.61990668776953;40.43367054573815
"URB";10;5321;"86017";"AV. AVIACION O-E(MONROY-MIRABEL)";433510.558197223;4469902.456069197;-3.78325360873263;40.37705530071682
"URB";8;4561;"32022";"FINISTERRE N-S(VILLA MARIN-MELCHOR FERNANDEZ ALMAGRO)";440565.266964691;4480877.786971269;-3.70118056582709;40.47645912713984
"URB";11;5061;"49035";"OPORTO S-N(VALLE ORO-GRAL. RICARDOS)(GIRO IZDA.)";437955.896939319;4471104.002826175;-3.73100816795028;40.3882222037377
"URB";10;5032;"95038";"GRAL. MANSO N-S(ALMIRANTE REQUESENS-PSO. EXTREMADURA)";437490.2291109;4473611.239692718;-3.73674045042952;40.41077366733833
"URB";7;4397;"18301";"(MICRO) Gta. Ruiz Giménez E-O(Delante G. 2)";440109.731080044;4475686.420760131;-3.70606468027512;40.42966044848175
"URB";20;6519;"71018";"Av. Arcentales - Av. Canillejas a Vicálvaro-San Romualdo";447556.258163568;4476097.074252607;-3.61831437319337;40.43386266506364
"URB";11;10683;"38004";"NTRA. SRA. FATIMA O-E(PINGÜINO-EUGENIA MONTIJO)(CARRIL IZQUIERDO)";436439.499895542;4470033.351708068;-3.74876623515415;40.37846299732127
"URB";11;5246;"49033";"NTRA. SRA. LUZ N-S";436945.984889227;4470528.038750735;-3.74284908026337;40.38295783710524
"URB";8;10214;"77009";"FROMISTA E-O(MOLINASECA-CASTIELLO JACA)";442600.719027243;4484479.488203921;-3.67749521670609;40.50904787801353
"URB";5;3973;"06033";"Principe Vergara N-S - Lopez Hoyos-Francisco Silvela";442425.7389774;4476880.826510157;-3.67887061908133;40.44058376215922
"URB";8;6585;"77402";"(TACTICO)CASTIELLO JACA N-S(GIRO A PTE. REINA)";442733.052957292;4483729.976590425;-3.67586557600838;40.50230513516054
"URB";10;5310;"86007";"AV.AVIACION O-E(FLAUTAS-PLATILLOS)";434716.527192167;4469510.166022331;-3.7690081952131;40.37361673576876
"URB";5;3974;"06034";"Francisco Silvela S-N - Av. America-San Fdo.del Jarama";442516.1588295;4476573.039551409;-3.67777668341297;40.4378173235354
"URB";10;5322;"86018";"SALIDA BASE MILITAR CUATRO VIENTOS S-N";433480.917139625;4469939.565531952;-3.78360662603238;40.37738723112703
"URB";10;5324;"86021";"AV. AVIACION O-E(VALLE INCLAN-RAFAEL FINAT)";434209.850633953;4469618.183405899;-3.77498723629341;40.37454995918356
"URB";10;10425;"95037";"PSO. EXTREMADURA E-O(TURISMUNDO-GRAL. MANSO)";437600.994595719;4473650.098958338;-3.7354388808943;40.41113203848187
"URB";8;4562;"32023";"FINISTERRE N-S(MELCHOR FERNANDEZ ALMAGRO-VILLA MARIN)";440568.412391115;4480866.072492178;-3.7011423625359;40.4763538237282
"URB";11;4923;"38002";"AV. POBLADOS E-O(CARABANCHEL BAJO-EUGENIA MONTIJO)";436552.857939529;4469701.128189647;-3.74739787135901;40.37547881790288
"URB";11;10684;"38003";"NTRA. SRA. FATIMA O-E(PINGÜINO-EUGENIA MONTIJO)(CARRIL DERECHO)";436435.834946706;4470032.537274993;-3.74880932488384;40.37845538101021
"URB";5;3975;"06035";"Principe Vergara S-N - Maria Molina-Francisco Silvela";442406.720061788;4476561.822321024;-3.67906594421187;40.43770870124698
"URB";5;5552;"61040";"Av.Pio XII S-N - Madre de Dios-Madreselva";442679.048227565;4479320.289089403;-3.67610420881718;40.46257708647656
"URB";5;5554;"61042";"(AFOROS)Av.Pio XII S-N - Memorial 11 de Marzo 2004-José Bardasano";442863.66213135;4479906.816067006;-3.67397963232467;40.46787350214021
"URB";15;5942;"44044";"Hermanos García Noblejas - Alcalá-Caunedo";445913.476414849;4476488.521232963;-3.63771504883542;40.43728383281945
"URB";8;6598;"78008";"PALAS DEL REY E-0 (TORQUES - CAMINO SANTIAGO)";443332.901186444;4484383.751618767;-3.66884511835779;40.50823578553283
"URB";11;5247;"49034";"GRAL. RICARDOS E-O(PEDRO DIEZ-OCA)";438016.704581385;4471246.406396208;-3.73030564011783;40.38950956751613
"URB";8;3795;"78011";"VALCARLOS S-N (SANTO DOMINGO DE LA CALZADA - PALAS DEL REY)";443679.323183594;4484000.102039068;-3.66472241858736;40.50480330699135
"URB";10;5333;"86032";"RAFAEL FINAT N-S(BLANCO SOLER-VALLE INCLAN)";434825.445525604;4470367.468188775;-3.76781296589799;40.38134818310856
"URB";2;4081;"11004";"(AFOROS) VADO STA. CATALINA S-N(PTE. ANDALUCIA-PL. LEGAZPI)";440884.570136001;4471293.898005067;-3.69652242669068;40.39014585283083
"URB";20;3711;"71019";"Miguel Yuste - Albasanz-Julián Camarillo";447101.891058696;4476448.829415992;-3.62370036473453;40.43700270836785
"URB";5;5553;"61041";"Av.Pio XII S-N - Madreselva-Manuel  Montilla";442711.15701172;4479511.673516588;-3.67574278604659;40.46430337827368
"URB";5;5556;"61044";"Madre de Dios E-O - Palmito-Av.Pio XI";442734.928560489;4479252.162571725;-3.67543899302854;40.46196722509038
"URB";11;4926;"38005";"AV. POBLADOS O-E(AV. EURO-AV. ABRANTES)";437316.526927717;4469503.108754072;-3.73838320432483;40.37375275243425
"URB";20;6000;"45407";"Hermanos García Noblejas - Esculano-Castillo de Uclés";446612.639632412;4475232.896837557;-3.62936647285938;40.4260176129004
"URB";11;11022;"38020";"AV. POBLADOS E-O(ANTONIO RODRIGUEZ-CARABANCHEL BAJO)";436698.037443468;4469583.919708836;-3.74567617602541;40.37443399031997
"URB";2;4082;"11005";"Po CHOPERA O-E(PL. GENERAL MAROTO -PL. LEGAZPI)";440905.864025467;4471498.586852864;-3.6962905425251;40.3919913084597
"URB";10;5334;"86033";"GRAL. MILLAN ASTRAY E-O(FUERTE DE NAVIDAD-RAFAEL FINAT)";434830.401777625;4470232.943401253;-3.7677408242424;40.38013671793559
"URB";2;4093;"11022";"BOLIVAR E-O(HIERRO-EMBAJADORES)";441218.1052425;4471492.125719105;-3.69261114621297;40.39195519684404
"URB";6;3588;"32034";"CAMINO CHORRILLO S-N(ENTRADA A PIEDRAFITA CEBRERO)";439608.320898309;4480122.30745368;-3.7123973745465;40.46958445414151
"URB";20;3698;"71021";"Miguel Yuste - Gta. Arcentales-Emilio Muñóz";447243.749977142;4476082.989499972;-3.62199748602708;40.43371601742744
"URB";12;4943;"38024";"AV. POBLADOS E-O(GUETARIA-CTRA. TOLEDO)";439088.239731006;4469502.633266636;-3.71751475033453;40.37387983085624
"URB";5;3976;"06036";"Francisco Silvela O-E - Gta. Lopez Hoyos-Principe Vergara";442321.579073732;4476804.977054267;-3.68009182322184;40.43989325540663
"URB";10;3636;"86035";"(AFORO)AV. LAS AGUILAS O-E(GUAREÑA-AV. POBLADOS)";435180.002457978;4470705.500070067;-3.76367071769149;40.38442096719771
"URB";20;11319;"64061";"Av Canillejas a Vicalvaro - Pobladura del Valle-Arcos del Jalón";448152.264197798;4475422.963502108;-3.6112328271119;40.42782722741615
"URB";11;11021;"38021";"CARABANCHEL BAJO S-N(CHIRIVITA-AV. POBLADOS)";436542.647171289;4469586.265975761;-3.74750670810717;40.37444331011107
"URB";11;10580;"50031";"CARRIL BUS AV.OPORTO O-E (VIANA-PL.ELIPTICA)";438901.163080168;4470759.395234647;-3.71983876166255;40.38518767566561
"URB";10;10796;"86041";"SINFONIA O-E (POEMA SINFONICO-DANZA)";434264.688285181;4469488.029859495;-3.77432790037583;40.37338181154161
"URB";16;11192;"70010";"Av Fuerzas Armadas, 322 O-E (Via Servicio) - Av Fuerzas Armadas, 322-Gta Antonio Perpiña";447372.223825297;4481435.694847656;-3.6209266414481;40.48194431428507
"URB";16;11276;"72407";"Av. Manuel Fraga Iribarne (CARRIL BUS) - AV. Manuel Fraga iribarne 115 - José Antonio Fdez. Ordóñez";448433.25332997;4482512.753112667;-3.60849642913409;40.49171360312548
"URB";11;4942;"38023";"LATERAL C.TOLEDO N-S(PL. ELIPTICA-AV. POBLADOS)";438895.548741023;4469616.939271545;-3.7197953563877;40.37489545279296
"URB";11;5078;"50015";"VIA E-O(MERCEDES DOMINGO-PORTALEGRE)";438690.638686885;4470945.797859891;-3.72233681672379;40.38685141511585
"URB";5;5557;"61045";"Alfonso XIII O-E - Victor Andrés Belaunde-Bolivia";442543.406548009;4479069.756268242;-3.6776813238803;40.46031080516334
"URB";16;6623;"79030";"Ingeniero Emilio Herrera - Av. Francisco Pi y Margall-Av. Manoteras";444198.77288714;4482055.087873949;-3.65842071350844;40.48731687946244
"URB";11;5089;"50023";"MERCEDES DOMINGO N-S";438734.412894002;4470781.403746298;-3.72180530550303;40.38537369371303
"URB";11;10250;"50040";"AV.OPORTO O-E (VIANA-PL.ELIPTICA)";438901.436464412;4470762.8125377;-3.71983586874031;40.38521848045107
"URB";10;10570;"95041";"PTA. DEL ANGEL S-N(PSO. EXTREMADURA-AV. PORTUGAL)";438175.005909788;4473950.879963597;-3.72870329453675;40.41388443483321
"URB";11;10594;"84007";"AV. EURO O-S(MAELLA-DURO)";436705.114593653;4468551.532491823;-3.74549032869868;40.3651343075522
"URB";20;6525;"71026";"Cronos - San Romualdo-Julián Camarillo";447373.44966415;4476408.271172347;-3.62049534584308;40.43665456470168
"URB";10;5331;"86030";"GRAL. MILLAN ASTRAY S-N(GANDO-BLAS CABRERA)";434960.72320203;4469887.190587532;-3.76617039707818;40.37703221853106
"URB";4;3980;"06040";"Jose Ortega y Gasset, 16 O-E - Lagasca-Velazquez";441931.731027107;4475746.513288887;-3.68459153287363;40.43033097446785
"URB";6;10166;"32038";"PSO. DIRECCION E-O (AV. ASTURIAS - REYES AIZQUIBEL)";440346.260063842;4480184.900744106;-3.70369894757525;40.47020164031014
"URB";11;5119;"51020";"LAGUNA S-N (VENCEJO - DR. URQUIOLA)";437012.983352589;4471038.816813513;-3.74211032249257;40.38756422020989
"URB";4;3981;"06041";"Velazquez S-N (Lateral) - General Oraa-Maria Molina";442060.716713559;4476401.775163019;-3.68313070376786;40.43624288529849
"URB";12;5340;"87005";"OROVILLA N-S (AV. ROSALES-SILVINA)";441191.622478455;4468693.648512052;-3.6926649194948;40.36674310383255
"URB";20;6526;"71027";"Cronos - Pl. Crónos-Julián Camarillo";447450.538925833;4476607.899844856;-3.61960298177154;40.43845781261502
"URB";8;10537;"73410";"(TACTICO) MARIA MONTESSORI S-N (MARIA DE MAEZTU-GLORIA FUERTES)";438029.062066846;4482452.075004775;-3.73125303668867;40.49045542657743
"URB";8;6559;"75001";"MAURICIO LEGENDRE S-N (C/ VIEJAS - AV. LLANO CASTELLANO)";442133.819558587;4481726.408127591;-3.6827542961294;40.48421463118738
"URB";8;6560;"75002";"AV. LLANO CASTELLANO O-E (MARCOS ORUETA - MAURICIO LEGENDRE)";442018.698460955;4481754.479932377;-3.68411506822526;40.4844594817309
"URB";12;5341;"87006";"OROVILLA S-N (M-40-SILVINA)";441237.679158852;4468558.11972774;-3.69210999732313;40.3655254305167
"URB";8;10213;"77010";"STO. DOMINGO CALZADA E-O(CAPISCOL-CASTIELLO JACA)";442673.919430312;4484414.377984528;-3.67662537985644;40.50846640237196
"URB";10;10965;"95042";"CARAMUEL N-S(CONCEJAL FCO. JOSE JIMENEZ MARTIN-VIA CARPETANA)";438071.94770298;4472747.789329178;-3.72980082038476;40.40303881220785
"URB";10;10988;"95045";"PSO. EXTREMADURA E-O(ALFONSO CEA-FCO. BRIZUELA)";437363.632795308;4473536.388732612;-3.73822502954388;40.41008986252434
"URB";12;4944;"38025";"LATERAL CTRA. TOLEDO S-N (M-40-AV. POBLADOS)";438904.87489023;4469364.440251115;-3.71966130497312;40.37262149725148
"URB";11;4947;"38028";"AV. POBLADOS E-O(UGENA-POLAN)";438452.324296674;4469463.002815291;-3.72500117306213;40.37347610395319
"URB";11;3634;"50037";"ANTONIO LEYVA S-N (ARLANZA-GUADALETE)";439170.97286946;4471038.955532176;-3.71668691525313;40.38772583552394
"URB";4;3982;"06042";"Velazquez S-N (Entrada Tunel) - General Oraa-Maria Molina";442055.633952062;4476401.572939416;-3.68319060937452;40.4362407094515
"URB";10;5022;"95019";"Pº EXTREMADURA E-O(SISEBUTO-TURISIMUNDO)";437740.465947243;4473716.417280649;-3.7338016795626;40.41173990539149
"URB";17;5348;"87015";"AV. ROSALES S-N (ENTRADA MADRID)";442701.059234837;4466625.872692108;-3.67470173377231;40.34822040992347
"URB";1;4256;"15016";"SEVILLA N-S(ALCALA-PL. CANALEJAS)";440600.692262413;4474287.85476308;-3.70014635579655;40.41709671478921
"URB";17;5392;"94011";"SAN ERASMO S-N(SAN CESARIO-SAN NORBERTO)";439986.116875002;4465611.656982502;-3.70657290671911;40.3388928736334
"URB";5;5558;"61046";"Alfonso XIII E-O - Torpedero Tucumán-Encinas";442761.842818241;4479075.870951749;-3.67510566251493;40.46038096426018
"URB";5;5559;"61047";"Alberto Alcocer O-E - Víctor A.Belaunde-Principe de Vergara";442347.624301348;4478870.736622863;-3.67997227905515;40.45850438612649
"URB";11;10614;"50042";"VÍA E-O (PL. ELÍPTICA - ÉVORA)";438965.418336078;4470830.246218337;-3.71908857969092;40.38583064572013
"URB";17;10016;"94025";"BASCUÑUELOS E- O (CIUDAD FRIAS - VALLE TOBALINA)";439295.101878848;4465481.093535199;-3.71469555776984;40.33766670248966
"URB";10;5007;"95018";"Pº EXTREMADURA E-O(GUADARRAMA-STA. URSULA)";437925.46158809;4473795.617442554;-3.73162918481987;40.41246719068508
"URB";1;10527;"15018";"SEVILLA N-S (SALIDA PARKING A 25 MTS G.3)";440591.49235768;4474275.422660105;-3.70025362729785;40.41698406377451
"URB";20;6529;"71030";"Julián Camarillo - San Romualdo-Miguel Yuste";447244.371627973;4476427.609609354;-3.6220187658734;40.43682059856342
"URB";1;4258;"15021";"PRIM E-O(CONDE XIQUENA-BARQUILLO)";441057.508977673;4474819.181734179;-3.69481142425401;40.42191564534652
"URB";11;5132;"58001";"AV.ABRANTES S-N(AV.POBLADOS-BESOLLA)";437603.282834481;4469671.729623171;-3.73502211819642;40.37529328598066
"URB";11;5293;"85019";"ANTONIO LÓPEZ E-O (Pº STA MARIA CABEZA-MARQUES JURA REAL)";440009.289043851;4471683.928117394;-3.7068713503028;40.39359686501042
"URB";12;5347;"87012";"AV. ROSALES E-O (SILVINA-ANTEQUERA)";441341.41807472;4468753.742286481;-3.69090622607421;40.3672950161747
"URB";11;5137;"58006";"AV.DE ABRANTES S-N ENTRE PELÍCANO Y PORTALEGRE";438477.372495041;4470568.078277962;-3.7248128183373;40.38343301417751
"URB";20;6532;"71033";"Albasanz - San Romualdo-Pl. Cronos";447359.520127962;4476713.567886512;-3.62068486588752;40.43940397580191
"URB";11;5138;"58007";"AV.DE ABRANTES N-S ENTRE BRAGANZA Y PORTALEGRE";438646.719087316;4470680.352868081;-3.72282866782347;40.38445692531918
"URB";8;6574;"75019";"AV. CARDENAL HERRERA ORIA 80 E-O";441260.975986646;4482448.404639948;-3.69311904419211;40.49065735760526
"URB";11;3404;"38037";"EUGENIA MONTIJO N-S (JERONIMO IBORRA-JOAQUIN RIVERO)";436240.348675826;4469595.191696221;-3.75106828824292;40.37450064608309
"URB";20;6533;"71034";"Av. Canillejas a Vicálvaro - Néctar-Alcalá";447743.93746744;4477051.284939792;-3.61618022161738;40.44247057721184
"URB";11;3768;"38044";"JOAQUIN TURINA O-E (GUITARRA - AV. CARABANCHEL ALTO)";436145.154853783;4469432.241722506;-3.75217322668982;40.37302543306487
"URB";5;3949;"06045";"Joaquin Costa 26 O-E - Pl. Republica Argentina - Velazquez";442035.914201531;4477170.749081404;-3.68349327128241;40.44316843854099
"URB";5;3951;"06046";"Joaquin Costa 55 E-O - Gta. Lopez de Hoyos - Velazquez";442184.54725247;4476998.450571691;-3.68172507672509;40.44162664065563
"URB";11;10838;"38058";"ENRIQUE ORO O-E (DOBLA - AV. EURO)";437235.857478229;4469324.102504314;-3.73931575516071;40.37213410940106
"URB";8;10294;"75026";"AV. CARDENAL HERRERA ORIA O-E (ESTRADA - SALCEDO)";441233.472309737;4482437.99420703;-3.69344259898645;40.49056162978098
"URB";8;10366;"76029";"MONASTERIO BATUECAS N-S (MONASTERIO SILOS - MONASTERIO SUSO Y YUSO)";440282.320867626;4483806.448514584;-3.7047943372687;40.50282125366507
"URB";10;10803;"95300";"(MICRO)PSO. EXTREMADURA E-O(GIRO A GUADARRAMA)";437901.991070878;4473789.023656103;-3.73190515041881;40.4124060403709
"URB";11;10273;"96003";"NTRA SRA. LUZ, 41 O-E(FERNANDO DELGADO-CAMINO INGENIEROS)";436468.249366286;4470754.369301971;-3.74849947104801;40.38496043088244
"URB";11;5112;"96004";"NTRA SRA. LUZ, 43 E-O(FERNANDO DELGADO-NTRA. SRA. FATIMA)";436503.246468026;4470728.19744532;-3.74808457754352;40.38472733142276
"URB";11;10257;"50038";"MERCEDES DOMINGO N-S (SANTIAGO PRIETO - VIA)";438764.580033489;4470950.149727961;-3.72146613577254;40.38689605705054
"URB";11;4950;"38032";"AV.DE LOS POBLADOS ENTRE ANTONIO RODRIGUEZ  Y SECOYA O-E";436855.899986485;4469465.32103701;-3.74380500826716;40.37337757390231
"URB";5;9895;"06049";"Joaquin Costa E-O - Velazquez-República Argentina";442067.649355813;4477146.676117171;-3.68311689074273;40.44295378977325
"URB";11;5127;"96046";"GUABAIRO N-S(NTR.SRA FATIMA-NTR.SRA LUZ)";436662.944822675;4470773.674525504;-3.74620776999774;40.38514916437449
"URB";5;5560;"61048";"Costa Rica E-O - Puerto Rico-Chile(Lateral)";442773.073396143;4478879.849008704;-3.67495553679909;40.45861588215964
"URB";20;6534;"71035";"San Mariano - San Mariano-Alcalá";447942.334566251;4477311.187594936;-3.61386223836806;40.44482437940739
"URB";11;10251;"50041";"VALLE DE ORO E-O (PORTALEGRE - ARGÜESO)";438499.670000404;4470977.534137289;-3.72458967193854;40.38712323499917
"URB";11;5148;"58015";"AV. ABRANTES O-E(BESOLLA-PL.VULCANO) GIRO";437743.099754466;4469822.728200009;-3.73338997679506;40.37666400897673
"URB";8;10419;"76060";"(CARRIL BUS) MONASTERIO HUELGAS N-S (AV. MONASTERIO SUSO Y YUSO-  MONASTERIO DE EL PAULAR)";440215.69929725;4483883.215203758;-3.70558780191488;40.50350799583065
"URB";12;6824;"38412";"(TACTICO)LATERAL CTRA. TOLEDO S-N(M40-POBLADOS)10 mts.";438912.828817564;4469438.603033866;-3.71957472648986;40.37329017629008
"URB";5;10685;"06050";"Lopez Hoyos S-N - Gta. Lopez Hoyos-Ppe Vergara";442333.14381005;4476895.583375243;-3.67996369537778;40.44071028268611
"URB";11;10253;"96001";"GTA. VALLE DE ORO (VALLE DE ORO - OPORTO)";438026.37246816;4471033.795855572;-3.73017105373694;40.38759499261445
"URB";6;4574;"32042";"AV. ASTURIAS S-N(Po DIRECCION-SINESIO DELGADO)";440597.126896556;4480500.503580893;-3.700769389048;40.47306269215321
"URB";12;4964;"39004";"CNO.VIEJO VILLAVERDE S-N(PLAN PARCIAL-AV.POBLADOS)";439673.191738352;4469359.583758439;-3.71061123076795;40.37263370955425
"URB";20;6535;"71036";"Gutiérrez Canales - Gutiérrez Canales-Alcalá";447973.210338916;4477597.611959594;-3.61352163395552;40.44740659141505
"URB";8;10690;"76063";"(CARRIL BUS) AV. MONASTERIO DE SILOS O-E (MONTECARMELO-MONASTERIO CAAVEIRO)";440932.031720068;4483943.210459369;-3.69713967843332;40.50409976087749
"URB";11;4955;"38301";"(MICRO) AV. POBLADOS E-S(GIRO A C.TOLEDO SENTIDO SUR)";438895.238455519;4469521.954568619;-3.71978990596191;40.37403975979431
"URB";11;4958;"38408";"(TACTICO) CARCASTILLO E-O";437261.876903721;4469889.191381488;-3.73906490743744;40.37722665267323
"URB";11;5141;"58010";"Cº VIEJO DE LEGANES N-S";437756.7968325;4470016.701657396;-3.73324758055879;40.37841243694937
"URB";10;11448;"95504";"PSO. EXTREMADURA O-E(CARAMUEL-LAIN CALVO)(CARRIL ABIERTO)";438348.073009485;4473950.235089052;-3.72666352407389;40.41389146318851
"URB";11;10574;"96002";"(CARRIL BUS) GTA. VALLE DE ORO (VALLE DE ORO - OPORTO)";438023.638625719;4471031.472089497;-3.73020303520842;40.38757385567191
"URB";9;9962;"23017";"DR. JIMENEZ DIAZ O-E (SALIDA APARCAMIENTO HOSPITAL)";439029.446282327;4476792.646523978;-3.71890567463934;40.43954730951132
"URB";20;6536;"71037";"Alcalá - Esfinge-Jaca";448150.74472787;4477567.939345224;-3.61142576516297;40.44715037470394
"URB";11;3769;"58016";"AV. DE ABRANTES FRENTE Nº106";437839.70547511;4469926.661524274;-3.73226218035009;40.37760750100136
"URB";12;4965;"39011";"(AFOROS)AV.POBLADOS O-E(CON.VIEJO VILLAVERDE-EXPROPIACION)";440076.204369586;4469237.328307361;-3.70585285070362;40.37156143802444
"URB";10;10274;"96005";"NTRA SRA. LUZ, 49 E-O(OCAÑA-CAMINO INGENIEROS)";436319.690537145;4470827.79176425;-3.75025691405624;40.38561051031025
"URB";17;11050;"39012";"STA. ESCOLASTICA E-O (MENASALBAS-EDUARDO BARREIROS)";440610.376698529;4468210.95864415;-3.69946559762951;40.36235355893625
"URB";12;4967;"39013";"CR. TOLOSA LATOUR N-S (MADRE ROSA BLANCO - AV. POBLAODS)";440317.525908066;4469311.504177665;-3.70301742952195;40.37224696825302
"URB";4;3993;"07002";"Francisco Silvela S-N - Jose Ortega y Gasset-Av. Toreros";443052.411241935;4475842.599233204;-3.67138883427678;40.43127404366464
"URB";10;10275;"96006";"CAMINO INGENIEROS, 17 N-S(JUAN ALONSO-NTRA. STA LUZ";436466.668627816;4470868.827149263;-3.74852950728818;40.38599139591835
"URB";11;5057;"96007";"CNO. VIEJO LEGANES S-N(RADIO-GRAL. RICARDOS)";438568.093570193;4471600.181232454;-3.72384362751077;40.39273738331364
"URB";5;5561;"61049";"Potosi O-E - Bolivia-Principe de Vergara";442529.301148397;4478715.489394288;-3.67781560573727;40.45711843259036
"URB";11;10613;"50043";"SANTA LUCRECIA N-S (EUSEBIO MORÁN - VÍA)";438934.602756828;4470895.003211575;-3.71945781841679;40.38641175023255
"URB";11;5092;"58017";"VIA LUSITANA O-E(Nº28-BRAGANZA)";438721.52749868;4470520.313378648;-3.7219319928517;40.38302071706229
"URB";11;10502;"58025";"VIA LUSITANA E-O Ø122 (CARRERO JUAN RAMON-PL. RENDICION BREDA)";438005.984594691;4469831.565290359;-3.73029427630304;40.37676321443394
"URB";8;6582;"76002";"SANTUARIO VALVERDE, 2 S-N (MONASTERIO SILOS - MONASTERIO ESCORIAL)";439939.480822581;4483952.694230208;-3.7088541473577;40.50411393631084
"URB";11;5113;"96049";"NTRA. SRA. FATIMA N-S(MONSEÑOR OSCAR ROMERO-NTRA. SRA. LUZ)";436550.999622907;4470544.420928721;-3.74750371969522;40.38307543056999
"URB";17;11047;"39010";"EDUARDO BARREIROS N-S(PEUGEOT-ASOMBRO DAMASCO)";440324.384002359;4467777.26092389;-3.702793084401;40.35842614727833
"URB";5;5565;"61054";"Fray Bernardino Sahagún E-O - Arenal Maudes-Pl.Madre Molas";441977.969447219;4479301.139810744;-3.68437116971198;40.46235591967073
"URB";11;5106;"96052";"PINZON S-N";437181.766745765;4471115.379352766;-3.74012943148619;40.3882666737409
"URB";20;10472;"71039";"Albasanz - San Romualdo-Miguel YUste";447169.730453929;4476638.924314052;-3.62291634768397;40.43871950690326
"URB";17;11051;"39015";"EDUARDO BARREIROS N-S (SAN LUCIANO-SANTA ESCOLASTICA)";440582.873755057;4468302.673751434;-3.69979803664971;40.36317782088454
"URB";11;10637;"50045";"VALLE ORO E-O (CNO. VIEJO LEGANES - DR. ESPINA)";438267.57984016;4471042.810609725;-3.72733024826374;40.38769411054143
"URB";7;10560;"23301";"(MICRO)San Fco. de Sales S-N(Giro a Guzman el Bueno)";439586.189471812;4477146.759147496;-3.71237525589588;40.44277793795857
"other";14;6904;"05TL00PM01";"05TL00PM01";444978.113804094;4472393.815118455;-3.64838868147728;40.4003350239164
"URB";8;6545;"73405";"TÁCTICO - AV. ARROYOFRESNO, 19 S-N (FUENTELAREINA - CANTALEJO)";437083.880046172;4480782.669804208;-3.74223957073805;40.47534583596629
"URB";9;9908;"29014";"AV.COMPLUTENSE S-N (CIEMAT -AV.MIRAFLORES)";438164.137146627;4478563.877850332;-3.72928023432318;40.45543932667929
"URB";8;11294;"78006";"VALCARLOS S-N (VILORIA DE LA RIOJA - AV. STO. DOMINGO DE LA CALZADA)";443568.093710471;4483885.120247225;-3.66602486989275;40.50375994615703
"other";9;3544;"04FL12PM01";"04FL12PM01";437845.070012125;4473907.413587532;-3.73258755271756;40.41346829805074
"URB";5;5567;"61056";"Fray Bernardino Sahagún O-E - Manuel Benedito-Menendez Pidal";442175.663125751;4479139.133823622;-3.68202476476413;40.46091027974022
"URB";4;3608;"07006";"Azcona, 7 N-S - Ardemans-Francisco Silvela";443033.764874893;4476054.687358819;-3.67162766182572;40.43318336438518
"URB";20;6416;"64401";"Canal de Bósforo - Nicolasa Gómez-Av. Canillejas a Vicálvaro";447894.814287485;4476727.646263303;-3.61437470316386;40.43956451601373
"URB";3;3886;"02042";"DR. ESQUERDO S-N(ESTRELLA POLAR-ASTROS)";443164.389509385;4473481.617956308;-3.66985774200903;40.4100127344705
"URB";12;4968;"39014";"AV. POBLADOS E-O (ORCASUR (1) - DR. TOLOSA LATOUR)";440489.20797125;4469181.342988316;-3.70098312954584;40.37108668025088
"URB";8;10231;"73404";"(TACTICO) GASCONES S-N (J. LORENZO - HERRERA ORIA)";437390.985183113;4480951.755413251;-3.73863354184939;40.47689221955748
"URB";12;4975;"39022";"AV. ROSALES O-E (EDUARDO BARREIROS - AV. ANDALUCIA)";440972.928002554;4468953.997421555;-3.69526469802535;40.36907301817497
"URB";11;5114;"96051";"OCA ENTRE EDUARDO MORALES Y BLANDÓN SENTIDO E-O";437303.36532342;4471209.824796243;-3.7387061563658;40.38912664086185
"URB";11;5107;"96053";"PINZON N-S";437184.476159685;4471227.567249074;-3.74010857481563;40.38927751628018
"URB";9;9926;"29015";"AV. PARANINFO N-S (JUAN DEL ROSAL - FACULTAD DE DERECHO)";438161.164529203;4477982.840276683;-3.7292587010002;40.45020490727985
"URB";8;6563;"75005";"NTRA. SRA. VALVERDE S-N (ISLA DE JAVA - ISLA GRACIOSA)";441835.85798559;4482532.342147099;-3.68634361891009;40.49145398137531
"URB";11;5125;"96402";"(TACTICO)EDUARDO MORALES S-N(AMISTAD-OCA)";437411.086679682;4471248.366454607;-3.7374408454985;40.38948194183058
"URB";12;4976;"39023";"EDUARDO BARREIROS N-S GIRO IZDA (AV. POBLADOS - AV. ROSALES)";440892.728825366;4469092.014622344;-3.69622207225106;40.37031067167523
"URB";14;6421;"65003";"Fuente Carrantona - Paular-Av. Doctor García Tapia";446496.940096623;4473346.084496262;-3.6305716273521;40.40901263481025
"URB";20;10479;"71044";"Julian Camarillo - Miguel Yuste - Rufino Gonzalez";447069.71500806;4476343.807473116;-3.62407097045252;40.4360545619132
"URB";4;3612;"07010";"Conde Peñalver, 60 N-S - Padilla-Jose Ortega y Gasse";442724.880269734;4475798.526476583;-3.67524606585285;40.43085452576856
"URB";12;4979;"39031";"AV. POBLADOS O-E (EDUARDO BARREIROS - DULCE)";440863.822982891;4469159.474383132;-3.69656878628054;40.37091633663731
"URB";11;5126;"96403";"(TACTICO)EDUARDO MORALES N-S(ABOLENGO-OCA)";437411.729083306;4471219.449546445;-3.73743043571747;40.38922149365606
"URB";4;3998;"07012";"Jose Ortega y Gasset O-E - Gral. Diaz Polier-Conde Peñalver";442631.291393127;4475696.597864839;-3.67634016150999;40.42992985225278
"URB";11;5111;"96406";"(TACTICO)JUANA UROSA  E-O(C.AGUILERA-N.S.FATIMA)";436710.329606812;4470775.861592092;-3.74564976657752;40.38517246732362
"URB";11;10638;"50046";"CNO. VIEJO LEGANES S-N (PL. VALLE ORO - VALLE ORO)";438270.202904706;4470986.889826842;-3.72729392680596;40.38719054418149
"URB";17;11046;"39025";"ASOMBRO DE DAMASCO E-O(PICARA MOLINERA-EDUARDO BARREIROS)";440321.906173054;4467687.731674237;-3.70281388842897;40.35761943992105
"URB";8;6562;"75004";"AV. LLANO CASTELLANO N-S (MANUEL TOVAR - ISLA JAVA)";441879.44726361;4482383.427945982;-3.68581563818462;40.49011555754343
"URB";8;10086;"78024";"TIERRA DE MELIDE O-E (PADORNELO-SIERRA DE ATAPUERCA)";443610.336184245;4484334.195835542;-3.66556633363824;40.50780827254563
"URB";8;10181;"78025";"PALAS DE REY O-E (TRIACASTELA - CON. SANTIAGO)";443190.792133916;4484498.64555855;-3.67053263966182;40.50926107525134
"URB";9;9933;"29019";"RAMIRO MAEZTU E-O(DIRECCION NORTE)(MORERAS -AV.GREGORIO AMO)";438592.27777904;4477731.3159954;-3.72415069425096;40.44797104079534
"URB";8;9915;"32055";"SINESIO DELGADO E-O (SALIDA TUNEL-HOSPITAL CARLOS III)";440949.748175953;4480680.36049166;-3.69662659055397;40.47470805893757
"URB";8;6572;"75015";"HERRERA ORIA O-E (ORDUÑA - LLANO CASTELLANO)";441717.573150436;4482490.178789432;-3.68773542058954;40.4910658605114
"URB";6;9916;"32056";"SINESIO DELGADO O-E (HOSPITAL CARLOS III-ENTRADA TUNEL)";440954.801597832;4480674.813862587;-3.69656646222939;40.47465845199522
"URB";20;10476;"71045";"San Romualdo - Albasanz-Julián Camarillo";447274.551164142;4476596.029025721;-3.62167692690512;40.43833973366366
"URB";12;4985;"39038";"AV.POBLADOS O-E(RAFAELA YBARRA-CNO.VIEJO VILLAVERDE)";439579.601415536;4469418.458711424;-3.71171916448416;40.37315730700632
"URB";12;4981;"39033";"EDUARDO BARREIROS S-N (AV. ROSALES - AV. POBLADORS)";440895.612390766;4469035.406230241;-3.69618286154316;40.36980091611392
"URB";4;3999;"07013";"Jose Ortega y  Gasset, 67 E-O - Alcantara-Conde Peñalver";442838.260125921;4475684.95648354;-3.67389924686484;40.42983922892096
"URB";12;4982;"39034";"EDUARDO BARREIROS N-S (PINSAPO - SALVADOR MARTINEZ)";440872.270147821;4468847.159759081;-3.69644033084951;40.36810343114038
"URB";12;4994;"39048";"EVANGELIOS O-E(VISITACION-PORTA COELI)";440427.208325886;4470516.259425432;-3.70183815075645;40.38310789561718
"URB";11;10617;"50047";"VALLE ORO E-O (DR. ESPINA - FERREIRA)";438142.44418197;4471077.039041159;-3.72880780512475;40.38799317405091
"URB";8;6564;"75006";"NTRA. SRA. VALVERDE S-N (VISTAS A MORALEJA - AFUERAS DE VALVERDE)";441809.899296912;4483265.606903601;-3.68671725643468;40.49805769087055
"URB";5;5566;"61055";"Gral.López Pozas N-S - Mateo Inurria-Joaquín Bau";441888.976349517;4479524.258388882;-3.68544120523473;40.46435964924348
"URB";8;3788;"75012";"NTRA. SRA. VALVERDE 150 S-N (AFUERAS A VALVERDE - ANTONIO CABEZON)";441899.322319915;4483663.764459433;-3.685698542579;40.50165070938937
"URB";8;6570;"75013";"CARDENAL HERRERA ORIA E-O(NTRA. SRA. VALVERDE-SANCHONUÑO)";441622.87030844;4482502.57819927;-3.68885398425429;40.49117090415847
"URB";8;3789;"76007";"AV. MONTECARMELO S-N(TRES OLIVOS-MONASTERIO SUSO Y YUSO)";440923.527330715;4483742.612974896;-3.69722133164161;40.50229210330635
"URB";8;6964;"76008";"ACCESO M-607 N-S (VIA DE SERVICIO - AV. MONTECARMELO)";440938.775639966;4483740.007148799;-3.69704114054136;40.50226971465048
"URB";10;10973;"98004";"PROLONGACION LOS YEBENES O-E(PSO. EXTREMADURA-VALMOJADO)";435726.988989715;4472262.114046118;-3.75738407022625;40.398485948756
"URB";10;10974;"98005";"BARBERAN Y COLLAR N-S(CONCEJAL FCO. JOSE JIMENEZ MARTIN-PROL. YEBENES)";435863.660939686;4472292.433147206;-3.75577673456629;40.39876961240672
"URB";9;9934;"29020";"RAMIRO MAEZTU E-O(DIRECCION SUR)(MORERAS -AV.GREGORIO AMO)";438593.348073241;4477727.788849907;-3.72413773272462;40.44793934598036
"URB";12;4980;"39032";"EDUARDO BARREIROS N-S FRENTE (AV. POBLADOS - AV. ROSALES)";440885.728267886;4469092.262052453;-3.69630454869428;40.37031240424165
"URB";8;9859;"76012";"AV. MONASTERIO ESCORIAL E-O (MONASTERIO CAAVERIO - AV. MONTECARMELO)";440896.941205223;4484047.808915418;-3.69756356095879;40.50503952095676
"URB";9;4500;"31007";"OFELIA NIETO N-S(ANTONIO NUNEZ-FRANCOS RODRIGUEZ)";439730.805279868;4478897.365330604;-3.7108362810937;40.45855860175446
"URB";20;10473;"71048";"Alabasanz - Balentin Beato - Miguel Yuste";446974.221471782;4476567.057412465;-3.62521544676102;40.43805964438663
"URB";1;4312;"16040";"AUGUSTO FIGUEROA S-N(SAN BARTOLOME -PELAYO)";440738.466726977;4474879.549856877;-3.69857764126084;40.42243680838659
"URB";4;4000;"07014";"Jose Ortega y Gasset E-O - Montesa-Martires Concepcionistas";442994.446496627;4475670.521016255;-3.67205673824779;40.42971990490987
"URB";5;5568;"61057";"Pº de la Habana N-S - José Rdguez.Pinilla-Pl.Presidente Cárdenas";442298.679816141;4479193.967684203;-3.68057889363558;40.46141279919863
"URB";5;5569;"61058";"Pº de la Habana S-N - Ntra.Sra.de Luján-Honduras";442216.801870671;4478947.806966439;-3.68152215708316;40.45918958393244
"URB";9;4501;"31008";"PABLO IGLESIAS N-S(FRANCOS RODRIGUEZ-MOGUER)";439650.350431727;4478745.356859769;-3.71177067295825;40.4571834110214
"URB";8;10368;"76031";"MONASTERIO SUSO Y YUSO O-E (MONASTERIO MONTESCLAROS - MONASTERIO BATUECAS)";440375.437513963;4483745.444119334;-3.70368970057757;40.50227840226172
"URB";11;10618;"50048";"DR. ESPINA N-S (CASTRO ORO - VALLE ORO)";438173.840820258;4471112.967093973;-3.72844140433995;40.38831916143589
"URB";4;4001;"07015";"Juan Bravo, 69 E-O - Alcantara-Conde Peñalver";442865.52368396;4475971.559629599;-3.67360361036728;40.43242296805965
"URB";12;4999;"39057";"RAFAELA YBARRA S-N(M-40-SIMCA)";439369.701366974;4468460.878726339;-3.71410043495739;40.36451568093934
"URB";10;4904;"98015";"SESEÑA ENTRE TEMBLEQUE Y VALMOJADO SENTIDO O-E";435693.469017007;4472159.614335686;-3.75776867944878;40.39756000343426
"URB";11;10616;"50049";"FERREIRA N-S (CASTRO ORO - VALLE ORO)";438085.224676787;4471125.618789946;-3.72948663731575;40.38842655234264
"URB";10;4907;"98017";"SESEÑA E-O(ACCESO CTRA. BOADILLA-ILLESCAS)";435209.517482301;4472219.394650628;-3.76347702274318;40.39806101672882
"URB";12;4996;"39050";"EVANGELIOS E-O(SANTUARIO-PORTA COELI)";440518.584984382;4470521.947212379;-3.70076223269805;40.38316566246711
"URB";11;11007;"50050";"AV.OPORTO O-E(VIA LUSITANA-PL.ELIPTICA)";438981.085308375;4470760.376220119;-3.7188973185191;40.3852023701237
"URB";11;5195;"81015";"PTE SAN ISIDRO E-O(PSO. MELANCOLICOS-PSO. ERMITA DEL SANTO)";438593.180122567;4472817.318635482;-3.72366544968949;40.4037037681748
"URB";20;10477;"71047";"Julian Camarillo - Albadalejo-Cronos";447509.072727924;4476558.932567377;-3.61890881128618;40.43802038320698
"URB";11;10955;"85056";"JACINTO VERDAGUER E-O(BALEARES - ANTONIO LEYVA)";439391.191227939;4471981.581056547;-3.71418220189718;40.3962335184853
"URB";8;10404;"73046";"MARIA DE MAEZTU S-N(MARIA MONTESSORI-FEDERICA MONTSENY)";438183.531927739;4482348.591084752;-3.72942034899146;40.48953472966497
"URB";10;10793;"86013";"DANZA N-S(SINFONIA-AV. AVIACION)";434346.84052434;4469543.707844493;-3.77336600750935;40.37388985598244
"URB";20;10538;"71052";"Alcalá - Jaca - Raza";448208.180032265;4477623.889131401;-3.61075306575698;40.44765798366913
"URB";4;10013;"07016";"Francisco Silvela N-S - Padilla-Ortega y Gasset";443045.328774227;4475835.150857473;-3.67147166083553;40.431206459981
"URB";8;3813;"73407";"TÁCTICO - AV. ARROYOFRESNO, 21 N-S (AV. CARDENAL HERRERA ORIA - CANTALEJO)";437098.9240782;4480827.518025871;-3.74206655409271;40.47575098187166
"URB";10;10795;"86040";"DANZA S-N(POEMA SINFONICO-SINFONIA)";434321.103216891;4469404.724389088;-3.77365483638722;40.37263581011194
"URB";4;10192;"07017";"Conde Peñalver N-S - Diego de León-Maldonado";442748.320084381;4476162.00701509;-3.67500248124536;40.43413055424093
"URB";8;6963;"76004";"MONASTERIO SUSO Y YUSO E-O(AV. MONTECARMELO-MONASTERIO LIÉBANA)";440980.764239276;4483836.380466054;-3.69655460605415;40.50314086703503
"URB";8;6966;"76006";"AV. MONTECARMELO N-S (MONASTERIO DE SILOS - MONASTERIO SUSO Y YUSO)";440845.233665134;4483829.959029937;-3.69815344752303;40.50307336873622
"URB";11;5197;"81017";"PSO. ERMITA DEL SANTO, 68 N-S(CARRIL IZQUIERDO)(VIA CARPETANA-SAN AMBROSIO)";438499.932554338;4472961.659976793;-3.72477821477149;40.40499717735691
"URB";10;5167;"98413";"(TACTICO)AYLLON S-N";434179.449497702;4472337.530302958;-3.7756262877425;40.39904444744559
"URB";9;3473;"31022";"Alcalde MartIn Alzaga E-O(Aguilar de Campoo-Antonio Machado)";439072.431985968;4479347.209761834;-3.7186439760011;40.46256295861325
"URB";11;4946;"38027";"VENTURA DIAZ BERNARDO S-N(HALCONERO REY-AV. POBLADOS)";438347.3700343;4469403.060461434;-3.72623159106766;40.37292835678807
"URB";20;5948;"45002";"Hermanos García Noblejas - Albasanz-Ascao";446112.213067669;4476150.635474054;-3.63534329994133;40.43425286781309
"URB";12;3446;"39059";"GUETARIA S-N(ALZOLA-VILLABONA)";439248.716455123;4468937.357096227;-3.71557067687368;40.36879924215304
"URB";12;5000;"39060";"GUETARIA N-S(OREJA-REGIL)";439245.367943277;4468958.107661404;-3.71561209224964;40.36898593006019
"other";1;1044;"03FT08PM01";"03FT08PM01";438853.916962984;4474526.983989495;-3.7207572594256;40.41912438594904
"other";3;1049;"09XC37PM01";"09XC37PM01";443456.199910946;4472792.331271651;-3.6663574776432;40.40382312915533
"URB";16;11198;"70034";"Juan Antonio Samaranch - Maria de las Mercedes de Borbón-Antonio Perpiñá";447686.236649877;4481606.203260432;-3.61723604844416;40.48350018730417
"URB";20;10248;"71042";"Marquesado Santa Marta - Clinica Navarra-Gta. Ricardo Velazquez Bosco";447068.40116876;4477644.293720771;-3.62419481663575;40.44777000906814
"URB";8;6588;"77405";"(TACTICO)PTE. REINA O-E(GIRO-SIERRA ATAPUERCA)";443032.892993186;4483643.786921361;-3.67231933815098;40.50154934492339
"URB";2;4101;"11030";"EMBAJADORES N-S(BOLIVAR-PASEO MOLINO)";441204.188300029;4471367.285145099;-3.69276358959872;40.39082958430515
"URB";4;10193;"07018";"Conde Peñalver N-S(Giro a Maldonado) - (Diego de León-Maldonado)";442750.761450132;4476156.079434419;-3.6749731652568;40.4340773236886
"URB";5;5571;"61060";"Pº de la Habana N-S - Honduras -Domingo Fernández";442227.627681391;4478979.103020917;-3.68139732948759;40.45947226549962
"URB";10;4745;"24401";"(TACTICO)CUART POBLET Ø44 O-E CUART POBLET-ALHAMBRA)";436805.77031705;4472312.226109694;-3.74467786447116;40.3990199415712
"URB";15;4675;"35041";"PUENTE CALERO E-O(AV.DE LA PAZ-AV.BRASILIA)";444063.517192395;4476259.304894537;-3.6595057382568;40.4350965577369
"URB";15;6149;"53019";"Av. Marqués de Corbera  - Santa Prisca-Av. Daroca";444905.41589025;4475418.186240264;-3.64950723554492;40.42757549639029
"URB";14;6422;"65004";"Fuente Carrantona  - Mario Cabré-Luis de Hoyos Sainz";446238.563454462;4472896.370122369;-3.63357861278281;40.40494468441629
"URB";12;10488;"39061";"CRISTO VICTORIA Ø12 E-O(CANDIDA JESUS-VISITACIÓN)";440512.164025232;4470381.180038203;-3.70082473170716;40.38189709870816
"URB";12;10489;"39062";"CRISTO VEGA Ø4 S-N(CRISTO LEPANTO-CRISTO VICTORIA)";440487.218158923;4470284.234174645;-3.70110954318822;40.3810219775136
"URB";8;10369;"76032";"MONASTERIO BATUECAS S-N (MONASTERIO RÁBIDA - MONASTERIO SUSO Y YUSO)";440277.144218316;4483699.761236145;-3.70484536820763;40.50185980629622
"URB";8;10371;"76033";"MONASTERIO SUSO Y YUSO O-E (MONASTERIO HUELGAS - MONASTERIO BATUECAS)";440217.780170569;4483757.523786407;-3.70555138058878;40.50237587563575
"URB";2;10925;"12032";"AV.PLANETARIO E-O(EROS-ESTRELLA DENEBOLA)";442134.202299476;4471740.166526155;-3.68184029104835;40.3942538309629
"other";11;1039;"16RE18PM01";"16RE18PM01";438644.834979965;4472752.043027942;-3.72305046280961;40.40311954393364
"URB";2;10924;"12033";"MENESES S-N";442104.366223291;4471610.786701613;-3.68218006747975;40.39308623311121
"URB";15;10454;"53064";"Fco. Villaespesa - Ledesma-Lago Constanza";445162.211778819;4475574.252562367;-3.64649352765305;40.42899839636333
"URB";4;5081;"08006";"Principe de Vergara, 85 N-S - General Oraa-Diego de Leon";442382.973764909;4476350.625039255;-3.67932676181205;40.43580448852738
"URB";12;10487;"39063";"CRISTO VICTORIA Ø9 O-E(OLVIDO-CRISTO VEGA)";440398.836430563;4470296.466029233;-3.70215182268694;40.38112585155313
"URB";8;11100;"42047";"RISCOS DE POLANCO N-S (VALLE DE PINARES LLANOS-RAMON GOMEZ DE LA SERNA)";438747.120363026;4481819.383557394;-3.72271949655104;40.48480923531071
"URB";8;10640;"42053";"VALLE PINARES LLANOS O-E(PEÑAS ARCIPRESTE-AV. VENTISQUERO DE LA CONDESA)";439174.553191867;4481912.41175617;-3.71768554233977;40.48567868959091
"URB";14;6423;"65005";"Fuente Carrantona - Luis de Hoyos Saínz-Hacienda de Pavones";446057.746312261;4472547.243265294;-3.63567983153428;40.40178783851903
"URB";12;3635;"50300";"MICRO MARCELO USERA CCTV";439164.006974246;4470763.61528204;-3.71674268739512;40.38524492613109
"URB";20;10546;"71058";"Av. 25 de Septiembre - Pl. de Ensidesa - Pl.de las Olivas";446996.088222686;4477272.400107021;-3.62501648254347;40.44441517225104
"URB";12;4992;"39410";"(TACTICO) VILLABONA O-E(GUETARIA-RAFAELA YBARRA)";439508.683386042;4468959.072977334;-3.71251089150028;40.36901377507534
"URB";4;4009;"08009";"Principe Vergara, 54 S-N - Padilla-Juan Bravo";442358.52425965;4475880.153988295;-3.67957234179752;40.43156456026362
"URB";5;5572;"61061";"Pº de la Habana N-S - Veracruz-Romero Girón";442234.491669094;4478737.688646345;-3.68129440790303;40.45729797364037
"URB";1;4382;"18004";"Alberto Aguilera O-E(Serrano Jover-Mártires Alcala)";439525.231440916;4475756.057345919;-3.71296164645848;40.4302454775541
"URB";4;4683;"35052";"FERRER DEL RIO O-E(PILAR DE ZARAGOZA-MARQUES DE AHUMADA)";443126.08480765;4476326.668307868;-3.67056362745949;40.43563982438047
"URB";8;10370;"76034";"MONASTERIO SUSO Y YUSO E-O (MONASTERIO BATUECAS - MONASTERIO HUELGAS)";440207.831187486;4483761.692699432;-3.70566918386617;40.50241271370421
"URB";8;10642;"42055";"CERRO MINGUETE E-O(LA MASO-AV. VENTISQUERO DE LA CONDESA)";439329.16839472;4482018.883473449;-3.71587154818747;40.4866491363946
"URB";8;10641;"42056";"CERRO MINGUETE O-E(PEÑA DEL ARCIPRESTE-AV. VENTISQUERO DE LA CONDESA)";439172.690509684;4482037.357500338;-3.71771950856917;40.4868041062689
"URB";8;10412;"76041";"MONASTERIO PAULAR S-N (MONASTERIO SILOS - MONASTERIO ESCORIAL)";440646.421050462;4483906.075039858;-3.70050683101618;40.50374484937394
"URB";20;10559;"44052";"Alcalá - Tracia-Estigia";446651.979298609;4476815.95817013;-3.62903561637412;40.44028127521138
"URB";4;7037;"08014";"Goya, 43 E-O - Nuñez de Balboa-Velazquez";442071.532490849;4475170.700368568;-3.68289099686099;40.42515351495467
"URB";4;5082;"08016";"Goya E-O - General Pardiñas-Principe de Vergara";442419.261524346;4475145.56031098;-3.6787897825683;40.42495117947207
"URB";4;4016;"08017";"Jose Ortega y Gasset O-E - Nuñez de Balboa-Castello";442124.823853038;4475733.775530352;-3.68231407300362;40.43022968355573
"URB";1;4199;"14001";"DR. CORTEZO S-N(DR. CORTEZO-PL. JACINTO BENAVENTE)";440301.097690084;4473928.483754386;-3.70364373297121;40.41383789311352
"URB";15;10700;"45080";"Hermanos García Noblejas - Fco. Largo Caballero-Pobladura del Valle";446800.426210837;4474854.114542744;-3.62712115120116;40.42261734425501
"URB";15;10448;"53065";"Francisco Villaespesa  - (Lago Constanza-S. Barbadillo)";445233.602219726;4475586.477024331;-3.64565299551741;40.42911322428098
"URB";4;4663;"35026";"AV.BRUSELAS N-S(AV.BAVIERA-PL.VENECIA)";443737.114985823;4477029.360802671;-3.66342204878045;40.44201159955252
"URB";19;6197;"54005";"Casalarreina  - Ezcaray-Av. Daroca";447884.841726006;4473297.187476038;-3.61421111775389;40.40866018556954
"URB";14;6424;"65006";"Fuente Carrantona - Hacienda de Palacios-Encomienda de Palacios";445910.239191565;4472261.319135635;-3.63739372615314;40.39920248792258
"URB";20;10545;"71059";"Av. 25 de Septiembre - Pl. de las Olivas - Pl. de Ensidesa";446947.010782766;4477341.570951412;-3.62560094311039;40.44503517244075
"URB";1;4709;"90035";"TOLEDO N-S(SEGOVIA-SAN MILLAN)";439943.682562101;4473754.703162341;-3.70783971361452;40.4122466830283
"URB";4;10099;"08020";"Principe Vergara N-S(Giro a Maldonado) - Diego León-Maldonado";442370.32234784;4476136.88829144;-3.67945653470357;40.43387816679328
"URB";9;9920;"29022";"EDUARDO SAAVEDRA N-S(PROF. ARANGUREN-E.INGENIEROS DE CAMINOS";438037.245026397;4477653.893829836;-3.73068786291986;40.44723240867316
"URB";19;6923;"54025";"San Cipriano - Efigencia-Caños San Pedro";448977.29842952;4472755.849832018;-3.6012930828275;40.403851128346
"URB";20;10548;"71061";"Alcalá 538  - Av. Canillejas a Vicalvaro - Cronos";447511.832880929;4477123.246098432;-3.61892289022668;40.44310422568802
"URB";4;4664;"35027";"AV.GUINDALERA O-E(CAMILO JOSE CELA-AV.BRUSELAS)";443647.695905192;4476919.072284666;-3.66446658100932;40.44101200931909
"URB";8;5434;"43023";"GINZO DE LIMIA S-N(MELCHOR FDEZ. ALMAGRO-AV.MONFORTE  LEMOS)";440350.85415804;4481079.797041672;-3.70372891878112;40.47826353740687
"URB";4;10100;"08021";"(MICRO)Principe Vergara S-N - Marqués Salamanca-Padilla";442354.392950168;4475844.694700059;-3.67961782933052;40.43124483916981
"URB";8;10664;"42058";"PORTERA DEL CURA E-O(LA MASO-AV. VENTISQUERO DE LA CONDESA)";439413.65967257;4482496.791483195;-3.71492037110143;40.49096046311789
"URB";11;10848;"50302";"(MICRO) VIA LUSITANA O-E (A 4 mts LINEA DETENCION)";439034.125915445;4470713.129906079;-3.71826794346966;40.38478063501904
"URB";2;4691;"90006";"Po MELANCOLICOS S-N(SAN EPIFANIO-Po PONTONES)";438886.074420427;4472766.973770315;-3.72020918219229;40.40327178868203
"URB";11;4756;"24403";"(TACTICO) MOCHUELO,1 S-N(PEDRO MTNEZ-V.CARPETANA)";437425.183061149;4471994.034077106;-3.73734803755121;40.39620030437744
"URB";8;10663;"42059";"AV. VENTISQUERO DE LA CONDESA S-N(CERRO MALEJO-PORTERA DEL CURA)";439298.340667151;4482349.747886134;-3.7162669533512;40.48962742041392
"URB";8;10441;"76042";"AV. MONASTERIO SILOS O-E(MONTECARMELO-MONASTERIO CAAVEIRO)";440929.37269447;4483947.198997768;-3.69717143094997;40.50413550170493
"URB";8;10442;"76043";"MONASTERIO CAAVEIRO N-S (MONASTERIO ESCORIAL-MONASTERIO SILOS)";440970.899259044;4484032.725986137;-3.69668932679214;40.50490891408959
"URB";2;4218;"14022";"Po ACACIAS E-O(EMBAJADORES-Po ESPERANZA)";440149.251864141;4472868.388526959;-3.7053336339616;40.40427714115071
"URB";8;10665;"42060";"MIRADOR DE LA REINA O-E(COLLADO DE LA MINA-AV. VENTISQUERO DE LA CONDESA)";439181.695419668;4482453.802043729;-3.71765322618767;40.49055623654134
"URB";8;11097;"42075";"VALLE DE PINARES LLANOS O-E ( PEÑA DEL AGUILA -RISCOS DE POLANCO)";438658.954430261;4481898.142304067;-3.72376730418529;40.48551221034789
"URB";15;5909;"44003";"Alcalá - Fernandez Lanseros-Angel Gonzalez Tejedor";444255.275314118;4475896.680314589;-3.65721319522489;40.43184271752197
"URB";20;10549;"71062";"Cronos 69 - Dedalo - Alcalá";447444.074218381;4477022.502598725;-3.61971349870657;40.44219238917297
"URB";14;6443;"65032";"Hacienda de Pavones - Intercambiador-Fuente Carrantona";446098.095349343;4472424.257545233;-3.63519395427248;40.40068251966786
"URB";20;10551;"71063";"Alcalá - Raza-Gutiérrez Canales";448106.408590371;4477534.087063137;-3.61194579919813;40.44684264698707
"URB";4;10170;"08024";"Ppe. Vergara N-S(Giro a Gral Oraá) - Maria Molina-Gral Oraá";442388.529555608;4476396.362627908;-3.67926540781908;40.43621689991084
"URB";20;5976;"45031";"Hermanos García Noblejas - Emilio Muñóz-Miguel Fleta";446349.847022655;4475721.668184491;-3.63250552090388;40.43040384543877
"URB";15;5987;"45042";"José Arcones Gil - Río Nervión-Braulio GutiÉrrez";446199.110472869;4475516.642594531;-3.6342651655863;40.42854712042696
"URB";19;6987;"54607";"Bulevar José Prat - Bulevar Indalecio Prieto-Ladera de los Almendros";447052.244167269;4472143.127264334;-3.62392727515602;40.39821113481816
"URB";5;5575;"61064";"Alberto Alcocer E-O - Víctor Andrés Belaunde-Pº de la Habana";442274.973366691;4478890.305824619;-3.68083087185569;40.45867563081612
"URB";8;10416;"76048";"MONASTERIO SAMOS S-N (MONASTERIO SILOS - MONASTERIO ESCORIAL)";441045.045547133;4484159.752238177;-3.69582610433865;40.50605848288523
"URB";5;5576;"61065";"Alberto Alcocer O-E - Lígula-Condes de Val";442065.782334664;4478883.494958458;-3.68329736246316;40.45859971777201
"URB";11;10849;"50303";"(MICRO) ANTONIO LEYVA N-S (A 4 MTS LINEA DETENCION)";439112.049847181;4470827.74426537;-3.71736090674855;40.3858188361418
"URB";1;4254;"15014";"CRUZ S-N(EL POZO -PL.CANALEJAS)";440553.551669654;4474202.321150433;-3.70069397425044;40.41632282119542
"URB";4;4665;"35028";"AV.BRUSELAS N-S(PL.VENECIA-AV.BRUSELAS)";443772.836400096;4476852.832122931;-3.66298524409511;40.44042375560927
"URB";8;9974;"93038";"CAMINO GANAPANES N-S";439395.739480326;4480444.878648466;-3.71493567748534;40.47247481088706
"URB";15;5986;"45041";"Braulio Gutiérrez - Luis Ruíz-José Arcones Gil";446111.18954253;4475553.050275312;-3.63530470192663;40.42886941100546
"URB";15;5989;"45044";"Gandhi - Luis Ruíz-José Arcones Gil";446319.705401068;4475100.522367753;-3.63280840517397;40.42480625623107
"URB";15;3647;"45045";"José Arcones Gil  - Portugalete-Gandhi";446358.516900989;4475213.653714524;-3.63236044806783;40.42582791327944
"URB";21;10132;"55020";"Salida Hacia a M-40 dir. NORTE - Av. de los Andes-Silvano";447604.87016221;4478850.472468659;-3.61796840417236;40.45866994009783
"URB";10;4770;"24406";"(TACTICO) VILLAMANIN Ø45 S-N GIRO IZDA (A-5-VILLASANDINO)";436105.131919826;4472993.102787119;-3.75300182574931;40.40510008421293
"URB";20;10485;"45064";"Alfonso Gómez - Albasanz - Julian Camarillo";446816.023104278;4476322.255093314;-3.62706013451587;40.4358442207358
"URB";7;10057;"20013";"Blasco de Garay S-N (Meléndez Valdés-Fernando el Católico)";439643.995802049;4476085.035765015;-3.71159282660154;40.43321768323952
"URB";5;5580;"61069";"Víctor Andrés Belaunde N-S - Cochabamba-Potosi";442366.270842039;4478605.37728018;-3.67972827764394;40.45611520227322
"URB";8;10075;"42302";"(MICRO)AV. VENTISQUERO CONDESA (DETRÁS GRUPO 9)";439056.056099797;4483015.938041723;-3.71918971868022;40.49561092347691
"URB";20;11323;"71064";"Alcalá - Eduardo Terán-Av. Canillejas a Vicálvaro";447757.255181624;4477245.371361294;-3.6160391556278;40.44421985886154
"URB";3;4022;"09006";"O´Donnell O-E - Alcala-Av. Menendez Pelayo";442205.698801225;4474750.471338268;-3.68127128642535;40.42137721101437
"URB";11;10850;"50304";"(MICRO)PSO.STA MARIA CABEZA N-S (A 4 M LINEA PARADA)";439135.403927623;4470827.828983216;-3.71708578552526;40.38582130579164
"URB";8;10070;"42304";"(MICRO)COSTA BRAVA (DETRÁS GRUPO 16)";439066.818940092;4483042.519464079;-3.71906527405175;40.49585116765605
"URB";4;4023;"09007";"Fco. Silvela N-S - Jose Ortega y Gasset-Pl. Manuel Becerra";443169.114174393;4475622.252922542;-3.66999334351557;40.42929703258319
"URB";13;10354;"65047";"Benjamín Palencia 28 - Malgrat de Mar - el Bosco";445392.512114669;4471728.412592931;-3.64344855481648;40.39436794888571
"URB";5;5581;"61070";"Alberto Alcocer O-E - Pº de la Habana-Víctor Andrés Belaunde";442217.74005478;4478873.912103352;-3.68150436563255;40.45852397115892
"URB";8;10686;"76049";"AV. MONASTERIO SILOS O-E(MONASTERIO HUELGAS-MONASTERIO BATUECAS)";440215.403849961;4483877.749428918;-3.7055907726441;40.50345873702743
"URB";1;4269;"15034";"(AFOROS) MAYOR O-E (COMANDANTE MORERAS -";439923.932354745;4474181.320378486;-3.70811276511445;40.4160884247859
"URB";4;4666;"35029";"AV.BRUSELAS S-N(AV.BRUSELAS-PL.VENECIA)";443776.626988904;4476798.773733824;-3.66293576755918;40.43993702631033
"URB";4;4672;"35038";"BRESCIA E-O(AV.BRASILIA-AV.BRUSELAS)";443774.481546478;4476411.724013441;-3.66292681380896;40.43645013829036
"URB";15;5993;"45049";"Pl. Alsacia - Fuente Carrantona-Malmoe";447086.080860613;4474252.003782288;-3.62370392360003;40.41721137707606
"URB";17;4840;"27002";"SAN JENARO Ø4 S-N(ARROYO BUENO-ALCOCER)";440177.913286808;4466754.029927658;-3.70442200147425;40.34919780690984
"URB";20;10480;"45060";"Julian Camarillo - Santa Leonor - Alfonso Gómez";446762.343624756;4476213.918672618;-3.62768392503077;40.43486482878636
"URB";12;4830;"26023";"CONIFERAS, 75 O-E(ALARCE-AV. ANDALUCIA)";440970.661877262;4468726.221306033;-3.69527030199125;40.36702092209554
"URB";10;10227;"24407";"(TACTICO) VILLAGARCIA Ø61 O-E  (VILLAGARCIA-VILLAMMANIN)";436076.241305651;4473003.574071531;-3.75334332579786;40.40519219593259
"URB";14;10672;"65060";"Oberón - Mario Cabré - Dr. Garcia Tapia";446115.734754972;4473160.409187819;-3.63504842048979;40.40731536999215
"URB";20;10703;"45069";"Hermanos García Noblejas - Pobladura del Valle-Av. Arcentales";446790.742162963;4474920.899317187;-3.62724088946653;40.42321836244214
"URB";16;6261;"55049";"Av. Machupichu - Antonio Larrazabal-Pl. Manuel Rodrigo";446506.182661935;4479090.805818279;-3.6309462664421;40.46076499237915
"URB";4;4024;"09008";"Conde de Peñalver N-S - Ayala-Hermosilla";442694.827347124;4475383.759029139;-3.67556296253758;40.42711602107897
"URB";10;10358;"51001";"HOSPITAL GÓMEZ ULLA (SALIDA)";436698.397905662;4471093.61554321;-3.74582190322521;40.38803402649059
"URB";14;10673;"65063";"Dr. Garcia Tapia - Antonio Cumella - Jose Bergamín";445928.302304761;4473335.842247055;-3.63727216693094;40.40888362463351
"URB";4;4025;"09009";"Alcala O-E - Almeria-Puente Ventas";443771.042896999;4475790.605031542;-3.66291240214579;40.43085454213477
"URB";5;5585;"61075";"Costa Rica O-E(Lateral) - Victor de la Serna-Pl.José Mª Soler";443099.473924389;4478847.910649417;-3.67110323655089;40.45835058005145
"URB";20;10711;"45071";"Hermanos García Noblejas - Castillo de Arévalo-Castropol";446485.34375017;4475481.501943486;-3.63088796340794;40.42824901553593
"URB";15;10704;"45079";"Hermanos García Noblejas - Francisco Largo Caballero-Pepe Ysbert";446750.870899706;4474945.341945815;-3.62771291965151;40.42343600553943
"URB";11;5101;"51004";"OCA E-O(LAGUNA-GTA. EJERCITO)";436917.392533534;4471113.967683792;-3.74324392177967;40.38823397928157
"URB";16;6260;"55048";"Av. Machupichu - Machaquito-Av. del Papa Negro";446989.331958384;4478778.222336755;-3.62522185797315;40.45798003283113
"URB";17;3623;"27004";"AV. REAL PINTO S-N(PLATA-ARROYO BUENO)";440029.71958168;4466684.055285903;-3.7061603240417;40.3485567948678
"URB";1;4400;"18009";"Carranza O-E(San Bernardo -Fuencarral)";440236.130666166;4475653.000221431;-3.70457148186878;40.42936847200915
"URB";7;10605;"20018";"Rodríguez San Pedro E-O (Galileo-Blasco de Garay)";439670.314161822;4475917.879784488;-3.71126669138915;40.43171377935796
"URB";12;3517;"48401";"(TACTICO)ALMENDRALES S-N";440545.079115969;4470982.085124561;-3.70049306338232;40.38731271811092
"URB";14;10674;"65064";"Dr. Garcia Tapia - Merida - Oberon";446017.427557015;4473288.054058416;-3.63621777196226;40.40845890392229
"URB";20;11320;"71066";"Av. Arcentales - Gta. Arcentales - San Romualdo";447397.906780278;4476070.662554755;-3.62017905440806;40.43361473285027
"URB";7;4414;"19013";"Eloy Gonzalo, 10 N-S(Cardenal Cisneros-Gta. Quevedo)";440380.274839728;4476159.901708146;-3.70291979771459;40.43394521188426
"URB";5;5587;"61077";"(AFOROS)Costa Rica  E-O(Túnel) - Pl.José Mª Soler-Paraguay";443217.81659274;4478891.686575348;-3.66971147134356;40.45875302888972
"URB";11;5108;"51009";"HALCÓN S-N (VENCEJO - DR. URQUIOLA)";436966.044176025;4471044.630224434;-3.74266388906867;40.38761303969685
"URB";20;6474;"66008";"Pº. Ginebra - Sofía-Suecia";448838.635807406;4475015.585246151;-3.60310884056182;40.42419979935841
"URB";10;5110;"51013";"VIA CARPETANA N-S(LUIS FEITO-GTA. EJERCITO)";436819.857387662;4471183.45318278;-3.74439988812143;40.38885254337916
"URB";20;6478;"66012";"Av. Niza - Pº. Ginebra-Av. Guadalajara";448595.134075129;4475117.022436162;-3.60598737683607;40.42509860091305
"URB";20;6479;"66013";"Av. Niza - Austria-Pº. Ginebra";448574.979729005;4475264.362866328;-3.60623687149986;40.42642469122494
"URB";20;6539;"71403";"Av. 25 Septiembre - Pl. Olivas-Alcalá";446944.746458083;4477363.296406059;-3.62562945720399;40.4452307432167
"URB";20;6540;"71404";"Esfinge - Esfinge-Alcalá";448144.498342832;4477535.500514703;-3.61149677235734;40.44685775695093
"URB";4;4039;"09025";"Goya E-O - Lombia-Fernan Gonzalez";442932.74988845;4475109.762361161;-3.67273371629327;40.42466407267587
"URB";7;4408;"19006";"San Bernardo, 126 S-N(Jerónimo de la Quintana-Gta. Quevedo)";440225.125847763;4475993.880005984;-3.70473326729727;40.43243847883416
"URB";4;4040;"09026";"Goya O-E - Fuente del Berro-Dr. Esquerdo";443095.058933762;4475092.519126996;-3.67081892760043;40.42451985379245
"URB";17;3624;"27005";"DR. MARTIN AREVALO ENTRE Ø34 Y P.P. O-E(ALBINO HDEZ. LAZARO-REAL PINTO)";439955.782319097;4466394.851095796;-3.707003680318;40.34594615921728
"URB";5;7089;"61076";"Acceso M-30(Superficie) - M-30-Pl.José Mª Soler";443415.821023505;4479034.678842341;-3.66738902692995;40.46005467701566
"URB";20;5996;"45403";"Miguel Fleta - Albarracín-Hermanos García Noblejas";446326.201822031;4475810.149139371;-3.63279173999622;40.43119940777818
"URB";15;5997;"45404";"Santo Domingo Savio - José Arcones Gil-Hermanos García Noblejas";446275.878760678;4475776.92263968;-3.63338218522675;40.43089683551012
"URB";17;4842;"27006";"AV. REAL PINTO PASADA ?Ø20 S-N(PARVILLAS ALTAS-MARISCAL GTRREZ. OTERO)";439979.220465055;4466278.232432845;-3.70671675786989;40.34489727754087
"URB";11;5102;"51005";"OCA O-E(GTA. EJERCITO-LAGUNA)";436928.016304075;4471112.767588734;-3.74311864288926;40.38822397270651
"URB";5;3581;"61079";"Puerto Rico N-S - Guatemala-Costa Rica";442828.748958092;4478924.782595756;-3.67430296894582;40.45902449688287
"URB";11;5118;"51019";"ZAIDA E-O(TORTOLA-N.SRA.VALVANERA)";437625.301351959;4471347.782523213;-3.73492683851578;40.39039359405942
"URB";7;10602;"20016";"Vallehermoso S-N(Fernando Católico-Fdez de los Ríos)";439893.388703712;4476185.444448043;-3.70866221260842;40.43414026834559
"URB";7;4415;"21011";"Eloy Gonzalo, 24 O-E(Trafalgar-Gta.Pintor Sorolla)";440514.755648023;4476195.963287021;-3.70133774980715;40.4342796998024
"URB";20;5998;"45405";"Castillo de Arévalo - Llanes-Hermanos García Noblejas";446529.055386248;4475443.782453195;-3.63036950091469;40.42791202698862
"URB";15;6012;"46004";"Arturo Soria - Navarro Amandi-López de Hoyos";444018.643796608;4478980.320250047;-3.66027461593225;40.45960581919768
"URB";20;3760;"66017";"Pl. Grecia E-O - Av. Arcentales-Pitagoras";448483.435260198;4476301.194379339;-3.60740004290456;40.43575945122933
"URB";8;3677;"43007";"(AFOROS)AV.MONFORTE DE LEMOS O-E(GINZO DE LIMIA-FINISTERRE)";440362.3938074;4481210.253203092;-3.70360505530187;40.47943956415519
"URB";20;6006;"45413";"Albarracín - Miguel Fleta-Emilio Muñóz";446570.268715668;4475824.76158708;-3.62991568654896;40.43134675848143
"URB";17;6825;"27007";"AV. REAL PINTO Ø11 N-S (DR. PEREZ DOMINGUEZ-DR. MARTIN AREVALO)";440011.586204489;4466493.244953672;-3.70635589940999;40.34683656210336
"URB";20;6500;"66018";"Av. Luis Aragones N-S - Av. Luis Aragones-Pl. Grecia";448641.733153403;4476340.223690383;-3.60553690342096;40.43612084194782
"URB";4;4046;"09032";"(TACTICO) Maiquez, 2 S-N - Duque de Sesto-Jorge Juan";442934.017641057;4474926.894949102;-3.67270236080015;40.42301679510557
"URB";16;11230;"72004";"Av. Manuel Fraga Iribarne - P.P. - Gta. José Paz Maroto";448445.26557761;4482773.571665007;-3.60837591040105;40.49406393957058
"URB";4;9888;"09037";"Jorge Juan O-E - Castelló-Principe Vergara";442206.890418189;4475002.500371215;-3.68128014605133;40.42364769857724
"URB";5;5588;"61080";"Víctor de la Serna S-N - Colombia-Nicaragua";443023.168712642;4478782.79960914;-3.67199730189065;40.45775880115263
"URB";17;11044;"27008";"EDUARDO BARREIROS S-N(LAGUNA SANTIAGO-JOSE PEREZ)";440110.997065314;4467208.821891916;-3.70525258174123;40.35329003108612
"URB";8;10421;"76051";"MONASTERIO BATUECAS S-N(AV. MONASTERIO SILOS-AV. MONASTERIO DE EL ESCORIAL)";440294.749518966;4483920.851058264;-3.70465844844901;40.50385272444149
"URB";7;10604;"20017";"Blasco de Garay S-N (Alberto Aguilera -Rodríguez San Pedro)";439627.311488856;4475862.963780321;-3.71176842527532;40.43121595213222
"URB";11;5115;"51018";"NTRA SRA VALVANERA N-S (ACEUCHAL-OCA)";437557.058243167;4471331.206728267;-3.73572922175143;40.39023915902023
"URB";5;5589;"61081";"Alfonso XIII O-E - Ricardo Calvo-Pl.José Mª Soler";443251.335934323;4479013.651147982;-3.66932706096167;40.45985403275616
"URB";11;5135;"58004";"AV.DE ABRANTES ENTRE CONDE Y FARO";438238.641763789;4470319.463580542;-3.72760104996015;40.38117571230024
"URB";7;4452;"21032";"Gral. Martínez Campos E-O(Emilio Castelar-Miguel Angel)";441491.634022616;4476292.467137804;-3.68982992650782;40.4352183460915
"URB";8;10432;"76053";"MONASTERIO PAULAR E-O  (MONASTERIO BATUECAS-  MONASTERIO HUELGAS)";440136.552352592;4483643.400047751;-3.70649917803463;40.50134195452608
"URB";15;6017;"46009";"Arturo Soria - José Silva-Bueso de Pineda";444406.89594193;4478441.252821054;-3.65564843464085;40.45477569683899
"URB";16;11237;"72005";"Av. Secundino Zuazo - Antonio Miró Valverde-César Cort Boti";448216.290765794;4482890.142948837;-3.61108732825057;40.49509981913999
"URB";15;6018;"46010";"Arturo Soria - Ramírez de Arellano-Emilio Vargas";444741.699778158;4477891.19104053;-3.65165223095178;40.44984278602887
"URB";3;4061;"10013";"Menendez Pelayo N-S - Conde de Cartagena-Pl. Mariano Cavia";442476.722454455;4473361.717435626;-3.67795113023482;40.40888537050341
"URB";5;7071;"21034";"Pº Castellana S-N (José Abascal - Rios Rosas)";441390.003707289;4476731.905539907;-3.6910686256373;40.43916985509195
"URB";8;9858;"76011";"AV. MONASTERIO SILOS O-E (MONASTERIO EL PAULAR - AV. MONTECARMELO)";440720.216254179;4483860.902850711;-3.69963171379814;40.50334319862772
"URB";3;4062;"10014";"Nazaret E-O - Samaria-Reyes Magos";442796.714090096;4473596.670575443;-3.67420118062666;40.41102400501049
"URB";8;5420;"43008";"AV.MONFORTE DE LEMOS E-O(FINISTERRE-GINZO DE LIMIA)";440410.420754429;4481232.504720801;-3.70304056454192;40.4796434619937
"URB";20;10239;"66023";"Vial 5 - Entrada Av. Arcentales";449036.500396455;4476101.887655459;-3.60086355183197;40.43399804649547
"URB";5;5590;"61082";"Alfonso XIII S-N - Lirios-Pl.José Mª Soler";443444.954236035;4478819.709508778;-3.66702628004201;40.45812011464563
"URB";5;5591;"61083";"Costa Rica E-O - M-30-Pl.José Mª Soler";443503.671512388;4478995.75910171;-3.66634946584471;40.45971004709666
"URB";11;5134;"58003";"BESOLLA O-E(CALLE ANCIU-AV.ABRANTES)";437596.361996135;4469787.823246124;-3.73511500412115;40.37633859408922
"URB";7;3674;"21030";"Eduardo Dato, 12 E-O(Gta. Ruben Dario-Alfonso X)";441297.355067014;4476042.055498647;-3.69209724136598;40.43294883115412
"URB";11;5037;"49004";"GRAL. RICARDOS O-E(PAULINA ODIAGA-SALLABERRY)";438720.62517664;4471773.088263812;-3.72206314235914;40.3943062472796
"URB";20;10243;"66024";"Av. Luis Aragones - Pl. Grecia - Vial 4";448757.992689098;4476454.890689443;-3.60417547058798;40.43716100471045
"URB";20;10244;"66025";"Av. Luis Aragones - San Hilario - Vial 4";448855.224531704;4476629.569401669;-3.60304316647451;40.43874060413615
"URB";7;4455;"22002";"Rios Rosas, 28 E-O(Ponzano-Santa Engracia)";440695.023205232;4477044.625573056;-3.69929173426949;40.44193770203933
"URB";5;5607;"61101";"Costa Rica E-O(Túnel) - Puerto Rico-Chile";442804.121376463;4478871.769051208;-3.67458864146484;40.45854523172462
"URB";8;10433;"76054";"MONASTERIO HUELGAS S-N  (COSTA BRAVA-  MONASTERIO PAULAR)";440015.899727966;4483568.019513085;-3.7079158600391;40.50065418832249
"URB";10;5171;"80019";"MAQUEDA E-O(ILLESCAS-MAQUEDA)";435114.329194017;4471763.049722125;-3.76455210432366;40.39394267668825
"URB";3;10081;"10039";"Alde Sainz de Baranda O-E - Menéndez Pelayo-Narváez";442532.650661428;4474254.270438788;-3.67737264419647;40.41692982145495
"URB";17;10401;"27013";"EDUARDO BARREIROS S-N(REQUENA-EL CASERIO)";440179.505304722;4467472.417891725;-3.70447059942803;40.35566956957848
"URB";20;11290;"66058";"Maria Sevilla Diago, 14 - Longares-Niza";448362.032281893;4476000.273288089;-3.60880690323066;40.43304103992805
"URB";15;6020;"46012";"Arturo Soria - Josefa Valcárcel-Gregorio Benítez";444866.53054282;4477696.381466951;-3.65016329922788;40.4480961288481
"URB";5;5606;"61100";"Alberto Alcocer O-E - (Túnel)Víctor Andrés Belaunde-Bolivia";442311.33959867;4478877.336533255;-3.68040080472412;40.45856132297776
"URB";15;6021;"46013";"Arturo Soria  - Condesa de Venadito-Hernández de Tejada";444965.065136324;4477548.905896717;-3.64898861806659;40.44677412061898
"URB";7;4464;"21035";"Santa Engracia ,115 S-N(Bretón de los Herreros - Rios Rosas)";440530.34459149;4476907.275991831;-3.70122053928996;40.44068863505911
"URB";15;6024;"46016";"Arturo Soria - Fernández Caro-Marqués de Portugalete";445261.529081899;4477336.897376996;-3.64547456542184;40.44488380778573
"URB";11;5139;"58008";"PORTALEGRE O-E ENTRE OPORTO Y ABRANTES";438562.31259801;4470700.157970407;-3.72382493063004;40.38462911939251
"URB";11;5144;"58011";"CARCASTILLO ENTRADA CRUCE";437714.33588542;4470073.714463999;-3.73375331913174;40.3789228626694
"URB";8;10423;"76056";"MONASTERIO BATUECAS S-N(AV. MONASTERIO SUSO Y YUSO-AV. MONASTERIO SILOS)";440286.405612123;4483814.510905859;-3.70474689228805;40.50289417636893
"URB";16;10142;"55069";"Silvano - Alcorisa-Alcorisa";445846.702654423;4479276.593724886;-3.63874006590347;40.46239594899265
"URB";16;11254;"72011";"Av. de Secundino Zuazo - Maria de las Mercedes de Borbón-José Antonio Coderch";447183.674247986;4482932.792966016;-3.6232758696075;40.4954189589741
"URB";5;5592;"61085";"ALFONSO XIII E-O(FRENTE) (PL.JOSE Ma SOLER-STA MªMAGDALENA)";443294.702034758;4478985.40671028;-3.6688130854488;40.45960255404677
"URB";17;4847;"27030";"PSO. FERROVIARIOS Ø22 S-N (NUÑO GOMEZ-JOSE DEL PINO)";439148.371851086;4466363.306389271;-3.71650700343051;40.34560348707025
"URB";12;4798;"85042";"ANTONIO LOPEZ N-S(MARCELO MUÑOZ DIAZ-SOCUELLAMOS)";440948.154117458;4470359.240670482;-3.69568667022205;40.38173046968197
"URB";2;4107;"11038";"PUERTO SERRANO O-E (ENTRADA EMBAJADORES)";441493.596767318;4470701.95238346;-3.68929275148815;40.3848562824586
"URB";17;4849;"27032";"EDUARDO BARREIROS APARCAMIENTO RENFE N-S (LAGUNA RODRIGO-ALCOCER)";440129.091728268;4466935.683949905;-3.70501388880108;40.3508307479207
"URB";20;10708;"45070";"Hermanos García Noblejas - Castillo de Uclés-Castillo de Arévalo";446583.136937973;4475302.114823357;-3.62972006630427;40.42663927573404
"URB";5;3402;"91001";"Hiedra O-E (Estación Chamartín-Bambú)";442500.584547795;4480546.4921561;-3.67832018831367;40.47361093141802
"URB";9;4726;"93009";"(TACTICO)Valderodrigo E-O(Valle de Mena-Antonio Machado)";439043.454663409;4480157.316562606;-3.71906356502818;40.46985857015592
"URB";21;6252;"55038";"Av. Consejo de Europa - Consejo de Europa-M-40";447718.450937346;4478919.736296787;-3.61663456738481;40.45930106132376
"URB";19;6215;"67003";"Rivas  - Boyer-Av. Gran Vía del Este";449599.184161824;4472619.918494784;-3.59395388701499;40.40266444326416
"URB";8;10801;"76068";"MONASTERIO SAMOS S-N (MONASTERIO SUSO Y YUSO - MONASTERIO SILOS)";441139.356551576;4484098.703972204;-3.69470738565157;40.50551523543117
"URB";15;6027;"46020";"Entrada desde M30  - M-30-Arturo Soria";443763.709076342;4479107.372804914;-3.66329252134815;40.46073315577375
"URB";8;5433;"43022";"Arzobispo Morcillo S-N - Hospital-Av.Ilustración";440770.769107805;4481602.301459916;-3.69882400454915;40.48300051231062
"URB";7;10066;"20014";"Fernando el Católico E-O(Galileo -Blasco de Garay";439721.916316197;4476181.218083548;-3.71068333890571;40.43408978575406
"URB";15;6028;"46021";"Navarro Amandi - Mesena-Arturo Soria";444027.451869062;4479100.556337547;-3.66018133852367;40.46068955753778
"URB";8;5424;"43013";"(AFOROS)Av.Ilustración E-O - Centro Cívico-Av.Betanzos";439730.39599613;4481359.587684763;-3.71107502395063;40.48073919301027
"URB";5;5616;"61112";"(AFOROS)Costa Rica E-O(Superficie) - Pl.José Mª Soler-Paraguay";443222.629901619;4478901.262343162;-3.6696555615006;40.45883962078673
"URB";19;6203;"54011";"San Cipriano - Villalmanzo-Lago Van";448466.537746588;4472786.611522533;-3.60731447439598;40.4040967932307
"URB";17;4850;"27033";"VILLALONSO ANTES Ø5 O-E (REAL PINTO-SAN JENARO)";440071.55923303;4466823.887300986;-3.70568082004365;40.34981948849855
"URB";10;5029;"95029";"SAGRADOS CORAZONES E-O";437080.63594337;4473232.942868967;-3.74153013008838;40.4073349556958
"URB";5;5593;"61086";"ALFONSO XIII E-O (STA.Ma MAGDALENA-CRUCERO 25 DE MAYO)";443136.988217843;4479052.527261365;-3.67067914035766;40.46019642991894
"URB";13;10897;"68017";"Av. Entrevías - Martell-Concejo de Trevenga";443047.079662942;4470817.759055867;-3.67100196317014;40.38600717808953
"URB";5;5617;"61113";"Pte Costa Rica E-O(Entrada Túnel) - Arturo Soria-José Mª Soler";443505.449482488;4478990.117138657;-3.66632799463554;40.4596593424961
"URB";16;6036;"46029";"López de Hoyos - López de Hoyos-Ctra. Canillas";444315.562091041;4479496.854887106;-3.65681813994594;40.46427896545335
"URB";7;9965;"22011";"AGUSTIN DE BETANCOURT S-N(MARIA DE GUZMAN-MAUDES)";441049.35976634;4477282.566743061;-3.69513596535713;40.44410637959535
"URB";9;4470;"23004";"ISAAC PERAL N-S (DR. SCARLATTI-SAN FRANCISCO DE SALES)";439098.591568527;4476931.866492923;-3.71810378630919;40.44080652649978
"URB";2;4688;"90003";"Po IMPERIAL S-N(FCO. NIEVA - PL.FRANCISCO MORANO)";439267.76229534;4472812.779955677;-3.71571581008624;40.4037123605565
"URB";15;10112;"46031";"Arturo Soria - Pablo Vidal - Vicente Muzas";443972.01821329;4478986.477391018;-3.6608250522756;40.45965814329058
"URB";2;4690;"90005";"Po PONTONES E-O(PARADINAS-Po MELANCOLICOS)";438942.599833671;4472864.697305953;-3.71955247132691;40.40415627433185
"URB";16;10152;"55074";"Silvano - Joaquín Fernández Leiva-Miguel Riesco";446420.869623768;4479304.852217619;-3.63197052487883;40.46268773971026
"URB";15;6029;"46022";"López de Hoyos - Pedro Salinas-Arturo Soria";444013.064047686;4478810.565334408;-3.66032544935021;40.45807620835856
"URB";19;6216;"67004";"Ctra. Vicálvaro a la Estación de O´Donnell - Abad J. Catalán-Villablanca";449581.633057368;4472763.812984497;-3.59417210733259;40.40395968120166
"URB";13;10912;"68027";"Av. Entrevías - Romda del Sur-Villacarrillo";443925.888942307;4469776.101865722;-3.66055709279986;40.37668291025617
"URB";11;5146;"58013";"Cº VIEJO DE LEGANES S-N";437857.113410564;4470201.674975525;-3.73208394338914;40.38008625091596
"URB";8;6970;"76013";"AV. MONTECARMELO N-S  (SANTUARIO DE VALVERDE - MONASTERIO ESCORIAL)";440748.633497277;4484053.345457661;-3.69931435633984;40.50507881749718
"URB";7;4461;"22008";"Pº Castellana N-S(Pl. San Juan de la Cruz-Bretón  Herreros)";441362.31120305;4476808.415870133;-3.6914021856953;40.43985714301991
"URB";16;6035;"46028";"Ctra. Canillas - Ctra. Canillas-López de Hoyos";444311.442515209;4479372.890123143;-3.65685585024955;40.46316195456322
"URB";2;4698;"90019";"RONDA DE SEGOVIA O-E(GIL IMON-PUERTA TOLEDO)";439460.951528717;4473202.087121435;-3.71347631691459;40.40723349170342
"URB";8;10463;"43036";"Av. Ilustración O-E (Azobispo Morcillo - Nudo Norte) - Azobispo Morcillo - Nudo Norte";440789.229442877;4481734.191243695;-3.69861853146875;40.48418994182488
"URB";15;6038;"46032";"Torrelaguna  - Arturo Baldasano-José Silva";443981.955537857;4478451.452544938;-3.66066063966675;40.45483904799362
"URB";16;10148;"55075";"Silvano - José Álvarez de Toledo-Francisco Mosqueda";446693.814691717;4479291.733241693;-3.62875019641815;40.46258711298139
"URB";15;6041;"46035";"Av. Ramón y Cajal  - Puente M30-Torrelaguna";443837.934167538;4478283.278897568;-3.66234420216313;40.45331433751642
"URB";7;4475;"23014";"GUZMAN EL BUENO N-S (MELQUIADES ALVAREZ - CEA BERMUDEZ)";439550.162164255;4476831.2583303;-3.71277002395333;40.43993315712108
"URB";5;5618;"61114";"Pte Costa Rica O-E(Salida Túnel) - José MªSoler-Arturo Soria";443514.016289855;4478985.343235222;-3.6662265346038;40.45961691929011
"URB";1;4328;"30036";"RONDA SEGOVIA S-N(ALGECIRAS-SEGOVIA)";439143.21145363;4473841.00645112;-3.71728183748723;40.41296600136894
"URB";19;6217;"67005";"Av. Gran Vía del Este  - San Cipriano-Rivas";449420.461899463;4472614.207881731;-3.59605949726835;40.402602160516
"URB";15;6043;"46037";"Normas  - M30-Torrelaguna";443883.357564368;4478111.267258554;-3.66179333534448;40.45176783977772
"URB";11;10505;"58023";"CARRERO JUAN RAMON N-S (DELANTE GR-6)";438174.741537345;4470048.635756128;-3.7283275161685;40.37873122648371
"URB";19;11391;"67006";"Av. Miguel Delibes - M-45 - Alto del Esparragal";452084.035175135;4473124.037488167;-3.56471022699164;40.40735262235022
"URB";2;4329;"30037";"SEGOVIA, 61 O-E(MAZARREDO-RONDA SEGOVIA)";439060.398210538;4473943.794219672;-3.71826767978034;40.41388590056349
"URB";13;10907;"68023";"Sierra Contraviesa - Conde Rodríguez San Pedro-Av. Entrevías";443060.867516059;4470605.612816252;-3.67082056933188;40.38409698353337
"URB";11;10504;"58024";"VIA LUSITANA O-E Ø101 (PL. RENDICION BREDA-CARRERO JUAN RAMON)";438148.681046402;4469962.686260329;-3.72862615477193;40.37795501814885
"URB";8;10431;"76052";"MONASTERIO HUELGAS N-S (AV. MONASTERIO SUSO Y YUSO-  MONASTERIO DE EL PAULAR)";440092.257918413;4483720.70366772;-3.70702920798252;40.50203513435516
"URB";2;3444;"90012";"Po MELANCOLICOS S-N(Po IMPERIAL-RONDA DE SEGOVIA)";439027.21230552;4473515.101459756;-3.71861771510636;40.41002161301497
"URB";6;11094;"60023";"Orense N-S - Fortunata y Jacinta -General Perón";441076.878255472;4478276.41922025;-3.6949037059044;40.45306138921473
"URB";2;4699;"90020";"SANTA CASILDA O-E(Po PONTONES-TOLEDO)";439437.138928224;4472960.791421467;-3.71373397514978;40.40505805507283
"URB";15;10110;"46038";"Arturo Soria - Navarro Amandi - Emilio Rubin";443927.88389518;4479059.725848201;-3.66135203497327;40.46031502385569
"URB";15;6044;"46039";"Arturo Soria - Lorenzo Solano Tendero-Estrecho de Mesina";444578.889649953;4478182.578199285;-3.65359753813428;40.45245691157356
"URB";13;10894;"68014";"Av. Entrevías - Concejo de Trevenga-Mejorana";443021.181745375;4470882.083186345;-3.67131281789148;40.38658487636221
"URB";13;10895;"68015";"Av. Entrevías - Concejo de Trevenga-Mejorana";443025.414985136;4470882.611217937;-3.67126299319376;40.38658992269202
"URB";6;5470;"60024";"(AFOROS)General Perón O-E - Poeta Joan Maragall-Pl.de Lima";441267.795954155;4478177.172904593;-3.69264311398722;40.45218084779682
"URB";8;10816;"76071";"MONASTERIO CAAVEIRO S-N (MONASTERIO SILOS - MONASTERIO ESCORIAL)";440963.496086328;4484046.067902963;-3.69677794017637;40.50502857593746
"URB";8;11358;"76075";"MONASTERIO DE SILOS ENTRE MONASTERIO DE LIEBANA Y MONASTERIO DE POYO";441226.361518598;4484330.652504475;-3.69370210262513;40.50761087726528
"URB";19;11423;"67016";"De la Igualdad 13 - Tolerancia-Miguel Delibes";452393.702315154;4473059.231555698;-3.56105598527416;40.4067865689743
"URB";13;10780;"68009";"Av. Entrevías - Ronda Sur-Villacarrillo";443866.370345023;4469797.747492825;-3.66126008832381;40.37687390055979
"URB";17;4856;"27039";"PSO. TALLERES Ø9 O-E (RUBI-OPALO)";440235.197591413;4466556.730611891;-3.70372903662886;40.34742452660613
"URB";11;10500;"58027";"VIA LUSITANA E-O Ø154 (PL. RENDICION BREDA-AV. POBLADOS)";437784.013802111;4469595.45684229;-3.73288586055665;40.37461969536892
"URB";8;10189;"77005";"FORESTA E-O(QUINTANAPALLA-QUINTANAVIDES)";443396.090570672;4483294.261474091;-3.66800196542955;40.49842553317384
"URB";8;10564;"78016";"RONDA DE LA COMUNICACION E-O";443841.067649456;4484855.811992915;-3.66288945587223;40.51252285246192
"URB";9;9961;"23016";"REYES CATOLICOS S-N(TUNEL)(AV. MEMORIA-ISAAC PERAL)";438984.571486238;4476617.318193643;-3.71941791862894;40.43796458924436
"URB";2;9971;"90024";"Po IMPERIAL S-N (GIL IMON -JEMENUNO)";439155.761061701;4473239.91867957;-3.71707645627647;40.40755204658118
"URB";6;3735;"31051";"VILLAAMIL S-N(OFELIA NIETO-SANCHEZ PRECIADO)";439930.121580752;4479352.172469597;-3.70852868960796;40.46267011505142
"URB";4;4673;"35039";"AV.BRASILIA N-S(BRESCIA-MARTINEZ IZQUIERDO)";443924.092827447;4476379.879532695;-3.66116012389728;40.43617336803771
"URB";11;10501;"58028";"VIA LUSITANA O-E Ø133 (AV. POBLADOS-PL. RENDICION BREDA)";437903.450956674;4469702.229423448;-3.73148943677629;40.37559046138091
"URB";2;4692;"90007";"PUENTE SAN ISIDRO O-E(M-30 -Po MELANCOLICOS)";438740.118732068;4472828.022170951;-3.72193497215215;40.4038110146339
"URB";1;4695;"90010";"RONDA DE SEGOVIA S-N(GIL IMON -ALGECIRAS)";439121.690757626;4473513.819793326;-3.7175041640254;40.41001698213412
"URB";11;10981;"58029";"(CARRIL BUS) VIA LUSITANA O-E(Nº28-BRAGANZA)";438723.543246711;4470517.217765601;-3.72190794906538;40.38299297851403
"URB";9;4727;"93010";"Antonio Machado N-S(Centro Cultural-Sinesio Delgado)";439000.134575016;4479754.471739262;-3.71953581326932;40.46622641889585
"URB";15;10122;"46052";"Arturo Soria - Marques de Portugalete - Pilar Cavero";445139.702611505;4477413.648847797;-3.64691768210689;40.44556719601315
"URB";15;10123;"46053";"Marques de Portugalete - General Aranaz - Arturo Soria";445249.152709537;4477463.742931013;-3.64563143240174;40.44602568535017
"URB";5;5481;"60035";"Juán Ramón Jiménez S-N - José Lázaro -Alberto Alcocer";441762.439651352;4478802.328240336;-3.68686740699526;40.45784732908665
"URB";5;3690;"34033";"PRADILLO, 59 E-O(PANTOJA-NUREMBERG)";442952.027932019;4477797.780453203;-3.67274779264552;40.44888040245043
"URB";15;10121;"46054";"Arturo Soria - Emilio Vargas - Hernandez de Tejada";444850.174726033;4477703.957896548;-3.6503568218878;40.44816329637133
"URB";13;10917;"68032";"La Mancha - Peñarroya-Campiña";442978.81548234;4470095.91689133;-3.67174157998608;40.37949973234674
"URB";13;10920;"68035";"Lagartera - Peñarroya-Campiña";443000.005249471;4470201.880369379;-3.67150144685093;40.38045576352462
"URB";13;10935;"68041";"Av. Entrevías - Serena - Benamejí";443421.57505593;4470131.478323306;-3.66652911665818;40.37985027025788
"URB";5;4645;"34035";"MARCENADO N-S(SAN ERNESTO-PRADILLO)";442845.505837663;4477821.726359037;-3.67400604504767;40.4490888015383
"URB";6;3733;"31045";"DR.FEDERICO RUBIO Y GALI S-N(ACUEDUCTO-JERONIMA LLORENTE)";439843.031961328;4478079.339084564;-3.70943522467367;40.4511976255287
"URB";13;3587;"41003";"Av. Albufera - Dr. Salgado - Felipe Fraile";443457.923338832;4472011.669727332;-3.66626783229753;40.39679060404296
"URB";13;5822;"41012";"Av. Albufera - Cantalapiedra-Josefa Díaz";444278.83594848;4471454.551266944;-3.65654640433235;40.39182707994416
"URB";11;7008;"81019";"PTE SAN ISIDRO E-O (CARRIL DERECHO)(PSO. MELANCOLICOS-PSO. ERMITA DEL SANTO)";438592.358537849;4472822.475042542;-3.72367562861884;40.403750158828
"URB";10;5187;"81401";"(TACTICO)VIA CARPETANA GIRO N-E(CARAMUEL-ERMITA DEL SANTO)";437741.820100645;4472360.226324477;-3.73365305519404;40.39952285634079
"URB";2;9972;"90025";"GIL IMON E-O (VILLOSLADA -Po IMPERIAL)";439220.424846826;4473205.582151251;-3.71631114188378;40.40724745085348
"URB";8;6959;"73001";"ARROYO DEL MONTE N-S (GTA. OLGA RAMOS-GTA. GRACITA MORALES)";438171.907246946;4482098.058033658;-3.72953306751743;40.48727698494535
"URB";15;10126;"46055";"Arturo Soria - Fernandez Caro - Marques de Pico Velasco";445310.087166687;4477294.606401925;-3.64489836299698;40.4445060235912
"URB";4;4676;"35042";"ROBERTO DOMINGO S-N(AV.TOREROS-AV.DONOSTIARRA)";443922.906252901;4476180.454644651;-3.66115651569199;40.43437676451006
"URB";8;10190;"77006";"QUINTANAVIDES S-N(A-1-FORESTA)";443411.657908958;4483168.780634285;-3.66780705315376;40.49729621176822
"URB";15;10129;"46056";"Arturo Soria - Manuel Maria Iglesias-Duque de Tamames";444630.609285601;4478088.414038333;-3.65297941955248;40.4516120796663
"URB";21;11200;"70013";"Fuerzas Armadas - Ciudad Deportiva O-E (Vía Servicio) - Av. Fuerzas Armadas - Gta Antoñete P.P. (Oeste)";448192.910495716;4481435.414988606;-3.61124430795827;40.48199340517525
"URB";8;9899;"93035";"Valle de Mena E-O(Lateral)(Cno. Ganapanes-Buitrago de Lozoya)";439289.727488582;4480204.47236332;-3.71616317789829;40.47030140226586
"URB";6;5490;"60044";"General Perón O-E - Edgar Neville-Montevideo";440959.549235566;4478203.560693004;-3.69628054184471;40.45239672229927
"URB";13;5823;"41013";"Av. Albufera - Sierra Faladora-Pío Felipe";444697.625624266;4471400.204105399;-3.65160751098419;40.39136539788426
"URB";5;7093;"61115";"Acceso M-30(Túnel)E-O - M-30-Pl.José MªSoler";443430.643013288;4479026.823122692;-3.66721351825222;40.4599849181573
"URB";8;10191;"77007";"FORESTA O-E(PTO. SOMPORT-QUINTANAVIDES)";443277.559180927;4483204.659366305;-3.66939268128444;40.497610267148
"URB";13;5810;"40031";"Carlos Martín Álvarez - Martinez de la Riva-Javier de Miguel";443636.88242375;4471122.330892748;-3.66408047972337;40.38879105215266
"URB";11;11026;"58030";"AV. ABRANTES S-N(ARGÜESO-PELICANO)";438409.369442461;4470498.686120491;-3.72560720999157;40.38280287220913
"URB";17;4843;"27400";"(TACTICO)PSO. FERROVIARIOS ANTES GR-10 S-N (SAN AURELIANO-ALBERTO PALACIOS)";439050.419439405;4466068.052169075;-3.71763208520195;40.34293652244322
"URB";13;6945;"41032";"Av. Albufera - Fuengirola-Rafael Alberti";445738.335670013;4470912.869678106;-3.63930442335501;40.38704362603127
"URB";13;5849;"41041";"Incorporación  M-40 hacía Av. Albufera N-S - M-40-Av. Albufera";446105.087538834;4470827.98447019;-3.63497646781135;40.38630273234619
"URB";6;5495;"60051";"Infanta Mercedes N-S - Juán de Olias-Gral.Perón";440703.041450355;4478268.500730455;-3.69931146125693;40.45296346983994
"URB";13;5846;"41037";"Av. Pablo Neruda - Av. Pablo Neruda-Av. Albufera";445394.171845522;4471240.414812139;-3.64338715761634;40.38997187046707
"URB";16;6284;"55414";"Añil - Hipercor-Av. de los Andes";447622.655672294;4478668.796068671;-3.61774365584245;40.45703441797328
"URB";5;10470;"60406";"(TACTICO) Padre Damian(Giro a Juan Ramon Jimenez)";441756.32277715;4478594.50313348;-3.68692047794329;40.45597472027614
"URB";13;3428;"41040";"Av. Rafael Alberti - Av. Albufera-Luis Buñuel";445592.30298461;4470864.298598363;-3.64102071267519;40.38659654258421
"URB";8;6586;"77403";"(TACTICO)CASTIELLO JACA S-N(GIRO A PTE. REINA)";442746.032039858;4483679.064364143;-3.67570780450981;40.50184739362611
"URB";15;10128;"46058";"Arturo Soria - Goitia - Marques de Pico Velasco";445481.930816419;4477188.121905986;-3.64286298072009;40.44355803970753
"URB";15;10831;"46077";"Ramirez de Arellano - Treviana - Torrelaguna";444215.305111862;4477661.773066646;-3.65783937975646;40.4477409133891
"URB";5;7088;"61119";"Acceso M-30 S-E(Superficie) - M-30 Sur-Pl.José Mª Sole";443426.515829712;4479043.197789517;-3.66726365316962;40.46013214791149
"URB";5;5586;"61120";"Acceso M-30 N-E(Superficie) - M-30 Norte-Pl.José Mª Soler";443420.024406619;4479047.84926483;-3.66734062686532;40.4601736086182
"URB";5;11282;"61084";"STA MARIA MAGDALENA N-S";443222.248350781;4479096.743907315;-3.66967754790283;40.46060058420386
"URB";13;5825;"41015";"Vía Servicio M-30 - M-30-Av. Albufera";443150.447883777;4472061.290531338;-3.66989518880556;40.39721668397198
"URB";11;5238;"84003";"AV. CARABANCHEL ALTO S-N(M-40-AV .PESETA)";435982.782434768;4468087.389994263;-3.75395071226648;40.36089795078357
"URB";16;10146;"55601";"Silvano - M-40-Haendel";447033.435664316;4479292.341722251;-3.62474462069692;40.46261431394032
"URB";20;10542;"71057";"Av. 25 de Septiembre - Juan Ignacio Luca de Tena - Pl. de las Olivas";446919.03600035;4477484.351066171;-3.62594273536055;40.44631963124314
"URB";5;5744;"91002";"Bambu N-S(Consuegra-Av. Pio XII)";442587.95358148;4480617.278614696;-3.67729597225185;40.47425465034637
"URB";16;3660;"56006";"Mar Caspio - Mar de las Antillas-Felipe Herranz";445088.272802053;4480522.874435542;-3.64779309934729;40.47357328577364
"URB";21;11223;"72019";"Av. Manuel Fraga Iribarne - Estanislao Pérez Pita-Gta. Antonio Valdés González Roldán";448422.261023287;4482162.172488546;-3.60859760118011;40.48855470471972
"URB";8;6618;"79024";"Puerto de Somport - Foresta-Av. Burgos";443310.098660164;4482977.810563024;-3.66898840282453;40.49556894316944
"URB";5;7092;"61121";"Acceso M-30 N-E(Túnel) - M-30 Norte-Pl.José Mª Soler";443433.020060538;4479040.15043184;-3.66718667147962;40.4601051386737
"URB";1;4710;"90036";"PLAZA DE LA CEBADA O-E(HUMILLADERO-TOLEDO)";439787.787223033;4473656.921561304;-3.70966775027461;40.41135455786504
"URB";11;5299;"84409";"(TACTICO)GOMEZ ARTECHE O-E(LEBRELES-AV. CARABANCHEL ALTO)";436040.488697463;4469116.316302637;-3.7533743378163;40.37017141212667
"URB";2;10065;"90046";"(TACTICO) JEMENUNO O-E(Po MELANCOLICOS-Po IMPERIAL)";439111.066841541;4473318.403562239;-3.71761066796568;40.40825580658687
"URB";13;5869;"41408";"Puerto Pajares - Peña Gorbea-Av. Albufera";443630.274422703;4471861.575920011;-3.66422376234491;40.39545015601171
"URB";8;6587;"77404";"(TACTICO)PTE. REINA O-E(GIRO A CNO. SANTIAGO)";442862.104848629;4483714.710916947;-3.67434122628147;40.50217651299744
"URB";2;10658;"90029";"Po MELANCOLICOS N-S (DUQUE TOVAR -";438914.472835357;4472688.710690888;-3.71986702985063;40.40256884271666
"URB";11;9852;"84404";"(TACTICO)CUEVAS ALTAMIRA N-S(JACOBEO-AV. PESETA)";435476.403521318;4468302.111467969;-3.75993572029289;40.36279322769624
"URB";20;10697;"45067";"Hermanos García Noblejas - Pl. Alsacia-Pobladura del Valle";447017.867324357;4474506.766970461;-3.62452914305587;40.41950210013884
"URB";17;11041;"27401";"(TACTICO)LAGUNA SANTIAGO O-E";440079.801561942;4467136.396298034;-3.70561311262012;40.35263533976003
"URB";16;11061;"46082";"Asura S-N - Lorenzo Solano Tendero-Julian Hernandez";444748.811139085;4478360.51981572;-3.65160921148552;40.45407121327084
"URB";15;11062;"46083";"Julian Hernandez O-E - Arturo Soria-Asura";444629.755535798;4478376.263850273;-3.6530145896727;40.454205120511
"URB";16;3432;"79007";"Acceso A-1 - A-1-Av. Niceto Alcalá Zamora";444068.167362696;4483550.710310805;-3.66009370529784;40.50078130373644
"URB";18;5205;"82412";"Real Arganda - Serrania Ronda-Jesus del Pino";447290.545824806;4470084.05372384;-3.62094893711363;40.37967674782099
"URB";16;6293;"56011";"Av. San Luis - Luís Buitrago-Pl. Santos de la Humosa";444853.557405196;4480425.14758063;-3.65055336894924;40.47267736399859
"URB";11;5279;"85005";"CALLE 30 N-S (ENTRADA A CRUCE A 110 M LINEA DE PARADA)";439182.059934646;4472273.398327232;-3.71667418669006;40.39884710156601
"URB";16;6305;"56025";"Mar Caspio - Felipe Herranz-Mar de las Antillas";445196.972352899;4480537.666556622;-3.64651212746165;40.47371371988466
"URB";5;5619;"61122";"Acceso M-30 S-E(Túnel) - M-30 Sur-Pl.José Mª Soler";443440.533764227;4479036.367883619;-3.66709771874728;40.4600715751512
"URB";11;11211;"84413";"(TACTICO)DINERO N-S (DOBLER-AV. PESETA)";436314.862044439;4468273.027121996;-3.75005856049677;40.36259568457211
"URB";8;11033;"93004";"Cesar Manrique N-S (Juan Sánchez-La Cabrera)";438903.950655724;4480598.275831896;-3.72075154807809;40.4738206375728
"URB";15;6057;"46412";"Marqués de Pico Velasco 53 - Misterios-Arturo Soria";445363.027034435;4477232.577733246;-3.64426880312094;40.44395071663375
"URB";8;9906;"93024";"Chantada E-O (Sarria - Camino Ganapanes)";439476.046151555;4480534.012169029;-3.71399689145105;40.47328361370744
"URB";12;4793;"85004";"ANTONIO LOPEZ N-S(STA. Mª CABEZA-MARIBLANCA)";440167.191173987;4471566.03698796;-3.70499984496968;40.39254620022948
"URB";8;6590;"77407";"(TACTICO)SIERRA ATAPUERCA S-N(GIRO A PTE. REINA)";443034.293292373;4483604.097934246;-3.67229924353977;40.50119190685376
"URB";21;11218;"72021";"Av. Manuel Fraga Iribarne - Av. José Antonio Corrales-Gta. Antoñete";448424.668095293;4481702.939342428;-3.60853183392467;40.48441783688524
"URB";;5512;"60072";"PºCastellana S-N - San Germán-Pl.Cuzco";441480.96300822;4478673.2325065;-3.69017507961234;40.45666460531081
"URB";15;11463;"46085";"Arturo Soria 17 - Jose del Hierro -  Marquesa de Torrecilla";445715.474350892;4476845.722021995;-3.64008000108482;40.44048879435917
"URB";6;5513;"60073";"PºCastellana N-S - Estébanez Calderón-Rosario Pino";441527.675677565;4479367.836771461;-3.68968817647332;40.46292518779289
"URB";10;5268;"84410";"(TACTICO)SALIDA POLIGONO N-S";434514.277527664;4468631.832203716;-3.77130018399614;40.36568848085271
"URB";15;6056;"46411";"Arturo Soria - Fernández Caro-María Portugalete";445270.758395892;4477322.243722348;-3.64536447756453;40.44475240741459
"URB";16;6304;"56023";"Av. Gran Vía de Hortaleza - Tijuana-Javier Quinto";445370.597543332;4480002.915989039;-3.64441793947124;40.46890785988634
"URB";16;6306;"56026";"Mar Negro - Mar Menor-Mar de las Antillas";445367.79388587;4480552.820085471;-3.64449836973388;40.47386148417011
"URB";16;11411;"72040";"JA Samaranch - Intercambiador-Jose Antonio Corrales";447780.163850441;4481688.919972864;-3.61613470108554;40.48425125577046
"URB";5;5745;"91003";"Av. Pio XII E-O(Av. Burgos - Bambu)";442635.207931577;4480492.98912203;-3.67672730365417;40.47313826188412
"URB";5;3452;"61701";"(AFOROS)Principe de Vergara N-S (ES21) - Alberto Alcocer-Potosi";442599.506818188;4478759.661024793;-3.67699164155815;40.45752120299829
"URB";5;5516;"61002";"Mateo Inurria O-E - Gral.López Pozas-Manuel Ferrero";441866.109411997;4479791.163110274;-3.68573536394724;40.46676244185706
"URB";15;6059;"46414";"Mesena - Emilio Rubin-Navarro Amandi";444085.195398675;4479200.647781583;-3.65950912985655;40.46159511742382
"URB";8;6599;"78010";"VALCARLOS N-S (PALAS DEL REY - SANTO DOMINGO DE LA CALZADA)";443684.049365594;4484025.970703705;-3.66466894201754;40.50503666326989
"URB";5;7086;"61123";"Alberto Alcocer O-E (Giro izqda) - Lígula -Condes del Val";442071.327030142;4478886.320059739;-3.68323222853146;40.45862555407834
"URB";8;6960;"73002";"ARROYO DEL MONTE S-N (GTA. IRENE GUTIERREZ CABA-GTA. GRACITA MORALES)";437968.179124854;4481967.102818936;-3.73192393118733;40.48608210226716
"URB";5;6981;"61124";"Costa Rica O-E(Túnel) - Principe de Vergara-Puerto Rico";442698.086484108;4478870.615344419;-3.6758390682664;40.45852753369996
"URB";5;5582;"61125";"Alberto Alcocer E-O(Túnel) - Bolivia-Víctor Andrés Belaunde";442479.948725709;4478889.655294805;-3.67841341682249;40.45868398384037
"URB";8;10562;"78015";"AV. CAMINO DE SANTIAGO S-N";443638.051706975;4484847.219571334;-3.66528489967958;40.51243167786377
"URB";11;5291;"85017";"ANTONIO LÓPEZ E-O JUNTO PP ESTEBAN ARTEAGA";439759.057701562;4471841.696759999;-3.7098345402093;40.39500006214576
"URB";15;6061;"46416";"Agastia - Arturo Baldasano-José Silva";444139.309075119;4478453.834221445;-3.65880518361135;40.45487109431308
"URB";5;5747;"91005";"Av. Pio XII E-O (Calle 30 - Av. Burgos)";442809.843136046;4480481.090926285;-3.67466621078936;40.47304312078665
"URB";16;11417;"72043";"JA Samaranch 57 - Jose Antonio Fdez Ordoñez-Estanislao Perez Pita";448194.777118493;4482270.761902601;-3.61129055566265;40.48951876983957
"URB";21;11413;"72044";"JA Samaranch 55 - Estanislao Perez Pita-Maria Reiche";448120.762293417;4482171.813005248;-3.61215576786797;40.48862276385242
"URB";8;10058;"78003";"AV. CAMINO SANTIAGO S-N(GTA. MONTE GOZO-PORTOMARIN)";443446.193867126;4484634.541474732;-3.66753040565251;40.51050273088609
"URB";8;6595;"78004";"SANTO DOMINGO DE LA CALZADA E-O (REDECILLA DEL CAMINO - CAMINO DE SANTIAGO)";443317.126589594;4484286.42414875;-3.66902258209229;40.50735794357816
"URB";8;6597;"78007";"AV. CAMINO DE SANTIAGO N-S (TIERRA DE MELIDE - PALAS DE REY)";443320.09186552;4484518.361499204;-3.66900834796821;40.50944752909859
"URB";8;9998;"73007";"AV. CARDENAL HERRERA ORIA E-O (GAVILANES - ARROYOFRESNO)";437306.906377629;4480958.257355817;-3.73962603089282;40.47694444809818
"URB";6;9991;"62001";"Poeta Joan Maragall, 55  - Rosario Pino -Estebanez Calderon";441362.041965763;4479357.71871338;-3.69164077646764;40.46282236715634
"URB";13;5819;"41009";"Av. Albufera - Payaso Fofó-Sierra de Cadi";444006.15737236;4471622.017975507;-3.65977381992857;40.39331743330495
"URB";11;5295;"85021";"MARQUES JURA REAL N-S (PEDRO YAGUE-GRAL. SERRANO)";439868.427789407;4471639.491594074;-3.70852680433924;40.39318640104482
"URB";8;9995;"73010";"ARROYOFRESNO S-N (CANTALEJO-AV. HERRERA ORIA)";437118.613391731;4480865.151856094;-3.74183802206585;40.47609148982137
"URB";15;6063;"47002";"Arturo Soria - Añastro-Ramonet";443513.042441004;4479914.280647231;-3.66632070809875;40.46798515623843
"URB";12;4787;"85032";"ANTONIO LOPEZ S-N(SAN ZACARIAS-MATILDE GAYO)";440465.263851373;4471279.936934635;-3.70146121188747;40.38999022194065
"URB";21;11220;"72022";"Av. José Antonio Corrales - Gustavo Pérez Puig-Av. Manuel Fraga Iribarne";448534.455110912;4481774.279410886;-3.60724232961561;40.48506731947104
"URB";11;5128;"96400";"(TACTICO) MONSEÑOR OSCAR ROMERO N-S(FERNANDO DELGADO-NTRA.SRA.FATIMA)";436524.794067395;4470522.885521525;-3.74781028160443;40.38287943426953
"URB";5;5520;"61006";"Cuesta Sagrado Corazón E-O - M-30 -Comandante Franco";443161.764911565;4479742.799443691;-3.67044875120241;40.46641641534126
"URB";21;11221;"72023";"Av. José Antonio Corrales - Carlos Fernandez Casado-Av. Manuel Fraga Iribarne";448341.91782897;4481759.485411967;-3.60951275100925;40.48492208950136
"URB";8;9996;"73008";"AV. CARDENAL HERRERA ORIA O-E (VEGAFRIA - ARROYOFRESNO)";437070.199960811;4480960.926800277;-3.74241863373424;40.47695059226299
"URB";16;11055;"56060";"Ctra. Estación de Hortaleza - Monovar-Manuel Chaves Nogales";444502.179823219;4480806.033144717;-3.6547315835743;40.47608515732916
"URB";15;6062;"47001";"Arturo Soria - Manuel Uribe-Añastro";443564.425102886;4479659.393877037;-3.665691965333;40.46569251010298
"URB";5;5521;"61007";"Memorial 11 de Marzo 2004 E-O - Av.Pio XII-Comandante Franco";442973.813816528;4479769.956884349;-3.67266806852481;40.4666481816748
"URB";8;10062;"78018";"PORTOMARIN O-E(FROMISTA-AV. CAMINO SANTIAGO)";443424.408570792;4484802.921766281;-3.667802578296;40.51201808083276
"URB";12;4790;"85027";"ANTONIO LOPEZ N-S(MATILDE GAYO-VALLANDES)";440336.212782635;4471411.752605276;-3.70299398079277;40.39116845195034
"URB";10;10424;"95040";"PSO. EXTREMADURA E-O(GRAL. MANSO-ALFONSO CEA)";437539.685289551;4473612.419010093;-3.73615772109002;40.41078800360283
"URB";13;5796;"40016";"Arroyo del Olivar - Tte. Muñóz Diaz-Payaso Fofó";444078.660651302;4471351.226833773;-3.6588957923134;40.39088285695772
"URB";5;5522;"61008";"Memorial 11 de Marzo 2004 E-O - Pl.Duque de Pastrana-Av.Pio XII";442650.568086673;4479897.446259428;-3.67649227449559;40.46777441112394
"URB";10;4894;"98408";"(TACTICO)CUART DE POBLET N-S(ALHAMBRA-DUQUESA PARCENT)";436193.211016706;4472001.521896981;-3.75186451115491;40.39617428191966
"URB";2;5097;"11034";"AV. PLANETARIO E-O(PARQUE TIERNO GALVAN-EMBAJADOR)";441477.573981157;4470971.882800539;-3.68950630736253;40.38728683783484
"URB";9;10517;"28008";"HUMERA N-S(VIRGEN ROSALES-ARROYO POZUELO)";433657.506688964;4478347.479381843;-3.78240340967255;40.45314243270067
"URB";13;5826;"41016";"Melquiades Biencinto - Antonio Calas-Av. Albufera";443234.384370966;4472099.81725163;-3.66890960950289;40.39756948011326
"URB";15;6064;"47003";"Arturo Soria  - Bausa-Cta. Sagrado Corazón";443489.765660052;4479968.617429835;-3.6666001033883;40.46847306392705
"URB";15;6065;"47004";"Arturo Soria - Bausa-San Juan de Avila";443465.010613162;4480094.301392418;-3.66690329755242;40.46960359837179
"URB";16;11236;"72015";"Av. Secundino Zuazo - César Cort Boti-Gta. José Paz Maroto";448310.81264159;4482859.681915562;-3.60996947292923;40.49483130269673
"URB";8;10088;"78022";"TIERRA DE MELIDE E-O (VALCARLOS-SIERRA DE ATAPUERCA)";443750.179735071;4484279.7165293;-3.66391102804858;40.50732699503276
"URB";20;6551;"74004";"Campezo - Deyanira-Pirra";450555.689755731;4477153.473253379;-3.58303491924139;40.44356311508348
"URB";8;10694;"78028";"(CARRIL BUS) AV. CAMINO SANTIAGO S-N(GTA. MONTE GOZO-PORTOMARIN)";443450.034681878;4484630.996107268;-3.66748475700427;40.51047105467816
"URB";8;10854;"78029";"(CARRIL BUS) AV. SANTO DOMINGO DE LA CALZADA O-E (CASTIELLO DE JACA - CAMINO DE SANTIAGO";443077.999765896;4484439.247927671;-3.67185852808329;40.50871826621549
"URB";10;4906;"98012";"LOS YEBENES ENTRADA CRUCE SENTIDO E-O";435897.117506385;4472156.586834625;-3.75536884059435;40.39754843100477
"URB";10;5166;"98020";"ACCESO DE N-V A CTRA. BOADILLA";435030.037165191;4472329.906481397;-3.76560307849971;40.39904256565607
"URB";2;4105;"11035";"EMBAJADORES S-N(PUERTO BEJAR-AV. PLANETARIO)";441463.811500237;4470863.366080588;-3.68965847329217;40.38630829318417
"URB";15;6073;"47012";"Ramonet - Mesena-Arturo Soria";443566.32115537;4480033.644689786;-3.66570288965779;40.46906406376304
"URB";16;6089;"47028";"Mesena - Eladio lópez Vilches-Av. San Luis";443611.88316034;4480596.181304587;-3.66521547095792;40.47413474527309
"URB";16;6090;"47029";"Julio Danvila - Av. San Luis-Mesena";443711.043637773;4480362.000303385;-3.66402495897915;40.47203186198045
"URB";20;6557;"74012";"Deyanira - Aracne-Arrastaria";450160.232844317;4477101.617940826;-3.58769374776651;40.44307235806478
"URB";5;5530;"61016";"Pº de la Habana S-N - Comandante Franco-Platerias";442423.492615217;4479777.779915524;-3.67915981284159;40.46668069700657
"URB";9;4882;"28033";"GOLONDRINA, 12c E-O (ANDRÓMEDA-VELETA)";433595.623119354;4478649.262667465;-3.78316472667964;40.45585603016094
"URB";8;10234;"73408";"(TACTICO) DR. GUIU N-S (ISLAS CABO VERDE- HERRERA ORIA)";437602.782468914;4480999.290441207;-3.73613972403443;40.47733637032338
"URB";20;9958;"74015";"Ctra. Acceso Est. O`Donnell - Pasifae-Pirra";449671.026527728;4477368.430740466;-3.59348315198025;40.44544650590362
"URB";6;3453;"62002";"Bravo Murillo E-O - Conde Serrallo-Nardo";441329.340189408;4479646.022018634;-3.69205312600509;40.46541721577574
"URB";2;4167;"13021";"STA. Ma CABEZA ENTRADA A CALLE 30 CAL. INTERIOR SENTIDO A-5";440268.189550654;4472011.136750645;-3.70385163407553;40.39656313297159
"URB";8;10291;"75025";"AV. CARDENAL HERRERA ORIA E-O (MANRESA - SALCEDO)";441428.563414593;4482503.44018328;-3.69114674000986;40.49116498096124
"URB";15;6068;"47007";"Arturo Soria - Eladio López Vilches-Av. San Luis";443366.059136708;4480650.715228236;-3.66812016089541;40.47460928522697
"URB";15;6069;"47008";"Arturo Soria  - Cultura-Caleruega";443306.085940996;4481050.938972414;-3.66886340758588;40.47821058659265
"URB";10;5149;"80001";"ILLESCAS ENTRE Pº EXTREMADURA Y SESEÑA SENTIDO O-E";434982.594015536;4472130.872941771;-3.76614177397237;40.39724589425534
"URB";15;6072;"47011";"Cta. Sagrado Corazón  - Sta. María Magdalena-Arturo Soria";443414.124548839;4479783.629955672;-3.66747581729585;40.46680146262806
"URB";9;4883;"28034";"GOLONDRINA Ø22 S-N (ESCULTOR PERESEJO-BRÚJULA)";433406.080934557;4478537.158094871;-3.78538820476408;40.45483099870265
"URB";2;4235;"14035";"PALOS DE LA FRONTERA E-O(BERNARDINO OBREGON-EMBAJADORES)";440639.078543784;4472707.397934337;-3.69954648301248;40.40286192464753
"URB";15;6092;"47031";"Rotonda Nudo Manoteras - Arturo Soria-Ingeniero Emilio Herrera";443776.46597539;4481613.020176495;-3.6633641548656;40.48330604540545
"URB";5;5749;"91007";"Av. Burgos S-N (Buganvilla - Av. Pio XII)";442706.220068396;4480341.509725792;-3.67587595294485;40.4717785708096
"URB";5;5754;"91012";"(TACTICO)Av. Burgos E-O (Av. Burgos - Bambu)";442746.669844788;4481201.243367874;-3.67547642401824;40.47952621267844
"URB";15;6091;"47030";"Arturo Soria - Laud-M-11";443700.204638303;4481552.11309099;-3.66425847271716;40.4827521998109
"URB";10;5170;"80018";"MAQUEDA S-N (TEMBLEQUE-ESCALONA)";435110.630413929;4471741.281580552;-3.76459346553108;40.39374629275068
"URB";2;4236;"14036";"EMBAJADORES N-S(MORATINES-LABRADOR)";440496.219362953;4472753.072789263;-3.70123417594718;40.40326318929736
"URB";16;6093;"47032";"Ingeniero Emilio Herrera - Ingeniero Emilio Herrera-Arturo Soria";443937.874083349;4481743.618472235;-3.6614714202016;40.484493447359
"URB";16;6094;"47033";"Rotonda Nudo Manoteras - Ingeniero Emilio Herrera-Arturo Soria";443764.018667176;4481690.929065733;-3.66351791849361;40.48400704015089
"URB";16;3519;"79009";"Av. Francisco Pi y Margall - Niceto Alcalá Zamora-Príncipe Carlos";444885.786431166;4481999.757877432;-3.65031005707573;40.48686433641456
"URB";8;10094;"79013";"Quintanavides - Via Servicio A1 - Foresta";443482.033934387;4483084.59351627;-3.6669690787713;40.49654261517392
"URB";5;5536;"61023";"Pº de la Habana  N-S - Menéndez Pidal-Comandate Franco";442399.438315576;4479656.735288411;-3.67943254482477;40.46558860627575
"URB";10;11077;"80021";"ILLESCAS E-O (ESCALONA-SESEÑA)";435085.056478785;4472016.155292808;-3.76492279964897;40.39622046725821
"URB";1;4206;"14008";"ATOCHA E-O(SAN PEDRO-SAN EUGENIO)";441177.496804835;4473457.394751205;-3.69327118551622;40.40965648836318
"URB";2;4237;"14037";"MORATINES O-E(MARTIN VARGAS-EMBAJADORES)";440408.570891333;4472789.730452634;-3.70227044528806;40.4035871511776
"URB";9;3625;"28041";"AV. OSA MAYOR Nº 22 E-O (FCO. SANFIZ - ARAIZ)";434030.513441041;4479100.409437054;-3.77808302141382;40.45995470974152
"URB";10;5155;"80009";"AV. DE LOS POBLADOS ENTRE CTRO. PENITENCIARIO Y AV. LAS AGUILAS SENTIDO E-O";435502.650912712;4470672.374346316;-3.75986642954377;40.38414759638129
"URB";15;6095;"47034";"Acceso a Arturo Soria - M-30-Arturo Soria";443627.993873898;4481635.550793662;-3.66511782298005;40.48349894381977
"URB";15;6096;"47035";"Arturo Soria  - Laúd-Briviesca";443657.068790506;4481527.007416474;-3.66476515144909;40.48252311077356
"URB";9;10108;"36018";"PLEYADES Nº 24 N-S (ARDALES - ANA TERESA)";433535.098918108;4479344.67360252;-3.78395129507624;40.46211562142722
"URB";5;5544;"61032";"Principe de Vergara N-S - Pl.Perú-Pl.República Dominicana";442627.124807826;4479023.395469294;-3.67668976968424;40.45989895054779
"URB";10;11076;"80020";"SESEÑA N-S (PSO. EXTREMADURA-ILLESCAS)";435074.701464009;4472130.112130446;-3.76505642709139;40.39724622641013
"URB";10;6834;"80302";"(MICRO)SALIDA INTERCAMBIADOR AUTOBUSES";435429.312010771;4470772.190972494;-3.76074050557479;40.38504110467788
"URB";15;6097;"47036";"Arturo Soria  - Dalia-Violin";443471.170488692;4481284.244529525;-3.66693669756677;40.48032356042278
"URB";16;6621;"79028";"Ingeniero Emilio Herrera - Príncipe Carlos-Infanta Catalina Micaela";444069.925743162;4481937.88234792;-3.6599305942729;40.48625236929283
"URB";16;6622;"79029";"Ingeniero Emilio Herrera - Príncipe Carlos-Infanta Catalina Micaela";444066.629963536;4481941.451297859;-3.65996979434097;40.48628429793707
"URB";10;10511;"81001";"PSO. ERMITA DEL SANTO S-N(NEGUILLA-AVD. MANZANARES)";438624.440828367;4473538.420223898;-3.72336662145219;40.41020207933617
"URB";9;3626;"28042";"CTRA.HUMERA Ø4 S-N (BERENISA-AV. OSA MAYOR)";433947.662372843;4478973.870829054;-3.77904696211401;40.45880823662331
"URB";1;4238;"14038";"RONDA TOLEDO E-O(EMBAJADORES-RIBERA CURTIDORES)";440103.472518869;4473015.73326555;-3.70588696540701;40.40560120197609
"URB";5;9925;"91013";"Av. Burgos S-N (Av. Burgos - Av. san Luis)";442728.431221491;4481256.610858863;-3.67569659053621;40.48002372890596
"URB";5;11338;"91019";"Av.Burgos S-N(Carril Bus)(Av.San Luis -Pastora Imperio)";442714.714695322;4481464.538204989;-3.67587719510275;40.48189588038304
"URB";5;5549;"61037";"(AFOROS)Principe de Vergara S-N - Colombia-Pl.República Dominicana";442609.966743444;4478754.963054149;-3.67686785877082;40.45747960394118
"URB";16;9875;"79036";"Niceto Alcalá Zamora - Maria Tudor - Isabel de Valois";444482.766779529;4483238.186268266;-3.65517361981495;40.49799379510309
"URB";2;10867;"14047";"Po ESPERANZA S-N (GARGANTILLA - LABRADOR)";440284.851352698;4472390.823601923;-3.70369092483734;40.39998473690796
"URB";6;7097;"92006";"Pso. Direccion N-S (Aligustre-Marques Viana)";440102.499822434;4479578.128576731;-3.70651694968657;40.46471806079898
"URB";8;4719;"93002";"Cesar Manrique S-N (La Cabrera-Juan Sánchez)";438909.763367869;4480606.411097236;-3.72068376407724;40.47389435044411
"URB";9;6634;"36404";"(TACTICO) VIRGEN DE LOS OLMOS, 1 N-S (RAFAEL VILLA - AV. VICTORIA)";430426.525006994;4480155.588587631;-3.82070224373978;40.46916599368218
"URB";3;3862;"02007";"DR. ESQUERDO S-N (PEZ VOLADOR-MONEDA)";443196.073507304;4473891.866369581;-3.66952096952619;40.41371063784717
"URB";3;3889;"02301";"(MICRO) PL. CONDE CASAL (ANTES DEL GRUPO 15)";443170.57015358;4473102.239071218;-3.66975102210792;40.4065955033421
"URB";10;4896;"37009";"MAQUEDA Ø39 O-E(QUERO-VALMOJADO)";435396.788962839;4470993.370586689;-3.76114607339987;40.38703105868429
"URB";11;10805;"81002";"PSO. ERMITA DEL SANTO S-N(SAN AMBROSIO-VIA CARPETANA)";438502.878677084;4472933.644014898;-3.72474079037765;40.40474501462599
"URB";3;7034;"02304";"(MICRO) IBIZA E-O(DR. ESQUEDO-MAIQUEZ)(DELANTE GRUPO 4)";443137.580381043;4474373.92736899;-3.67025344719361;40.41804930752173
"URB";15;6107;"47404";"Alonso Saavedra - Mesena-Arturo Soria";443501.392748409;4480125.193294447;-3.66647690197805;40.46988436212266
"URB";15;3430;"47405";"Manuel Uribe - Mesena-Arturo Soria";443632.3540076;4479508.704128374;-3.66487736784;40.46433963782125
"URB";10;10806;"81004";"PSO. ERMITA DEL SANTO N-S(SAN RUFO-VIA CARPETANA)";438529.50549859;4473152.884191183;-3.72444819358192;40.40672199462747
"URB";14;6113;"52001";"Camino Vinateros - Manuel Machado-Diego de Valderrábano";444069.242610131;4473545.088887486;-3.6591995049893;40.4106458060698
"URB";8;6912;"93007";"Valle de Mena O-E(Juan Andres-Antonio Machado)";438840.589294707;4480338.225145047;-3.72147389353353;40.47147334692811
"URB";1;4292;"16014";"GRAN VIA,78 S-N (GRAL.MITRE -REYES)";439748.388986961;4474955.91141647;-3.71025511432192;40.42305360242651
"URB";10;4915;"37408";"(TACTICO) TEMBLEQUE, FRENTE Ø28  S-N(QUERO-ILLESCAS)";435431.467414773;4471615.233443928;-3.76080057007762;40.39263573549239
"URB";11;4922;"38001";"AV. POBLADOS O-E(CONSUELO GUZMAN-EUGENIA MONTIJO)";436084.100406427;4469860.71458398;-3.75293531795977;40.37688062465759
"URB";14;6455;"52011";"Arroyo Media Legua - Camino Vinateros-Av. Doctor García Tapia";444474.676599351;4473669.267310003;-3.65443219639685;40.41179161962743
"URB";9;4725;"93008";"Antonio Machado S-N (Valderodigo-Valle de Mena)";438997.669294101;4480197.775862331;-3.71960751448949;40.47021968087761
"URB";14;6433;"52012";"Doctor García Tapia - Corregidor Diego Valderrábano-Arroyo Media Legua";444434.710131792;4473757.436833022;-3.65491092003848;40.41258323386975
"URB";19;6988;"54606";"Bulevar José Prat - Ladera de los Almendros-Bulevar Indalecio Prieto";447052.986887424;4472074.819868356;-3.62391284308172;40.39759582486491
"URB";16;10457;"79038";"Ingeniero Emilio Herrera - M-40 - Niceto Alcalá Zamora";445050.763768434;4482987.594401578;-3.6484492111732;40.49577415601524
"URB";1;4296;"16018";"(AFOROS) SAN BERNARDO, 15 E-O(GRAN VIA-PL. SANTO DOMINGO)";439909.715510552;4474693.172441833;-3.7083286839119;40.42069839712164
"URB";10;5189;"81009";"AV.MANZANARES N-S PTE.SEGOVIA M-30";438642.335377181;4473662.877281788;-3.72316773553954;40.41132456278205
"URB";5;5563;"61052";"Uruguay E-O - Chile-Pl.República Ecuador";442658.740559455;4478505.056458806;-3.67627007699647;40.45523169685667
"URB";2;3727;"11006";"JAIME EL CONQUISTADORS-N(ALDEA DEL FRESNO-PL.GENERAL MAROTO)";440731.206866865;4471863.249454424;-3.69838227569037;40.39526396844719
"URB";1;4283;"16005";"SAN LEONARDO E-O(MAESTRO GUERRERO-PRINCESA)";439671.457879928;4475136.223099988;-3.7111790310586;40.42467235594707
"URB";1;4265;"15030";"(AFOROS)Gran Via San Francisco S-N(S.Bernabe-Cra S Francisco)";439468.931760343;4473431.216297278;-3.71340406868761;40.40929817428764
"URB";1;4279;"15311";"BAILEN N-S (GIRO IZQDA. A MAYOR)";439466.665796499;4474093.834644595;-3.71349381679639;40.4152671798717
"URB";14;6121;"52009";"Arroyo Media Legua - Entrearroyos-Camino Vianteros";444322.870893677;4473465.836587914;-3.65620349541902;40.40994885939493
"URB";11;5188;"81008";"VIA CARPETANA ENTRE ARROYO VALDECELADA - ERMITA SANTO";437700.472981931;4472299.393773201;-3.73413430068793;40.39897175774502
"URB";8;4730;"93013";"Valle de Mena E-O (Candido Mateos - Cesar Marique)";439075.262416048;4480265.468557094;-3.71869876497554;40.47083517556671
"URB";16;6238;"55021";"Av. Machupichu - Silvano-Mota del Cuervo";446137.390664397;4479432.159498714;-3.63532479476437;40.46381626196916
"URB";13;3755;"40015";"Candilejas - Javier de Miguel-Av. San Diego";443758.499690566;4470540.122005823;-3.66259625491817;40.38355438708056
"URB";11;5258;"84023";"AV. PESETA O-E(VALLE BOI-PINAR SAN JOSE)";435198.755503984;4468520.044082956;-3.76322762728958;40.36473492744022
"URB";6;5759;"92005";"Pso Direccion E-O (Almortas-Gardenias)";440144.241596865;4479603.261048669;-3.7060269935365;40.46494747223992
"URB";8;4720;"93003";"(TACTICO) Juan Sanchez O-E(isla Malaita-Cesar Manrique)";438869.983809169;4480649.327955409;-3.72115714603282;40.47427803353741
"URB";9;4729;"93012";"Antonio Machado S-N(Av. Martires Maristas-Sinesio Delgado)";439001.073737746;4479585.664111035;-3.71950850831472;40.46470580726677
"URB";15;6066;"47005";"Arturo Soria  - Alonso Saavedra-Julio Danvila";443462.636160823;4480167.965978151;-3.66693787051117;40.47026704104975
"URB";16;10459;"79039";"Fco. Pi y Margall - Octavio Paz - Vicente Blasco Ibañez";444221.464413514;4482353.662874545;-3.65817926068354;40.49000810062594
"URB";8;4737;"93025";"(TACTICO)Chantada E-O(Cno. Ganapanes - Candido Mateos)";439184.472405641;4480522.711084514;-3.71743522789018;40.47316051133632
"URB";10;5191;"81011";"AV.MANZANARES N-S ENTRADA TÚNEL";438669.705548875;4473593.925495958;-3.7228385259624;40.41070543166669
"URB";11;5237;"84002";"AV. PESETA E-O(CORONA-AV. CARABANCHEL ALTO)";436110.550973875;4468233.733224396;-3.75246072375322;40.36222607715847
"URB";16;11125;"79042";"Ana de Austria 25 - Princesa de Eboli - Fco. Pi y Margall";444086.073530872;4482597.594546787;-3.65979827699154;40.49219643499499
"URB";7;4462;"22009";"Pº Castellana N-S(Entrada Pl. San Juan de la Cruz)";441335.202815948;4477096.611168405;-3.69174841309733;40.44245142567904
"URB";5;5748;"91006";"Av. Pio XII E-O (Marques de Torroja - Av. Burgos)";442810.878560192;4480370.596152662;-3.67464403463908;40.47204780664128
"URB";5;5573;"61062";"Pº de la Habana S-N - Herreros de Tejada-Ramón de Santillán";442203.581940328;4478572.195247564;-3.68164386987943;40.45580498534424
"URB";5;5574;"61063";"Pº de la Habana S-N - Veracruz-Alberto Alcocer";442206.430872108;4478789.59317532;-3.68163006420557;40.45776360198877
"URB";11;5254;"84020";"PINAR SAN JOSE N-S(JACOBEO-AV. PESETA)";435313.406500446;4468470.436493239;-3.76187235202633;40.36429694376039
"URB";7;4438;"21016";"Gral. Martinez Campos, 46 O-E(Miguel Angel-Emilio Castelar)";441387.941599514;4476284.663423346;-3.6910516850338;40.43514074542794
"URB";11;10497;"38054";"CAMINO LAS CRUCEZ S-N Ø9(AZCOITIA-PARAGUAYA)";435913.416773793;4469645.498037874;-3.75492418309312;40.37492875315671
"URB";16;6940;"55058";"Av. de los Andes - Gta. Mar Caribe-Petunias";447332.180981999;4478432.357977501;-3.62114973736706;40.45488609288724
"URB";15;6067;"47006";"Arturo Soria  - Av. San Luis-Serrano Galvache";443392.761778247;4480453.931289177;-3.66778760314721;40.4728383873921
"URB";20;6538;"71402";"Av. 25 Septiembre - Av. 25 Septiembre-Alcalá";446941.022768691;4477375.885710124;-3.62567441624031;40.44534391719767
"URB";11;5263;"84028";"JACOBEO O-E (UDAD. ALCALA HENARES-PINAR SAN JOSE)";435396.144757356;4468583.941221283;-3.76090944848321;40.36532585903185
"URB";11;10948;"85053";"PSO. QUINCE DE MAYO E-O (PABLO MONTESINOS-STA. SATURNINA)";439078.840841725;4472144.714085421;-3.71787810924484;40.39768030834187
"URB";5;5612;"61108";"Serrano S-N - Pl.República El Salvador-Rodríguez Marín";442365.685687137;4478302.190791899;-3.67970765506513;40.45338391910487
"URB";12;4963;"39009";"(AFOROS)AV.POBLADOS E-O(CNO.VIEJO VILLAVERDE-RAFAELA YBARRA)";439664.331525895;4469396.51666999;-3.71071908633586;40.37296577934144
"URB";10;5260;"84025";"AV. PESETA S-N(CLARINETES-FLAUTAS)";435006.270193718;4469000.594777933;-3.76554350215714;40.36904894930403
"URB";16;3656;"55031";"Entrada desde M-40 - M-40- Av. de los Andes";447530.137254027;4478855.672402043;-3.61885021405289;40.45871206865004
"URB";11;10956;"85059";"JACINTO VERDAGUER O-E(LOLA MEMBRIVES-ANTONIO LEYVA)";439239.421169629;4471942.736148369;-3.71596674119795;40.3958725260207
"URB";8;4738;"93026";"(TACTICO)Chantada O-E(Cesar Marique-Candido Mateos)";439126.458083967;4480529.408673981;-3.71812020932905;40.47321659571708
"URB";16;6259;"55047";"Ctra. Canillas - Servator-Pegaso";445028.648255987;4479356.221303723;-3.64839536206444;40.46305955457457
"URB";16;6262;"55050";"Pl. Manuel Rodrigo - José Rizal-Av. Machupichu";446416.770659465;4479043.72361817;-3.63199682305356;40.46033508977762
"URB";16;6269;"55059";"Av. Machupichu - Av. Papa Negro-Av. Piceas";447097.617529386;4478600.209430319;-3.62392994602832;40.45638329452765
"URB";12;4788;"85047";"ANTONIO LOPEZ S-N(SAN ARMENGOL-SAN ZACARIAS)";440549.487673735;4471183.096551484;-3.70045988605099;40.38912384861248
"URB";8;9904;"93028";"Camino Ganapanes S-N (Becerrea-Chantada)";439400.310924465;4480448.966093393;-3.71488214360464;40.4725119656134
"URB";11;10797;"38055";"AV. EURO S-N  (ÓBOLO - PEPIÓN)";437265.700410771;4469157.491603795;-3.73894786023824;40.37063544634645
"URB";12;3480;"39006";"AV.POBLADOS O-E(GUETARIA - RAFAELA YBARRA)";439380.112349353;4469479.511328828;-3.71407466935739;40.37369281581771
"URB";12;4962;"39008";"RAFAELA YBARRA S-N(LESACA-AV.POBLADOS)";439530.960963451;4469319.600696447;-3.71228270326353;40.37226321490169
"URB";16;10143;"55070";"Silvano - Alcorisa-José Rizal";445872.386733085;4479280.981146472;-3.6384375133374;40.46243714674178
"URB";9;9911;"93032";"Juan Andres S-N (Magdalena Diaz - Valle de Mena)";438710.345069522;4480305.526485155;-3.72300705899693;40.47116918586696
"URB";11;10598;"84031";"(CARRIL BUS) VIA LUSITANA S-N(AV. PESETA-THALER)";437016.95671456;4468695.59990325;-3.74183195770912;40.3664557510848
"URB";6;5651;"62035";"Orense N-S - Francisco Gervás-Sor Angela de la Cruz";441147.450959626;4479097.47714248;-3.69414759110546;40.46046282976813
"URB";21;6999;"55065";"Av. Consejo de Europa - Av. Consejo de Europa-Ribera del Loira";447752.226160661;4478945.176530452;-3.61623832161892;40.45953236559291
"URB";16;10141;"55071";"José Rizal - Vicente Morales-Silvano";445950.160529155;4479201.894041456;-3.63751348647481;40.46172975167989
"URB";11;10600;"84032";"(CARRIL BUS) VIA LUSITANA N-S(HALCONERO REY-AGUACATE)";437163.161960928;4468940.582048839;-3.74013418891865;40.36867369930717
"URB";11;10589;"84039";"(CARRIL BUS) AV. PESETA E-O(MARAVEDI-DINERO)";436396.985185838;4468283.157484188;-3.74909243496606;40.3626932119727
"URB";16;10139;"55072";"Silvano - Av. Machupichu-Alcorisa";446056.693582423;4479311.529187172;-3.63626633017414;40.46272432564631
"URB";10;5309;"86006";"PLATILLOS S-N(TROMPAS-AV. AVIACION)";434783.249922718;4469436.490942674;-3.76821476296506;40.37295826396664
"URB";8;9912;"93031";"Valle de Mena E-O (Cesar Mnrique-Isla Malaita)";438848.350099434;4480344.850035048;-3.72138298785861;40.47153359765805
"URB";6;3790;"62036";"Orense S-N - Huesca-San Germán";441111.515402401;4478769.688594393;-3.69454099960231;40.45750742598229
"URB";16;10144;"55068";"Alcorisa - Calanda-Silvano";445700.264149588;4479223.261705006;-3.64046264791604;40.46190594948802
"URB";12;4972;"39019";"AV. POBLADOS E-O (AV. ANDALUCIA - EDUARDO BARREIROS)";440990.414587436;4469152.174514838;-3.69507708419374;40.37085954661576
"URB";17;11049;"39016";"EDUARDO BARREIROS S-N(CANCION DEL OLVIDO-CORTE DEL FARAON)";440481.483280775;4468078.879178241;-3.70097121701099;40.36115452224474
"URB";12;4987;"39040";"AV. POBLADOS O-E (DR. TOLOSA LATOUR - ORCASUR (1))";440341.036076215;4469181.003969842;-3.70272830401514;40.37107303449685
"URB";11;10599;"84033";"(CARRIL BUS) THALER E-O(CALDERILLA-VIA LUSITANA)";437167.830920731;4468756.067427886;-3.74006101760754;40.36701185578966
"URB";11;5265;"84030";"PINAR SAN JOSE S-N(PARQUE GARAJONAI-JACOBEO)";435380.71368368;4468493.26774573;-3.76108199425922;40.36450783691226
"URB";6;5643;"62028";"San Germán O-E - Orense-Poeta Joan Maragall";441216.489309807;4478633.445947324;-3.69329038909155;40.45628752585763
"URB";9;10573;"98001";"PTA. DEL ANGEL N-S Ø4 (SALIDA CASA DE CAMPO";438029.960549061;4474076.011144437;-3.73042493644531;40.41500088254153
"URB";6;5654;"62039";"Infanta Mercedes S-N - Pedro Villar-Pl.Angel Carbajo";441055.654307289;4479250.617865035;-3.69524445133472;40.46183587877474
"URB";11;10654;"84050";"(CARRIL BUS) AV. PESETA E-O(MORALES-SALVADOR ALLENDE)";435785.253193257;4468265.868798534;-3.75629485209814;40.3624905803694
"URB";12;3406;"39043";"CRISTO VICTORIA E-O(ISABELITA USERA-SAN BASILIO)";439971.844409715;4470080.988572711;-3.70716148826303;40.37915406726083
"URB";8;9973;"93039";"LA CABRERA O-E";439337.866376816;4480325.43525194;-3.71560692120201;40.47139459685277
"URB";8;6571;"75014";"AV. CARDENAL HERRERA ORIA O-E (SALCEDO - ORDUÑA)";441437.518200692;4482498.202562311;-3.69104059623847;40.49111843031998
"URB";11;10656;"84055";"SALVADOR ALLENDE S-N(PATRIMONIO HUMANIDAD-AV. PESETA)";435651.92061192;4468169.014683589;-3.7578552871599;40.36160779609832
"URB";16;11067;"55104";"Asura N-S - Madroños-Santiago Ayllon";444928.993055381;4478054.740088862;-3.64945783016204;40.45132855018364
"URB";17;7000;"27300";"(MICRO)PSO. FERROVIARIOS Ø3 (GIRO SENTIDO ALBERTO PALACIOS)";439034.036898112;4466087.378709979;-3.71782680757819;40.34310942986349
"URB";16;11066;"55105";"Asura S-N - Santiago Ayllon-Estrecho Mesina";444874.361902776;4478146.277539251;-3.65011000833844;40.45214954547152
"URB";16;11069;"55107";"Silvano O-E - Asura-Estrecho Mesina";444947.635988891;4478203.633786723;-3.64925089495228;40.4526710966244
"URB";8;10691;"76059";"(CARRIL BUS)  AV. MONASTERIO DE EL ESCORIAL E-O(AV. MONTECARMELO-MONASTERIO PAULAR)";440709.865399568;4483964.739566824;-3.69976358899719;40.50427785574949
"URB";13;5787;"40005";"Av. Pablo Neruda - Lago San Martín-Av. Buenos Aires";444715.793281764;4470346.508475941;-3.65130201929277;40.38187426467235
"URB";16;11068;"55106";"Silvano E-O - Asura-Estrecho Mesina";444937.558401688;4478196.002227745;-3.64936907424619;40.45260168005362
"URB";10;5314;"86011";"AV. AVIACION E-O(RAFEL FINAT-VALLE INCLAN)";434297.904181282;4469607.347518164;-3.77394896612803;40.37445929116611
"URB";9;10521;"28004";"CALLE RIAZA O-E (BAJA DE LA IGLESIA-CARRETERA HUMERA)";433794.069550591;4478724.410035875;-3.78083231838084;40.45654880891606
"URB";12;4989;"39042";"CRISTO VICTORIA O-E(RAFAELA YBARRA-SAN BASILIO)";439835.99490199;4470061.649227003;-3.70875992124315;40.37897005143017
"URB";6;5655;"62040";"Rosario Pino E-O - Poeta Joan Maragall-Orense";441288.802945408;4479285.601135344;-3.69249790667348;40.46216752966563
"URB";10;5179;"98022";"CTRA. BOADILLA O-E (CARABIAS-N-V)";435057.323457637;4472309.734787561;-3.76527950765101;40.39886297988224
"URB";6;5656;"62041";"Francisco Gervás E-O - Poeta Joan Maragall-Orense";441233.676956388;4479136.133215751;-3.6931342320357;40.46081716259294
"URB";6;5658;"62042";"Sor Angela de la Cruz O-E - Infanta Mercedes-Orense";441034.08456983;4479002.324036259;-3.69547577924173;40.4595976136607
"URB";6;5662;"62046";"San Germán E-O - Julián Besteiro-Teresita González";440921.040342232;4478661.272957384;-3.6967772482774;40.45651725296801
"URB";6;3667;"62047";"San Germán O-E - Lazaga-Infanta Mercedes";440754.253626526;4478700.228375858;-3.69874782780494;40.45685630631267
"URB";16;6282;"55412";"Jarilla - Av. Piceas-Av. de los Andes";446958.079689774;4478306.781487156;-3.6255510449043;40.4537310387901
"URB";16;6283;"55413";"Av. de los Andes - Av. de los Andes-Boj";447476.801887972;4478540.252113627;-3.61945313937264;40.45586721631594
"URB";6;5659;"62043";"Sor Angela de la Cruz E-O - Poeta Joan Maragall-Orense";441237.305023071;4478962.831283174;-3.69307539818941;40.45925624188641
"URB";8;6589;"77406";"(TACTICO)PTE. REINA E-O(GIRO A SIERRA ATAPUERCA)";443074.396400587;4483605.093289888;-3.67182607407095;40.50120362566466
"URB";6;5661;"62045";"Pedro Teixeira E-O - Av.del Brasil-Orense";441161.412276367;4478501.489363664;-3.69392769031104;40.45509490675896
"URB";8;10215;"77008";"CASTIELLO JACA N-S(ISABEL COLBRAND-FROMISTA)";442508.805537807;4484539.436795986;-3.67858546137161;40.50958155231702
"URB";8;3794;"78009";"PALAS DEL REY O-E- (FURELOS-VALCARLOS)";443638.454929429;4484096.806072114;-3.66521334031331;40.50567168078504
"URB";10;3637;"98021";"CTRA. BOADILLA E-O (N-V-CARABIAS)";435057.24142768;4472313.755632523;-3.7652808843515;40.39889919476342
"URB";10;5165;"98023";"CTRA. DE BOADILLA O-E (AZOR-CARABIAS)";434798.147868895;4472336.150428426;-3.76833605829624;40.39908068938326
"URB";10;5175;"98034";"CTRA. CARABANCHEL ARAVACA E-O(DANIEL SEGOVIA-VILLAVICIOSA)";434391.992703349;4471909.504556283;-3.77307780085077;40.39520540938689
"URB";10;9992;"98039";"SEBASTIAN ALVARO S-N(CINE-AV. POBLADOS)";434431.112073901;4471748.617708938;-3.77260032005747;40.39375916244739
"URB";10;5164;"98414";"(TACTICO)SANCHIDRIAN S-N(CINE-CTRA. CARABANCHEL ARAVACA)";434296.461231821;4472044.95035738;-3.77421735384951;40.39641802309336
"URB";16;6280;"55410";"Gta. Yucatán - Salida a A-2-Puente Felipe Juvara";446863.129449887;4477976.572580373;-3.6266431451912;40.45075026811831
"URB";12;4961;"39401";"(TACTICO)GUETARIA S-N(TOLOSA-AV.POBLADOS)";439250.507841127;4469459.089301969;-3.71559929249931;40.37349940736772
"URB";16;3659;"56002";"López de Hoyos - Guisona-Gran Vía de Hortaleza";444606.351730017;4479880.461445767;-3.65342187198388;40.46775411914033
"URB";8;10563;"78014";"ACCESO M-40 E-O(ENTRADA)";443709.28882479;4484804.124005379;-3.66444025298239;40.51204829364363
"URB";16;6287;"56003";"López de Hoyos - Guisona-Ángel Luis Herrán";444697.257410665;4480009.120610157;-3.65236083211232;40.4689192001459
"URB";10;5172;"98416";"(TACTICO) CTRA. CARABANCHEL ARAVACA E-O(GIRO SEBASTIAN ALVARO)";434484.603722902;4471789.231752655;-3.77197425884049;40.3941292380478
"URB";2;4103;"11032";"EMBAJADORES N-S(BRONCE-PLANETARIO)";441381.582491848;4470971.713841953;-3.69063717764673;40.38727856703291
"URB";6;5667;"62053";"Infanta Mercedes N-S - Huesca-San Germán";440839.424500324;4478767.664544054;-3.69774967297601;40.45746986708652
"URB";6;5668;"62054";"Huesca E-O - Hermano Gárate-Infanta Mercedes";440905.710818245;4478820.919234717;-3.69697289370444;40.45795432394147
"URB";6;5669;"62055";"Rosario Pino O-E - Poeta Joan Maragall-PºCastellana";441396.039916325;4479271.263688358;-3.69123181129443;40.46204594231697
"URB";2;4168;"13022";"STA. Ma CABEZA ENTRADA CALLE 30 CAL. EXTERIOR SENTIDO A-4";440266.939030721;4472006.761741092;-3.70386595813325;40.39652363099517
"URB";16;6286;"56001";"López de Hoyos - Ctra. Canillas-López de Hoyos";444479.961282049;4479688.775621765;-3.65489590453634;40.46601888303915
"URB";16;6288;"56004";"López de Hoyos - Solsona-Ángel Luis Herrán";444830.141181936;4480208.564530375;-3.65081075250443;40.47072472404511
"URB";12;10092;"39403";"(TACTICO) EXPROPIACION N-S (GIRO A EXPROPIACION)";440165.552324255;4469229.821131178;-3.7047997765049;40.37150022778703
"URB";8;10529;"78012";"SANTO DOMINGO DE LA CALZADA O-E (SIERRA ATAPUERCA-BOADILLA DEL CAMINO)";443539.832342946;4484068.780501135;-3.66637477087013;40.50541250925911
"URB";8;10566;"78013";"PORTICO DE LA GLORIA O-E";443608.141666798;4485060.60978261;-3.66565693892055;40.51435194749244
"URB";16;6289;"56005";"López de Hoyos - Solsona-Valdetorres";444909.650496323;4480317.743198852;-3.64988236052741;40.47171353564545
"URB";16;6298;"56016";"Arequipa - Torquemada-Emigrantes";445723.057234699;4480013.282585316;-3.64026139765667;40.46902435162524
"URB";12;4978;"39407";"(TACTICO) RICARDO BELTRAN Y ROZPIEDE O-E(AVENA-RAFAELA YBARRA)";439511.838311534;4469677.653929938;-3.71254191379802;40.37548735750823
"URB";13;3754;"40011";"Av. Palomeras - Pedro Laborde-Av. Pablo Neruda";445022.629411599;4470728.551946871;-3.64772037477915;40.38533625346604
"URB";16;9846;"56020";"Ctra. Acceso Estación de Hortaleza - Virgen del Carmen-Av. San Luis";444312.73377271;4480390.803979928;-3.65692996383144;40.47233189685072
"URB";16;6302;"56021";"Av. Gran Vía de Hortaleza - Av. Gran Vía de Hortaleza-López de Hoyos";444422.658021372;4479757.350625822;-3.65557779934999;40.46663280836803
"URB";16;6303;"56022";"Av. Gran Vía de Hortaleza - Haro-López de Hoyos";444684.76938681;4479816.15680426;-3.6524913102431;40.46718005682261
"URB";6;5679;"62067";"Francisco Gervás E-O - Orense-Infanta Mercedes";441127.260754123;4479152.260586047;-3.69439079337372;40.46095491182525
"URB";8;10360;"78404";"(TACTICO) FROMISTA O-E (GIRO A PALAS DEL REY SUR)";442983.144730775;4484667.948079049;-3.67299863817044;40.51077197072995
"URB";6;5685;"62075";"Bravo Murillo N-S - Marqués de Viana -Algodonale";440761.864417017;4479085.349479541;-3.69869401323525;40.46032617978864
"URB";8;11442;"78500";"AV. CAMINO SANTIAGO + ACCESO M-40 S-N";443691.373208074;4484898.912934996;-3.6646601419652;40.51290097371757
"URB";2;4198;"13058";"SALIDA M-30 CALZADA INTERIOR SENT. STA Ma CABEZA";440321.024345319;4471997.647970597;-3.70322783386216;40.39644540703419
"URB";8;3700;"78401";"REDECILLA DEL CAMINO S-N (VILORIA DE RIOJA - SANTO DOMINGO DE LA CALZADA)";443330.157250873;4484219.279287196;-3.66886278320787;40.50675396633671
"URB";8;6600;"78402";"SANTO DOMINGO DE LA CALZADA, 23 E-O (VALCARLOS - SIERRA DE ATAPUERCA)";443515.800170246;4484097.39669528;-3.66666094635659;40.50566865960509
"URB";13;5793;"40012";"Av. Pablo Neruda - Candilejas-Santos Inocentes";443761.162510015;4470333.284527224;-3.6625466294295;40.38169125031706
"URB";13;5804;"40024";"Av. Pablo Neruda - Luis Buñuel- Guillermo Pingarrón";445212.181920666;4470890.810240976;-3.64550123534918;40.38681046462959
"URB";8;10361;"78403";"(TACTICO) FROMISTA E-O (GIRO A PALAS DEL REY NORTE)";443028.282576962;4484692.313005088;-3.67246808090233;40.51099456078904
"URB";13;5792;"40010";"Av. Pablo Neruda - Leoneses-Av. Palomeras";445030.824334765;4470588.433570128;-3.64761174214214;40.38407452020409
"URB";13;5805;"40025";"Av. Pablo Neruda - Av. Albufera-Luis Buñuel";445308.212573019;4471096.075378058;-3.64438750905455;40.38866593144087
"URB";16;6312;"56032";"Ctra. Acceso Estación de Hortaleza - Doña Guiomar-Monovar";444477.804718028;4480776.971571472;-3.6550165850656;40.47582172778934
"URB";16;6313;"56033";"Ctra. Acceso Estación de Hortaleza - Av. San Luís-Virgen del Carmen";444323.38102408;4480390.494519771;-3.65680434130854;40.47232982286275
"URB";8;10053;"42039";"AV. VENTISQUERO CONDESA E-O(COLLADO TIROBARRA-COSTA BRAVA)";439114.240115723;4482947.370043078;-3.71849656054991;40.49499751164149
"URB";10;5151;"80004";"AV.POBLADOS N-S(SEBASTIAN ALVAROMELILOTO)";434779.649373885;4471459.560906833;-3.76846424314302;40.39118259468513
"URB";2;5103;"13059";"STA Ma CABEZA S-N(ENTRADA M-30 SENT.A-3)(LATERAL TUNEL)";440268.0051206;4471921.706255578;-3.7038454178169;40.39575748484734
"URB";13;5820;"41010";"Av. Albufera - Sierra del Cadi-Josefa Díaz";444059.79566208;4471591.564305235;-3.65913916611982;40.39304669284697
"URB";13;5821;"41011";"Av. Albufera - Josefa Díaz-Cantalapiedra";444281.466050684;4471447.62616123;-3.65651481067163;40.39176487038684
"URB";16;6307;"56027";"Mar de las Antillas - Mar Menor-Mar Caspio";445260.055447557;4480670.781579423;-3.64577946881101;40.47491704512272
"URB";12;3527;"39411";"(TACTCO) EDUARDO BARREIROS S-N (GIRO IZDA. A CONIFERAS)";440722.519600103;4468546.147263812;-3.69817607334944;40.36538110725414
"URB";16;6310;"56030";"Ctra. Acceso Estación de Hortaleza - Capitán Cortés-Santa Adela";444695.616204115;4481091.900038363;-3.65247460264488;40.47867328522253
"URB";8;11099;"42027";"RISCOS DE POLANCO N-S (CERRO DE LA CARRASQUETA-VALLE DE PINARES LLANOS)";438749.453363505;4481964.453769015;-3.72270598904191;40.48611624727299
"URB";8;10051;"42038";"COSTA BRAVA E-O(MORALZARZAL-MONASTERIO SILOS)";439139.644115621;4483040.464696866;-3.71820573950966;40.49583800135509
"URB";16;6311;"56031";"Ctra. Acceso Estación de Hortaleza - M40-Ctra. Acceso Estación de Hortaleza";444798.148543404;4481242.824219093;-3.65127815136233;40.48003970353531
"URB";8;11262;"42076";"ISLAS ALEUTIANAS N-S(JOAQUIN LORENZO-MANUEL GARRIDO)";438193.850751356;4480657.43375395;-3.72913373815761;40.47430101313903
"URB";21;6333;"57002";"Av. Logroño - Bande-Manuel Aguilar Muñóz";449874.768841974;4479152.735973799;-3.59122159631243;40.46153293238605
"URB";10;11071;"80023";"MELILOTO O-E (MUNANA-AV. POBLADOS)";434777.463567435;4471294.778075104;-3.76847312139871;40.38969799697143
"URB";10;5178;"80037";"AV. POBLADOS S-N(PADRE PIQUER-SEBASTIAN ALVARO)";434837.529518631;4471408.780195362;-3.767777128207;40.39072967253365
"URB";1;4202;"14004";"MAGDALENA O-E(CANIZARES -AVE MARIA)";440527.706819903;4473761.731547034;-3.70095739645262;40.41235193194289
"URB";13;5828;"41018";"Peña Prieta - Sierra de los Filabres-M-30";443273.254416963;4472235.595892836;-3.6684637032958;40.39879529969478
"URB";7;5710;"63023";"Reina Victoria O-E - Marques de Lerma-Gta.Cuatro Caminos";440153.744113659;4477593.269190892;-3.70572543363578;40.44684133415738
"URB";7;5711;"63024";"Raimundo Fdez.Villaverde O-E - Alenza-Ponzano";440624.489233747;4477563.292549579;-3.70017185500892;40.44660504608165
"URB";7;5712;"63025";"Raimundo Fdez.Villaverde O-E - Ponzano-Alonso Cano";440824.042240004;4477547.227656979;-3.69781734184229;40.44647455476057
"URB";7;5713;"63026";"Raimundo Fdez.Villaverde O-E - Alonso Cano-Modesto Lafuente";440904.88326521;4477541.857417569;-3.69686361201642;40.4464319276409
"URB";10;5152;"80005";"PADRE PIQUER N-S(SESEÑA-TEMBLEQUE)";434889.20029309;4471495.564971132;-3.76717724078095;40.3915155034874
"URB";10;3771;"80006";"AV.DE LOS  POBLADOS ENTRE GUAREÑA Y PADRE PIQUER SENTIDO E-O";434960.366366559;4471273.639590975;-3.76631612572734;40.38952187390925
"URB";16;11056;"56059";"Ctra. Estación de Hortaleza - Santa Adela-Doña Guiomar";444600.063019891;4480979.473833764;-3.65359203633034;40.47765412805025
"URB";8;10666;"42061";"AV. VENTISQUERO DE LA CONDESA N-S(PZA. TORCUATO FERNANDEZ MIRANDA-COLLADO TIROBARRA)";439112.051355444;4482938.760710406;-3.71852156025292;40.4949197954439
"URB";8;10667;"42062";"COLLADO TIROBARRA E-O(MORALZARZAL-AV. VENTISQUERO DE LA CONDESA)";439230.797669405;4482903.023495619;-3.71711694512819;40.49460656628325
"URB";8;10668;"42063";"AV. VENTISQUERO DE LA CONDESA S-N(PJE. DE LOS ANCIANOS-COLLADO TIROBARRA)";439244.960488276;4482775.405075994;-3.71693759028878;40.49345797502133
"URB";21;6332;"57001";"Av. Logroño  - Las Ramblas-Joaquín Ibarra";449609.322022519;4478979.508739345;-3.59433859955217;40.45995634222258
"URB";21;6927;"57012";"Av. Logroño  - Pajarones-Timón";450632.941754642;4480589.914712686;-3.58239129995393;40.47452530054128
"URB";13;5853;"41045";"Sierra de Javalambre - Francisco Iglesias-Av. Albufera";443363.523219179;4472139.021572728;-3.66739146002878;40.39793144755085
"URB";15;5928;"44030";"Av. Daroca  - Virgen de la Alegría-Ricardo Ortega";444146.434342705;4475806.686039328;-3.65848840850095;40.43102469962679
"URB";16;9993;"57013";"Luis de la Mata - Galatea-Av Logroño";448079.902212238;4477956.131048697;-3.61229285844267;40.45064301182924
"URB";15;10833;"59038";"Torrelaguna - Condesa de Venadito - Emilio Vargas";444410.036929415;4477433.032749219;-3.65552313279381;40.44569334745029
"URB";6;5723;"63036";"Orense S-N - Reina Mercedes-Gral.Perón";441061.723158059;4478076.234741772;-3.69506384194175;40.45125696633114
"URB";13;10063;"41059";"Pío Felipe - El Bosco-Jadraque";444946.209299309;4472075.809038179;-3.648737128408;40.3974681251601
"URB";15;6384;"59032";"Av. Badajoz - Aristótles-Madre Antonia Paris";444693.537123018;4477178.883097411;-3.65215814374695;40.44342274219673
"URB";6;5724;"63037";"Orense N-S - Reina Mercedes-Basílica";441048.926409121;4477988.809795974;-3.69520662828811;40.45046849698593
"URB";15;6386;"59034";"Virgen de Loreto  - Av. Donostiarra-Virgen del Portillo";444392.928811707;4476231.090164086;-3.65561966235818;40.43486447439012
"URB";14;6432;"65016";"Fuente Carrantona  - Paular-José Bergamín";446530.579196489;4473397.590608195;-3.63017951736843;40.40947879506958
"URB";13;10064;"41060";"Pío Felipe - Jose Luis Saura-Mohernando";444808.41643769;4471945.641922682;-3.65034945547594;40.39628638083645
"URB";6;5725;"63038";"Orense N-S - Basílica-Hernani";441037.90922508;4477836.704868324;-3.69532242150442;40.44909748811322
"URB";10;9833;"80301";"(MICRO)POBLADOS O-E (GIRO A AV. LAS AGUILAS)";435328.673111601;4470819.389290058;-3.76193087600915;40.3854584804154
"URB";10;5150;"80400";"(TACTICO)ESCALONA O-E(MAQUEDA-ILLESCAS)";435121.37791635;4471940.17741685;-3.76448710215732;40.39553885988377
"URB";10;5173;"80401";"(TACTICO) SALIDA PARQUE BOMBEROS";435104.823309023;4471077.795596287;-3.76459428305762;40.38776890057083
"URB";10;5180;"80300";"(MICRO)AV.POBLADOS E-O (GIRO A AV. LAS AGUILAS)";435358.361138982;4470855.378961159;-3.76158478491725;40.38578499384099
"URB";1;4204;"14006";"SAN EUGENIO O-E(SANTA ISABEL - SAN ILDEFONSO)";440793.705105443;4473587.72387067;-3.69780629360931;40.41080334874167
"URB";3;11478;"41066";"Cerro Negro 2 - Ciudad Barcelona-Gandía";443131.302369069;4472192.725306232;-3.67013251787559;40.39839941542699
"URB";7;5728;"63041";"Alonso Cano S-N - Maudes-Raimundo Fdez.Villaverde";440876.522208584;4477452.318223677;-3.69718969405558;40.44562330289323
"URB";15;5930;"44032";"Ricardo Ortíz - Cyesa-Av. Daroca";444208.891363969;4475714.991857396;-3.65774406627435;40.430202860816
"URB";8;10072;"42300";"(MICRO)ARROYO DEL MONTE (DELANTE GRUPO 1)";439000.734602172;4482988.737093881;-3.71983989110553;40.4953618244449
"URB";1;4205;"14007";"ATOCHA E-O(SAN EUGENIO-MORATIN)";440820.531993907;4473670.334188975;-3.69749781736466;40.41154945082444
"URB";8;10073;"42301";"(MICRO)AV. MONASTERIO DE SILOS (DELANTE GRUPO 6)";439045.098459782;4483082.782090683;-3.71932544934002;40.49621227112728
"URB";8;11263;"42077";"ISLAS ALEUTIANAS S-N(MANUEL GARRIDO-JOAQUIN LORENZO)";438210.766318915;4480625.19829098;-3.72893105837834;40.47401188401634
"URB";6;5729;"63042";"Edgar Neville N-S - Raimundo Fdez.Villaverde-Hernani";440885.36540687;4477603.585194157;-3.69709950034343;40.44698661082297
"URB";6;5730;"63043";"Edgar Neville S-N - Hernani-Basílica";440899.032104117;4477752.286008579;-3.69695218710424;40.44832714428183
"URB";14;10350;"65043";"Tacona 37 - Encomienda Palacios - Arroyo Fontarrón";445622.895331459;4472015.585208761;-3.64075859838483;40.39697005127429
"URB";6;5731;"63044";"Edgar Neville S-N - Basílica-Reina Mercedes";440916.420563584;4477940.492668361;-3.69676465709126;40.45002382758891
"URB";6;5733;"63046";"Basílica O-E - Aviador Zorita-Edgar Neville";440810.531485489;4477861.709195057;-3.69800596172232;40.44930657900343
"URB";6;5727;"63040";"Basílica O-E - Edgar Neville- Orense";440921.073802644;4477861.176872575;-3.69670240701419;40.4493096472644
"URB";8;5904;"42407";"(TACTICO)ALFREDO MARQUERIE O-E";440765.686255756;4482162.973531365;-3.69893636273611;40.48805089284778
"URB";11;5240;"84008";"VIA LUSITANA N-S LATERAL (AGUACATE-AV. PESETA)";436902.309173371;4468493.864764973;-3.74316224095752;40.36462975647522
"URB";11;5241;"84009";"REAL E-O(CALDERILLA-VIA LUSITANA)";436949.47250761;4468364.243662758;-3.74259398277235;40.36346563580845
"URB";1;10427;"14044";"ATOCHA O-E (FERNAN NUNEZ -SAN EUGENIO)";440782.942489139;4473689.679646335;-3.69794262209254;40.41172105083588
"URB";2;10866;"14046";"Po ESPERANZA N-S (JUAN ANTONIO VALLEJO NAJERA BOTAS - LABRADOR)";440213.39149466;4472506.30682511;-3.7045438021546;40.40101993939027
"URB";1;4261;"15024";"BAILEN N-S(REQUENA-CUESTA LA VEGA)";439465.420537052;4474128.916697383;-3.71351183176302;40.41558312436538
"URB";1;3707;"15025";"MAYOR E-O (SACRAMENTO-BAILEN)";439523.410760516;4474081.565070944;-3.71282385837437;40.41516077525872
"URB";15;5929;"44031";"Jose María Fernández Lanseros  - Av. Daroca-Alcalá";444235.909002247;4475805.142095634;-3.65743347299608;40.4310167941508
"URB";20;11287;"66063";"Julia Garcia Boutan, 26 - Niza-Suecia";448544.29115028;4475670.386566388;-3.60663149644836;40.43008051024732
"URB";4;5765;"97005";"Cartagena N-S - Av.America - Coslada";442915.583603298;4476658.421298738;-3.67307515216187;40.43861399852975
"URB";12;4773;"48001";"MARCELO USERA O-E(SAN MAGIN-R. YBARRA)";439414.22706215;4470752.217552458;-3.71379383873925;40.38516048308487
"URB";11;10946;"84056";"VIA LUSITANA N-S (AV. POBLADOS-HALCONERO DEL REY)";437461.055724181;4469251.317942159;-3.73665615257938;40.37149535821425
"URB";12;10612;"48002";"MANUEL NOYA S-N (DR. CARMENA RUÍZ-INMACULACA CONCEPCIÓN)";439577.182617946;4471159.492361346;-3.71191274162008;40.38884125297815
"URB";12;4775;"48004";"MARCELO USERA O-E(JESUS GRAN PODER-MONEDEROS)";440500.342256525;4470959.202449722;-3.70101797476715;40.38710338506984
"URB";7;7069;"63061";"Vallehermoso 102 S-N - Cea Bermúdez -Av.Filipinas";439937.28145116;4476790.371936703;-3.70820192880331;40.43959288685821
"URB";11;10590;"84048";"(CARRIL BUS) AV. PESETA O-E (MUTUAL - LUIS ORO)";436602.847997134;4468306.349509288;-3.74667036073599;40.36291781446388
"URB";11;10595;"84049";"(CARRIL BUS) AV. PESETA O-E(MARAVEDI-VIA LUSITANA)";436754.770915346;4468348.499563857;-3.74488538678318;40.3633090595391
"URB";1;3475;"15032";"Gran Via San Francisco S-N (Isabel Tintero-Aguila)";439509.778074256;4473339.218680402;-3.71291395429938;40.40847238606253
"URB";16;6609;"79012";"Av. Francisco Pi y Margall - Vicente Blasco Ibáñez-Ana de Austria";444112.135975401;4482445.579801773;-3.65947734649485;40.4908287749797
"URB";7;7021;"63062";"Filipinas 30 E-O - Vallehermoso -Galileo";439885.745239201;4476896.741950554;-3.70881961463933;40.44054738911562
"URB";12;4774;"48003";"(AFOROS)MAR. USERA E-O(GAB. USERA-R.YBARRA)";439827.021784947;4470787.213674529;-3.70893413983194;40.38550566182479
"URB";1;4281;"16002";"REYES O-E(SAN BERNARDO-AMANIEL)(FRENTE Mo JUSTICIA)";439941.614236749;4475096.60630141;-3.70799079982885;40.42433501540742
"URB";1;4282;"16003";"ALAMO S-N(GENERAL  MITRE-REYES)";439853.354329416;4475021.385688858;-3.70902405001788;40.42365101855395
"URB";7;3511;"63063";"Filipinas 14 E-O(Entrada Túnel) - Jesús Maestro-Blasco Garay";439703.103722343;4476809.349527138;-3.71096472756006;40.43974689752706
"URB";11;9901;"84047";"AV. PESETA O-E(CORONA-DINERO)";436251.954828257;4468215.501606306;-3.7507936473093;40.36207266102338
"URB";8;5905;"42408";"(TACTICO)SANGENJO S-N";440787.067515677;4482152.737904939;-3.69868313574274;40.48796021191571
"URB";15;5931;"44033";"José Villena  - Jose Villena-Alcalá";444378.729283284;4475859.125666163;-3.65575451498992;40.43151266962149
"URB";13;10939;"68039";"Serena - Tiscar - Av. Entrevías";443450.550745674;4469990.336262531;-3.66617526257177;40.3785807446576
"URB";16;10456;"79037";"Ingeniero Emilio Herrera - Isabel Clara Eugenia - Niceto Alcalá Zamora";444832.627045603;4482713.599104269;-3.65099940219116;40.4932914119976
"URB";7;5775;"97025";"Av.Reina Victoria O-E - Av. Del Valle - Guzmán el Bueno";439423.789328995;4477483.720498965;-3.71432220576494;40.44580160734851
"URB";11;10947;"84057";"HALCONERO DEL REY E-O(SALVADOR VICENTE MARTIN-VIA LUSITANA)";437510.861426403;4469173.195106431;-3.73606187197295;40.37079532562999
"URB";11;10945;"84058";"VIA LUSITANA S-N (THALER-HALCONERO DEL REY)";437322.497725876;4469094.443241081;-3.73827269874702;40.37007174932775
"URB";7;4381;"18003";"Fernández de los Rios, 71 O-E(Isaac Peral-Guzmán el Bueno)";439436.9010462;4476322.841554221;-3.71405694072631;40.435344884788
"URB";15;5932;"44034";"Alcalde López Casero  - Alcalde López Casero-Alcalá";444393.463032784;4476007.363517059;-3.65559378921347;40.43284906090539
"URB";11;10610;"48010";"INMACULADA CONCEPCIÓN N-S, GIRO IZDA.(BALEARES-MANUEL NOYA)";439572.549487961;4471292.225239132;-3.71197991820776;40.39003664075292
"URB";12;4805;"48013";"LATERAL ANTONIO LOPEZ ENTRADA GTA. CADIZ E-O";441062.28742871;4469828.401964156;-3.69429307173681;40.37695646460851
"URB";12;4806;"48014";"AV. ANDALUCIA FRENTE AL HOSPITAL";440909.090188365;4469867.382144584;-3.69610124083675;40.37729677113261
"URB";7;5776;"97026";"(AFOROS)Av.Reina Victoria O-E  - Guzmán el Bueno-Gral. Ibañez Íbero";439616.817928231;4477544.904179954;-3.71205197221081;40.44636681715328
"URB";7;4379;"18001";"Guzmán el Bueno, 54 N-S(Donoso Cortés-Fernández de los Rios)";439519.939847522;4476415.4897782;-3.71308677806172;40.43618554195592
"URB";7;4380;"18002";"Guzman el Bueno,15 N-S(Rguez San Pedro-Alberto Aguilera)";439486.419044068;4475913.091415158;-3.71343413786757;40.43165728538919
"URB";12;4804;"48012";"AV. ANDALUCIA ENTRE S. FERMIN Y GTA.MALAGA";441024.10079855;4469584.345750527;-3.69472030154013;40.37475516995492
"URB";12;10582;"48015";"(CARRIL BUS) MARCELO USERA O-E(SAN MAGIN-R. YBARRA)";439414.221295146;4470749.3527849;-3.71379363424823;40.38513467540417
"URB";12;10611;"48403";"(TÁCTICO) INMACULADA CONCEPCIÓN N-S (GIRO MANUEL NOYA)";439593.497133178;4471250.821677459;-3.71172919627356;40.38966517617471
"URB";15;5933;"44035";"Mateo García  - Mateo García- Alcalá";444601.931303564;4475886.072831612;-3.65312555564349;40.43177031976296
"URB";16;6620;"79027";"Ingeniero Emilio Herrera - Príncipe Carlos-Infanta Catalina Micaela";443988.909753276;4481828.30267365;-3.66087677592329;40.48525976495464
"URB";11;9849;"84400";"(TACTICO) CORONA N-S(AV. EURO-AV. PESETA)";436179.908461833;4468248.294118686;-3.75164538656476;40.36236255984875
"URB";2;4136;"97056";"Méndez Álvaro O-E(paso inferior M-30 - Titán-Av.Entrevías";442572.534971655;4471533.623306751;-3.67665707705761;40.39242351277365
"URB";11;5055;"49023";"CLARA CAMPOAMOR S-N";437655.795494336;4470874.753770594;-3.73452127451835;40.38613461877878
"URB";20;10553;"44046";"Santa Leonor - Caunedo-Jaime Hermida";446359.976251369;4476653.265441048;-3.63246474035759;40.4387968618114
"URB";11;5056;"49025";"CASTRO ORO S-N";438053.997039915;4471241.648131243;-3.72986582032393;40.38946947687945
"URB";11;5058;"49027";"BLASA PEREZ N-S";438287.121340244;4471545.421062668;-3.72714872575159;40.3922233080711
"URB";13;4139;"97058";"Méndez Álvaro - E-O (Delante Gr5) - Méndez Álvaro - E-O (Delante Gr5)";442643.076503264;4471481.55038836;-3.67582126451565;40.39195927120834
"URB";2;4134;"97059";"Retama N-S  - Ombú - Méndez Álvaro";442575.141514378;4471689.166837214;-3.67664039229902;40.39382491563934
"URB";9;4483;"97065";"(AFOROS)Av.Valladolid S-N - Loeches- Av. Marqués de Monistrol";437776.603867035;4476112.229460781;-3.73361021555087;40.43332505007126
"URB";11;9848;"84401";"(TACTICO) ONCE VIGAS S-N(M40-AV. PESETA)";436177.964430683;4468185.506858404;-3.75166199813032;40.3617967944851
"URB";11;9850;"84402";"(TACTICO)MORALES N-S(SOLEDADES-AV. PESETA)";435802.628808277;4468275.584583262;-3.75609120405329;40.36257944250851
"URB";7;4383;"18005";"(AFOROS)Alberto Aguilera O-E(Gta. Ruiz Giménez-Vallehermoso)";440017.956119439;4475704.350743887;-3.70714825709133;40.42981535717497
"URB";20;10555;"44047";"Alcalá - Sta. Leonor-Alfonso Gomez";446467.922855058;4476752.075747319;-3.63120035005536;40.43969395729449
"URB";1;4386;"18008";"(AFOROS) Alberto Aguilera O-E(Conde Duque-Acuerdo)";439959.976131193;4475696.665163184;-3.70783102708239;40.42974193924648
"URB";11;10025;"49036";"OCA N-S(MATILDE FERNANDEZ-GRAL.RICARDOS) GIRO IZQUIERDA";437820.666748129;4471177.381018249;-3.73260849940074;40.38887314555296
"URB";11;3572;"49003";"PSO. MARCELINO CAMACHO N-S";437178.867222229;4470774.296565329;-3.74012995598523;40.38519382928711
"URB";10;5305;"84059";"CTRA Bº FORTUNA S-N(TROMPAS-JOAQUIN TURINA)";434988.689987318;4469322.514602382;-3.7657833825953;40.37194756684839
"URB";2;3507;"97075";"Salida Calle 30 E-O - (M-30 -Gta.Pirámides) a 80mts";439528.186082478;4472441.270100814;-3.71261170688771;40.40038457785618
"URB";2;4703;"97076";"Salida Calle 30 E-O - (M-30 -Gta.Pirámides) a 180mts";439595.697880295;4472391.716778764;-3.71181149109613;40.3999430777255
"URB";12;5069;"50008";"MARCELO USERA E-O(SAN MAGIN-SAN FILIBERTO)";439282.195574551;4470756.186474893;-3.715349636718;40.38518662544436
"URB";9;4488;"97070";"Márques de Monistrol O-E - Entrada Pte Franceses por M-30";437514.079159394;4476202.940107266;-3.73671404286265;40.43412252482207
"URB";2;4702;"97072";"Pº.Imperial N-S - Pl.Fco.Morano-Gta.Pirámides";439315.53445605;4472615.317319289;-3.71513404216574;40.40193700743026
"URB";11;5075;"50011";"PORTALEGRE N-S(VALLE ORO-OPORTO)";438598.092626118;4470882.083718422;-3.72342095580319;40.38627063178284
"URB";11;5272;"84411";"(TACTICO)AGUACATE O-E(CIRUELA-GUAYABA)";436506.649217439;4469295.22251146;-3.74790172988361;40.37181871773011
"URB";1;4392;"18018";"San Bernardo S-N(Divino Pastor-Malasaña)";440098.024689799;4475518.739261433;-3.70618687993266;40.42814905561154
"URB";15;10724;"44058";"Alcalá - Hermanos Machado - Jose Maria Pereda";444940.09602587;4476012.933070302;-3.64914993462004;40.4329355999913
"URB";11;10575;"50005";"(CARRIL BUS) OPORTO O-E(LUIS GOMEZ-CNO VIEJO LEGANES)";438120.654832001;4470945.876319784;-3.72905176738802;40.38680998077602
"URB";2;3505;"97073";"Toledo N-S - Juan Antonio Vallejo- Nájera Botas-Gta.Pirámides";439417.378459671;4472624.02174457;-3.71393478177398;40.40202283723609
"URB";11;5076;"50012";"PORTALEGRE S-N(OPORTO-VALLE ORO)";438602.578403025;4470885.082650633;-3.72336839859074;40.38629797820086
"URB";11;5298;"84408";"(TACTICO)ALLARIZ O-E(PROGRESO-AV. CARABANCHEL ALTO)";436016.935920633;4468817.356403601;-3.75362174180794;40.36747644051299
"URB";11;5068;"50007";"BRAGANZA S-N (VÍA LUSITANA - ABRANTES)";438807.707497478;4470652.945278456;-3.72092950618857;40.38422186375741
"URB";2;3506;"97074";"PºAcacias N-S - Pl.Ortega y Munilla-Gta.Pirámides";439520.263735282;4472570.589220091;-3.71271734457485;40.4015489709778
"URB";1;4387;"18010";"Conde Duque, 13 S-N(Sta Cruz de Marcenado-Alberto Aguilera)";439828.975988065;4475616.19635832;-3.7093677006733;40.42900757528974
"URB";1;4395;"18022";"San Bernardo S-N(Luna-Travesia Cruz Verde)";439985.411423118;4474978.057945168;-3.70746335055862;40.42327023848646
"URB";20;10557;"44051";"Alcalá - Valentin Beato-Miguel Yuste";446871.096076823;4476893.421953834;-3.62645859777121;40.44099314241077
"URB";15;10716;"44057";"Alcalá - Santa Elena - Maximo San Juan";444753.121202014;4475980.395679366;-3.65135138309986;40.43263008712358
"URB";2;4704;"97079";"Salida calle30 E-O - Marqués de Vadillo-Gta.Pirámides a 280mts";439619.440778747;4472257.355427587;-3.71151897930054;40.39873440769217
"URB";2;4706;"97080";"Pº Yeserias E-O - Melilla-Gta.Pirámides";439508.099013303;4472459.12344426;-3.71285009594515;40.40054395033535
"URB";11;10982;"50033";"(AFOROS) (BUS) VIA LUSITANA E-O";438909.463199977;4470656.65479929;-3.71973112926151;40.3842627481373
"URB";11;5079;"50016";"AV. ABRANTES O-E(PORTALEGRE-BRAGANZA)";438667.452019234;4470689.638154616;-3.7225853167533;40.3845420981628
"URB";2;3515;"97077";"Salida Calle 30 E-O - (By-Pass M-30 -Gta.Pirámides)a 280mts";439635.737117534;4472257.315560494;-3.71132695499166;40.3987352299953
"URB";11;5287;"85013";"ANTONIO LOPEZ E-O(BALEARES-M.VADILLO)";439388.905109821;4472075.387048403;-3.71421806784504;40.39707840171411
"URB";15;10715;"44069";"Alcalá - San Gumersindo-Mateo Garcia";444659.064370659;4475973.704550552;-3.65245964652525;40.43256355704821
"URB";15;10731;"44065";"Alcalá - Urquiza-Virgen del Sagrario";445165.942721361;4476122.711490781;-3.64649686061073;40.43393946445965
"URB";11;10577;"50027";"(AFOROS)(CARRIL BUS) OPORTO O-E (ELVAS-PORTALEGRE)";438465.098156276;4470807.986616348;-3.72498058545396;40.38559331719433
"URB";1;4398;"18302";"(MICRO) Gta. Ruiz Gimenez E-O(Delante G. 5)";440157.951071725;4475671.350489707;-3.70549482225508;40.42952815902725
"URB";15;10820;"44075";"Alcalá - Angel Gonzalez Tejedor - Jose Villena";444320.065534506;4475908.469360806;-3.65645041873812;40.43195325919991
"URB";15;10822;"44076";"Alcalá - Alcalde López Casero - Ventas";444356.563789255;4475920.914092482;-3.65602123104518;40.43206781045055
"URB";15;10823;"44077";"Alcalá - Alcalde López Casero - Ventas";444357.554465408;4475917.446725948;-3.656009248419;40.43203664082561
"URB";2;3516;"97078";"Salida Calle 30 E-O - (Tronco M-30 -Gta.Pirámides)a 280mts";439625.194287367;4472256.871285248;-3.71145113952696;40.39873046345539
"URB";11;5083;"50017";"BRAGANZA N-S(OPORTO-VIA LUSITANA)";438772.689022656;4470700.422562107;-3.72134660365538;40.38464698960458
"URB";11;10578;"50028";"(CARRIL BUS) OPORTO O-E (PORTALEGRE-MERCEDES DOMINGO)";438619.281883306;4470777.52296532;-3.72316125428064;40.3853302595909
"URB";12;10581;"50032";"CARRIL BUS MARCELO USERA E-O(SAN MAGIN-SAN FILIBERTO)";439282.451657782;4470760.360493632;-3.71534701768465;40.3852242457458
"URB";7;4405;"19003";"Eloy Gonzalo, 27 E-O(Santisima Trinidad-Gral.Alvarez Castro)";440594.328513233;4476226.405196493;-3.70040248883714;40.43455962159062
"URB";7;3694;"20005";"Fernando el Catolico E-O(Blasco de Gara-Guzmán el Bueno)";439630.071985445;4476188.990744905;-3.71176684990744;40.43415314379662
"URB";7;4422;"20006";"Vallehermoso, 18 S-N(Rodriguez San Pedro-Arapiles)";439873.024215199;4475922.308009462;-3.70887740078127;40.43176834866371
"URB";7;4430;"21005";"Eduardo Dato, 2 E-O(Fernández de la Hoz-Santa Engracia)";440972.517252131;4476022.909700821;-3.69592499542048;40.4327533673683
"URB";15;10736;"44063";"Alcalá - Boldano-Arturo Soria";445756.08944213;4476489.904034507;-3.63957075143105;40.43728603890069
"URB";11;11005;"50035";"ANTONIO LEYVA N-S(ANTONIO GONZALEZ PORRAS-ALEJANDRO SANCHEZ)";439230.339729761;4471279.27748148;-3.71601043478946;40.38989510633155
"URB";11;11006;"50036";"ANTONIO LEYVA S-N (PL. ELIPTICA-STA. LUCRECIA)";439121.824145127;4470840.137485162;-3.71724694217;40.38593119465818
"URB";11;10615;"50044";"TV. ANTONIA LANCHA S-N (ANTONIA LANCHA-VÍA)";438910.761122974;4470828.887202075;-3.71973235383172;40.38581439708674
"URB";3;4056;"97105";"O´Donell 52 O-E - Maíquez - Dr.Esquerdo";443112.97700514;4474729.55937305;-3.67057524516276;40.42125134737886
"URB";2;4129;"97101";"Ramírez de Prado O-E - Juán Mariana-Pl.Amanecer en Méndez Alvaro";441805.945064084;4472292.699683147;-3.68575842650291;40.39920847536542
"URB";4;4051;"97106";"O´Donell 69 E-O - Iturbe-Dr.Esquerdo";443379.557636069;4474687.476627599;-3.66742929070934;40.42089042606574
"URB";12;3633;"50403";"(TACTICO) SAN FILIBERTO N-S";439198.660585758;4470788.97395994;-3.71633686430816;40.38547589934349
"URB";11;11028;"85030";"CCTV - PSO. QUINCE MAYO O-E(SALLABERRY-MANUEL CARMONA)";438903.863187122;4471902.833890856;-3.71991663439892;40.39548851896289
"URB";2;4126;"97102";"Comercio E-O - Garganta de los Montes-Méndez Alvaro";441952.586726919;4472439.161878315;-3.6840438732876;40.4005381200552
"URB";3;4050;"97103";"Dr.Esquerdo 63 S-N - Ibiza-O´Donnell";443244.675951542;4474547.821442352;-3.6690066805388;40.41962314897435
"URB";7;3407;"21009";"Santa Engracia, 26 S-N(Caracas-Pl. Chamberi)";440872.450281188;4475848.87283018;-3.69708849699028;40.43117845563562
"URB";4;4049;"97104";"Dr.Esquerdo N-S - Jorge Juan - Duque de Sesto";443248.078381561;4474902.32158264;-3.66899821257803;40.42281690610961
"URB";7;4456;"22003";"Rios Rosas, 72 E-O(Santa Engracia - Bravo Murillo)";440444.339686337;4477058.633684094;-3.70224875974977;40.44204597566001
"URB";7;4433;"21010";"José Abascal, 52 O-E(Alvarez de Castro-Santa Engracia)";440459.787856847;4476672.161987519;-3.70203039813358;40.43856557582816
"URB";15;11173;"44082";"Alcalá - Lago Constanza-La Argentina";445018.063209919;4476034.238531656;-3.64823260944105;40.43313268889469
"URB";12;10332;"50301";"(MICRO) PSO. SATA. MARIA DE LA CABEZA S-N";439088.582551498;4470692.08551;-3.71762439971962;40.38459503974794
"URB";15;5953;"45007";"Hermanos García Noblejas - Emilio Muñóz-Miguel Fleta";446335.484981216;4475732.06276961;-3.63267570917181;40.43049655945682
"URB";20;5966;"45020";"Av. Arcentales - Ajofrin-Hermanos García Noblejas";446803.418474255;4475172.35387691;-3.62711250469432;40.4254844264482
"URB";7;4459;"22006";"Agustín de Bethancourt, 7 N-S(Cristóbal Bordiu-Rios Rosas)";441073.775123628;4477108.11248115;-3.69483190095153;40.44253654843434
"URB";11;11314;"50407";"(TACTICO) MIGUEL SORIANO E-O";439305.621685628;4471489.754558413;-3.71514355800661;40.3917966754171
"URB";4;7070;"97597";"(FICTICIO) Dr.Esquerdo N-S - (FICTICIO)Jorge Juan - Duque de Sesto";443255.090054904;4474901.587701902;-3.66891549801606;40.42281077314661
"URB";4;4059;"97107";"Dr.Esquerdo 43 S-N - Jorge Juan - Fundadores";443276.9992265;4475008.094888774;-3.66866674777923;40.42377173993708
"URB";11;10949;"85055";"PSO. QUINCE DE MAYO O-E(ANTONIO VICO-MANUEL FDEZ.CABALLERO)";438953.487737734;4472202.126384864;-3.71936063008307;40.39818832583336
"URB";11;10954;"85057";"ANTONIO LEYVA S-N (TOMASMEABE-JACINTO VERDAGUER)";439287.869602888;4471848.935728137;-3.71538695237516;40.3950310598611
"URB";9;10852;"97401";"(TACTICO)Esc. Ing. Navales - E-O  - (TACTICO)Esc. Ing. Navales - E-O";438446.483205164;4476823.489546065;-3.72578187759575;40.43978220789937
"URB";9;5782;"97403";"Dr. Teófilo Hernando N-S - Juán Montalvo - Reina Victoria";439376.58817352;4477517.791653832;-3.71488201853214;40.44610509352812
"URB";20;5969;"45023";"Aquitania - Pl. Alsacia-Capri";447221.633585961;4474261.168711763;-3.62210699417145;40.41730254822328
"URB";2;4137;"97404";"(TACTICO)Méndez Álvaro O-E(Giro a Retama) - Titán-M-30";442550.47758856;4471545.361009732;-3.67691801671006;40.39252773151362
"URB";11;10957;"85060";"CARRIL BUS CALLE 30 N-S (ENTRADA A CRUCE A 110 M LINEA DE PARADA)";439177.818124018;4472268.462994735;-3.71672369668167;40.39880233195002
"URB";3;3856;"02001";"DR. ESQUERDO N-S(O DONNELL-IBIZA)";443227.954898745;4474528.030750276;-3.6692020015623;40.41944372327485
"URB";7;3468;"23006";"(AFOROS) SAN FRANCISCO DE SALES N-S (GAZTAMBIDE- ISAAC PERAL)";439286.174401318;4476890.000760132;-3.7158881132926;40.44044310039838
"URB";11;5094;"50404";"(TACTICO) GUADALETE E-O";439225.835429773;4471195.918852072;-3.71605554864764;40.38914384236894
"URB";7;10985;"23010";"San Fco. de Sales N- S(Santander -Guzman el Bueno)";439684.34068736;4477235.670143405;-3.71122642303022;40.44358601097242
"URB";7;3396;"23012";"CEA BERMUDEZ E-O (SAN GABRIEL - SAN FRANCISCO DE SALES)";439245.077843593;4476756.384383093;-3.71635987767334;40.43923642757593
"URB";20;5964;"45018";"Emilio Muñóz - Albarracín-Hermanos García Noblejas";446451.689487601;4475734.947381706;-3.63130604264696;40.43053003452041
"URB";15;5965;"45019";"Braulio Gutiérrez - José Arcones Gil-Hermanos García Noblejas";446228.500626614;4475616.276854912;-3.63392712942068;40.429446583949
"URB";3;3857;"02002";"DR. ESQUERDO S-N(ALCALDE SAINZ BARANDA-IBIZA)(GIRO A IBIZA)";443217.003388905;4474293.822717514;-3.66931017509376;40.41733310511124
"URB";8;10687;"76064";"(CARRIL BUS) MONASTERIO HUELGAS N-S (AV. MONASTERIO SUSO Y YUSO-  MONASTERIO DE EL PAULAR)";440088.417103661;4483716.862852967;-3.70707417056889;40.5020002577031
"URB";3;4192;"02016";"DR. ESQUERDO N-S(ANGEL GANIVET-AV. MEDITERRANEO)";443138.191427464;4473287.127757243;-3.67014910996911;40.40825887130384
"URB";3;3858;"02003";"(AFOROS) DR. ESQUERDO N-S (IBIZA-ALCALDE SAINZ BARANDA)";443213.198080057;4474313.2628491;-3.66935676155287;40.41750797256545
"URB";8;11354;"76073";"CCTV - AV. SANTUARIO VALVERDE ENTRE (MONASTERIO DE POYO Y MONSTERIO SOBRADO)";441082.38183032;4484524.497241167;-3.69541940609127;40.50934688410464
"URB";11;10950;"85054";"MANUEL FDEZ. CABALLERO S-N (VICENTE PARRA - PSO. QUINCE DE MAYO)";438999.115759014;4472121.901221157;-3.71881531188425;40.39746896329308
"URB";10;5312;"86009";"AV. AVIACION E-O(FLAUTAS-RAFAEL FINAT)";434501.637855455;4469563.28638867;-3.77154473005465;40.37407840631712
"URB";3;3860;"02005";"(AFOROS) DR. ESQUERDO S-N(ALCALDE SAINZ BARANDA-IBIZA)";443222.178782756;4474264.624614526;-3.66924656953465;40.41707042607268
"URB";9;10216;"23018";"(TACTICO) SALIDA HOSPITAL CLINICA SAN CARLOS O-E";439065.516093023;4476948.316759753;-3.71849533622663;40.44095229402257
"URB";9;5406;"29003";"ANTONIO NOVAIS E-O(FRENTE A FACULTAD BIOLOGICAS)";438418.138305079;4477788.427405822;-3.72620961596286;40.44847264032008
"URB";15;6022;"46014";"Arturo Soria   - Angelita Cavero-Josefa Valcárcel";444975.263028893;4477556.39066449;-3.64886901719487;40.44684222238479
"URB";11;5120;"51021";"PSO. MARCELINO CAMACHO O-E(EULALIA GIL-CASTROJERIZ)";437086.150718665;4470881.121448032;-3.74123276229384;40.386149159224
"URB";3;3861;"02006";"ALCALDE SAINZ BARANDA O-E(ANTONO ARIAS- DR. ESQUERDO)";443142.869866856;4474200.997857561;-3.67017564469836;40.41649182758745
"URB";3;3859;"02004";"IBIZA O-E(NARVAEZ-DR. ESQUERDO)";443113.641797385;4474359.074071296;-3.6705342712968;40.4179138650649
"URB";3;3864;"02009";"DR. ESQUEDO N-S(SAMARIA-AV. NAZARET)(DE FRENTE)";443167.620815509;4473760.9687227;-3.66984461300319;40.4125294987041
"URB";11;5121;"51022";"PSO. MARCELINO CAMACHO ENTRE GRAL.RICARDOS Y CASTROJERIZ SENTIDO SE-NO";437174.868584157;4470783.811154582;-3.74017800064214;40.38527923945528
"URB";15;6025;"46017";"Arturo Soria - Marqués de Pico Velasco-José del Hierro";445596.856666172;4477062.953780994;-3.64149716597939;40.44243798484335
"URB";14;10889;"52025";"Camino Vinateros - Av. Moratalaz 149 - Cno. Vinateros";445104.662818268;4473176.210522006;-3.64696497202386;40.40739166097805
"URB";12;5336;"87001";"SAN FERMIN O-E (POPULAR MADRILEÑA-ANTEQUERA)";441170.228458146;4469191.583550887;-3.69296283047534;40.3712272753653
"URB";5;9896;"91014";"Av. Burgos N-S(Pastora Imperio- Av. San Luis)";442720.002330363;4481462.459266239;-3.67581462553734;40.48187751721171
"URB";14;11008;"52027";"Corregidor Diego Valderrabano - DR. García Tapia - Alfredo Brañas";444164.636499845;4473729.570576742;-3.65809145315297;40.41231412561039
"URB";10;5329;"86027";"RAFAEL FINAT S-N(SOLEDAD CAZORLA-BLAS CABRERA)";434424.880779047;4469873.084914012;-3.77248069150511;40.37686315871646
"URB";12;5337;"87002";"ESTAFETA S-N (NAVASCUES-MEZQUITA)";441230.721785067;4469358.400555077;-3.69226569976637;40.3727343241301
"URB";7;4454;"22001";"(AFOROS) Bravo Murillo, 75 N-S(Cristóbal Bordiu-Rios Rosas)";440290.739477924;4477177.635526633;-3.7040709874978;40.44310697953818
"URB";11;5326;"86023";"CAMINO LAS CRUCES N-S (JOSE JORDAN-JOAQUIN TURINA)";435685.143691598;4469373.274666026;-3.75758549631634;40.37245886402764
"URB";3;3874;"02022";"AV. MEDITERRANEO O-E(PASO INFERIOR)";442958.767049331;4473136.852664767;-3.67225012184094;40.40689283644186
"URB";9;5410;"29012";"(TACTICO) AV. COMPLUTENSE S-N (GIRO A DEHESA DE LA VILLA)";438132.27158678;4478715.861428693;-3.72967083320944;40.4568060777444
"URB";3;3876;"02024";"ALCALDE SAINZ BARANDA O-E(LOZOYA-ESPLANDIU)";443406.769962182;4474312.419143029;-3.6670751650586;40.41751355827446
"URB";11;5327;"86024";"JOAQUIN TURINA E-O (MADRE CELESTE-CAMINO LAS CRUCES)";435726.211275083;4469315.909794092;-3.75709600449648;40.37194526416185
"URB";9;9909;"29013";"DEHESA DE LA VILLA N-S(AV.COMPLUTENSE-M-30)";438038.198391613;4478643.748731472;-3.73077321269337;40.45614945233005
"URB";3;10983;"02025";"AV.NAZARET E-O (DR.ESQUERDO -JESUS APRENDIZ)";443136.573024925;4473639.851671237;-3.67019970368919;40.41143629014075
"URB";2;4696;"90011";"Po IMPERIAL E-O(JEMENUNO-RONDA DE SEGOVIA)";439088.331175388;4473500.459707773;-3.71789602772001;40.40989418802729
"URB";10;5330;"86029";"BLAS CABRERA E-O(CASUARINA-GRAL. MILLAN ASTRAY)";434988.015318033;4470005.732591672;-3.76586101183106;40.37810222261641
"URB";14;10890;"52026";"Camino Vinateros - Cno. Vinateros - Dr. Garcia Tapia";445263.475238501;4473261.853023407;-3.64510077897352;40.40817363658615
"URB";3;3875;"02023";"ALCALDE SAINZ BARANDA E-O(VAQUERIAS-LOZOYA)";443399.228433397;4474314.981129057;-3.66716428075936;40.41753612513337
"URB";8;3737;"32039";"(TACTICO) SALIDA APARCAMIENTO PUBLICO HOSPITAL CARLOS III";440876.866174801;4480696.117622188;-3.69748780124961;40.47484482028759
"URB";2;10649;"90026";"Po PONTONES O-E (ALEJANDRO DUMAS - CASIMIRO MAHOU BIERHANS)";439026.87790901;4472868.943900382;-3.7185597475414;40.40420070580484
"URB";12;5338;"87003";"MEZQUITA E-O (ELIZONDO-ESTAFETA)";441290.868840276;4469456.206537183;-3.69156626120162;40.37361965413464
"URB";16;10755;"55087";"Emigrantes - Tribaldos-Ctra. Canillas";446033.209669066;4479711.385322595;-3.63657731490726;40.46632491278389
"URB";15;10734;"44064";"Alcalá - Boldano-Pileo";445679.902882627;4476441.782568411;-3.64046487334244;40.43684756105871
"URB";3;7035;"02302";"(MICRO) INTERIOR DR. ESQUERDO N-S(DELANTE GRUPO1)";443214.902125365;4474357.043238945;-3.66934058553036;40.41790248600164
"URB";16;10757;"55088";"Emigrantes - Torquemada-Tribaldos";445967.959917692;4479865.567476448;-3.63736006775004;40.46770962385858
"URB";3;3563;"02026";"(TACTICO) ALCALDE SAINZ BARANDA E-O(GIRO IZQ. A ESPLANDIU)";443515.212033902;4474415.909935627;-3.66580621028062;40.41845322677511
"URB";3;3881;"02035";"SIRIO S-N(M-30 -ESTRELLA POLAR)";443653.597777112;4473513.21739407;-3.66409515870888;40.41033065808002
"URB";3;3602;"02036";"ESTRELLA POLAR O-E(PEZ AUSTRAL-SIRIO)";443612.868772109;4473591.432669763;-3.66458208904226;40.41103250666693
"URB";3;3603;"02037";"DR. ESQUERDO N-S(ALCALDE SAINZ BARANDA-MONEDA)";443201.174434388;4474158.097728518;-3.66948462195907;40.41610934148139
"URB";3;3882;"02038";"DR. ESQUERDO S-N(MONEDA-ALCALDE SAINZ BARANDA)";443203.297317932;4473998.817148523;-3.66944537991919;40.41467460119525
"URB";3;3884;"02040";"DR. ESQUERDO S-N(ASTROS-PEZ VOLADOR)";443179.513075411;4473673.988094792;-3.66969668806154;40.41174674192217
"URB";3;3885;"02041";"DR. ESQUERDO N-S(AV. NAZARET-ARIAS MONTANO)";443160.789733675;4473597.381817596;-3.66991050696829;40.41105535261045
"URB";9;5412;"29301";"(MICRO) AV.COMPLUTENSE O-E(INTERNO GIRO G.12)(P.M.1)";438266.752897993;4477745.728823191;-3.7279905548688;40.4480767672266
"URB";8;9905;"93027";"Chantada O-E (Candido Mateos-Camino Ganapanes)";439297.734730978;4480519.299750688;-3.71609885524248;40.47313806625616
"URB";17;10900;"87016";"AV. ROSALES S-N (ORIO-MIGUEL SOLAS)";442454.183930921;4466933.948167528;-3.67763630468232;40.35097875342316
"URB";3;3883;"02039";"DR. ESQUERDO N-S(MONEDA-SAMARIA)";443183.470213282;4473938.408356885;-3.66967366560014;40.41412905294756
"URB";1;4330;"30038";"CUESTA DE LA VEGA N-S(CDAD.DE PLASENCIA-SEGOVIA)";439184.706191066;4474019.321798283;-3.71680984652252;40.41457537919985
"URB";1;4331;"30401";"(TACTICO) Po VIRGEN DEL PUERTO N-E(GIRO A CDAD. PLASENCIA)";438848.245526014;4474086.137346391;-3.72078172367964;40.41515262992136
"URB";5;9897;"91015";"Av. San Luis E-O (Pastora Imperio-Av. Burgos)";442811.660090361;4481327.060755015;-3.67472106551852;40.48066410782943
"URB";14;11014;"52028";"Cdor. Diego de Valderrabanos - Av. Moratalaz - Cno. de los Vinateros";444113.532153552;4473471.300705212;-3.65867106052968;40.40998405512038
"URB";2;3728;"11008";"GUILLERMO DE OSMA E-O(ALONSO CARBONEL-BENITO VALDERAS)";440875.263589301;4471715.711214119;-3.69667123191863;40.39394510650502
"URB";2;3615;"11010";"JAIME EL CONQUISTADOR N-S(TORRES MIRANDA-CTE. BENITEZ)";440760.633969913;4472143.419200459;-3.69806161759771;40.39778997508106
"URB";2;4084;"11011";"JAIME EL CONQUISTADOR S-N(CTE. BENITEZ-TORRES MIRANDA)";440768.422007806;4472135.952780247;-3.69796915719595;40.39772326770838
"URB";2;4085;"11012";"DIVINO VALLES O-E(FERNANDO POO-JAIME EL CONQUISTADOR)";440690.62499352;4472003.190654439;-3.69887346519327;40.39652174164662
"URB";2;4086;"11015";"EMBAJADORES S-N(CACERES-GRENERAL PALANCA)";440760.672904728;4472294.500291572;-3.69807521625988;40.39915099347419
"URB";12;9935;"87027";"RUTILO E-O (PERIANA-AV. ROSALES)";441619.793174618;4468596.720813563;-3.68761325240728;40.36590001614807
"URB";2;5095;"11013";"CACERES O-E(EMBAJADORES-BATALLA DEL SALADO)";440799.916064021;4472249.251006976;-3.69760860049749;40.39874615556202
"URB";12;9936;"87028";"PERIANA N-S (RUTILO-AV. ROSALES)";441635.464163374;4468583.563124623;-3.6874274848779;40.36578258123611
"URB";17;7107;"87025";"SALIDA DE M-40 (NORTE)";441801.187397462;4468194.905087372;-3.68544023433168;40.3622929059894
"URB";12;9944;"87030";"AV. ROSALES N-S (SILVINA-SILVINA)";441493.643724867;4468634.71379889;-3.68910244871059;40.3662334358328
"URB";12;9943;"87031";"AV. ROSALES S-N (M-40 - OLIGISCO)";441808.377392818;4468414.334868143;-3.68537558001989;40.36427016070048
"URB";12;9939;"87400";"(TACTICO) SALIDA BRICOMART";441669.927976423;4468489.991883762;-3.6870130333016;40.3649420488464
"URB";17;5356;"87404";"(TACTICO) ORO O-E";442456.080635162;4466898.343172532;-3.67761076093218;40.35065813226318
"URB";9;4502;"31009";"FRANCOS RODRIGUE E-O(OFELIA NIETO-STO. ANGEL DE LA GUARDA)";439598.409673749;4478809.001418037;-3.7123892791909;40.45775297254967
"URB";2;4083;"11007";"JAIME EL CONQUISTADOR S-N(TOMAS BORRAS-ALDEA DEL FRESNO)";440739.416844591;4471867.730199929;-3.69828595882669;40.39530491752345
"URB";2;5096;"11014";"EMBAJADORE N-S(JAIME EL CONQUISTADOR-DIVINO VALLES)";440826.48773725;4472148.859638618;-3.69728617370673;40.39784366722461
"URB";9;4508;"31015";"FRANCOS RODRIGUEZ O-E(PIRINEOS-POLICIA)";439337.451106529;4478894.006594891;-3.71547497677018;40.45849972354112
"URB";9;4509;"31016";"(AFOROS) FRANCOS RODRIGUEZ E-O(COLEGIO PALOMA-DEHESA  VILLA)";439239.493498752;4478942.259471267;-3.71663485574428;40.45892724722247
"URB";9;4510;"31017";"(AFOROS) FRANCOS RODRIGUE O-E(DEHESA DE LA VILLA-PIRINEOS)";439129.744431552;4478980.219901391;-3.71793282618892;40.45926117721731
"URB";9;4511;"31020";"ANTONIO MACHADO N-S(MARTIRES MARISTAS-DEHESA DE LA VILLA)";438982.070856665;4479127.369289884;-3.71968857468584;40.46057592337556
"URB";6;4523;"31038";"DR.FEDERICO RUBIO Y GALI O-E(P.IGLESIAS-JERONIMA LLORENTE)";439761.934395528;4478215.450388415;-3.71040445661619;40.45241789790751
"URB";16;11003;"55097";"Av. Machupichu - Machaquito-Florencio Castillo";446858.551302015;4478935.462155348;-3.62677739640075;40.45938818221136
"URB";17;10868;"87408";"(TACTICO) SALIDA M-40 NORTE (GR-8 IZQ.)";441915.702575631;4468107.532610483;-3.68408365916991;40.36151378787105
"URB";2;4112;"12004";"Po DELICIAS S-N(ANCORA-DELICIAS)";441138.485474366;4472757.71583553;-3.69366622103371;40.40335066871115
"URB";17;11443;"87501";"AV. ROSALES N-S(MEDIA LUNA GIRO A M-40-->A3)";441889.354877506;4468145.272424491;-3.68439738460342;40.36185193477083
"URB";17;5385;"94001";"REAL PINTO S-N(LAGUNA MARQUESADO-LAGUNA MASQUESADO)";439401.952109883;4464901.554260551;-3.71338268754449;40.33245364209287
"URB";2;4092;"11021";"BATALLA DEL SALADO N-S(CACERES-EMBAJADORES)";440897.564363016;4472191.328364061;-3.696452625175;40.39823129472281
"URB";2;4089;"11018";"DIVINO VALLES O-E(JAIME EL CONQUISTADOR-ALDEA DEL FRESNO)";440841.574332699;4471988.383690143;-3.69709349925973;40.39639908914501
"URB";2;4090;"11019";"EMBAJADORES N-S(JAIME EL CONQUISTADOR-DIVINO VALLES)";440880.752429602;4472041.59952403;-3.69663681740337;40.3968812669087
"URB";2;4087;"11016";"EMBAJADORES S-N(BATALLA DEL SALADO-CACERES)";440855.622040157;4472107.164133006;-3.69693901309937;40.39747012232414
"URB";17;9987;"87406";"(TACTICO) AV. ROSALES S-N (GIRO A AMERICIO)";442157.737142393;4467610.255946;-3.68118821604556;40.35705084412774
"URB";17;9990;"87407";"(TACTICO) AMERICIO O-E (AV. ROSALES - EUSKALDUNA)";442126.769380332;4467601.882717671;-3.6815521286166;40.35697326457534
"URB";2;4091;"11020";"EMBAJADORES S-N(DIVINO VALLES-BATALLA DEL SALADO)";440904.484036312;4472013.474017586;-3.69635458315282;40.39662958214169
"URB";6;4528;"31044";"JERONIMA LLORENTE N-S(LENERO-DR.FEDERICO RUBIO Y GALI)";439906.235506277;4478252.632805631;-3.70870631577242;40.45276329758091
"URB";2;4110;"12001";"Po DELICIAS S-N(MURCIA-TORTOSA)";441160.297939125;4472983.041127855;-3.69343001544052;40.4053820556848
"URB";2;4088;"11017";"DIVINO VALLES O-E(EMBAJADORES-Po DELICIAS)";440954.161463337;4471977.892833827;-3.69576594844283;40.39631257198277
"URB";2;4111;"12003";"Po DELICIAS O-E(BATALLA DEL SALADO-Po DELICIAS)";441039.551002067;4472853.096732609;-3.69484088978588;40.40420290831149
"URB";9;4530;"31052";"VILLAAMIL N-S(SANCHEZ PRECIADO-OFELIA NIETO)";439882.116800961;4479434.040241831;-3.70910262387875;40.46340413977934
"URB";6;4531;"31053";"VILLAAMIL S-N(SAN RESTITUTO-CAMINO CHORIILLO)";439833.472835079;4479584.838879102;-3.70969064524755;40.46475907094615
"URB";16;11011;"55099";"Av. Machupichu - Av. Papa Negro-Av. Piceas";447093.451972365;4478598.163191782;-3.62397890124911;40.45636459570034
"URB";16;11277;"72408";"Av. Manuel Fraga Iribarne (CARRIL BUS) - Jordi Solé Tura - Secundino Zuazo";448436.665701945;4482827.325687934;-3.60848176299328;40.49454764961659
"URB";16;11012;"55100";"Av. Machupichu - Av. Piceas-Av. Papa Negro";447099.057412174;4478620.354188639;-3.6239146437374;40.45656486134428
"URB";17;5398;"94017";"DOMINGO PARRAGA O-E(PSO. FERROVIARIOS-TRAV. LEGANES)";439198.577986926;4465978.932451149;-3.71587928011571;40.34214449123943
"URB";13;11401;"52040";"Dr Lozano 23 - Fernando Gutierrez-Sierra Toledana";443939.882345752;4472698.931194198;-3.66064951074318;40.40301443533366
"URB";13;11402;"52041";"Baltasar Santos - Puerto de Cotos-Sierra Toledana";444063.632229568;4472640.448363028;-3.65918611258733;40.40249591110874
"URB";2;4117;"12010";"CACERES 9, O-E(BATALLA DEL SALADO-Po DELICIAS)";440989.71486848;4472228.478118408;-3.69537025908639;40.39857249382887
"URB";2;4118;"12011";"JUAN VERA E-O(JUANA DONA-Po DELICIAS)";441150.221775948;4471960.013572826;-3.6934541822846;40.39616538358567
"URB";17;5387;"94003";"SAN EZEQUIEL O-E(CIUDAD FRIAS-AV. REAL PINTO)";439389.633339345;4465025.445248861;-3.71353945370435;40.33356882991251
"URB";17;10932;"94004";"AV. REAL PINTO Ø59 S-N(RESINA - SAN CESAREO)";439678.27338826;4465465.307470022;-3.710183211883;40.33755227659259
"URB";17;5386;"94002";"LAGUNA MARQUESADO E-O(LAGUNA CAMEROS-AV. REAL PINTO)";439556.222095616;4465040.182999943;-3.71157981494242;40.33371367673706
"URB";2;3729;"12005";"PALOS DE LA FRONTERA E-O(Po DELICIAS -BATALLA DEL SALADO)";441099.231908916;4472724.777564616;-3.69412573299928;40.40305116799225
"URB";17;3590;"94008";"AV. REAL  PINTO N-S(SAN CESAREO-MONTEJO)";439581.608579023;4465336.556170383;-3.71130900794635;40.33638541742379
"URB";2;4113;"12006";"Po DELICIAS S-N(BUSTAMANTE-CANARIAS)";441113.692730324;4472509.075943696;-3.69393537484291;40.40110904000046
"URB";2;4114;"12007";"FERROCARRIL O-E(BATALLA DEL SALADO-Po DELICIAS)";440971.012041574;4472481.289819602;-3.69561407655036;40.40084862592351
"URB";17;5396;"94015";"DOMINGO PARRAGA E-O(PZ. GOMEZ ACEBO-AV. REAL PINTO)";439878.851608338;4465963.397947318;-3.70786882086139;40.34205384014732
"URB";17;10931;"94016";"SAN CESAREO Ø40 E-O(SAN ERASMO - AV. REAL PINTO)";439802.872870182;4465491.735803296;-3.70871886775584;40.33779935537805
"URB";2;4115;"12008";"Po DELICIAS S-N(CACERES- GENERAL PALANCA)";441089.851932233;4472236.117652718;-3.69419104477852;40.39864840456146
"URB";2;4116;"12009";"Po DELICIAS S-N(TOMAS BRETON-CACERES)";441078.324132028;4472121.473766929;-3.6943162679868;40.39761481743418
"URB";13;3781;"52406";"El Bosco  - Maruja García Romero-Ramón Pérez Ayala";444495.000444195;4472816.320037718;-3.65411827476165;40.40410913350914
"URB";2;4119;"12012";"Po DELICIAS S-N(ALEJANDRO FERRANT-JUAN VERA)";441052.983556725;4471859.076260452;-3.69459056133553;40.39524921081347
"URB";2;4123;"12016";"GUILLERMO DE OSMA O-E(DOMINGO P.VAL - PL.BEATA Ma ANA JESUS)";440945.242696377;4471722.988938108;-3.69584739540795;40.3940156327418
"URB";14;6126;"52401";"Camino Vinateros - M-30-Manuel Machado";444017.499163461;4473554.805008512;-3.6598101694155;40.41072985599135
"URB";3;4155;"13001";"ALFONSO XII N-S (ANTONIO MAURA-MENDEZ NUNEZ)";441543.309313536;4474203.759778348;-3.68902866179134;40.41640589087276
"URB";17;5403;"94022";"SAN EZEQUIEL E-O(AV. REAL PINTO-VALLE TOBALINA)";439306.551415504;4465032.128445908;-3.71451810404387;40.3336229987467
"URB";2;4124;"12017";"EMBAJADORES N-S(TOMAS BORRAS-MIGUEL ARREDONDO)";440966.869779652;4471877.18571966;-3.69560687409476;40.39540625088918
"URB";3;3758;"13002";"JUAN DE MENA O-E (Po DEL PRADO-ALFONSO XII)";441483.149305166;4474309.234038237;-3.68974742191862;40.41735182764877
"URB";2;4125;"12018";"EMBAJADORES S-N(PL. BEATA Ma ANA JESUS-DIVINO VALLES)";440988.239213597;4471853.951991002;-3.69535293543119;40.39519846377593
"URB";17;10930;"94023";"AV. REAL PINTO Ø54 N-S(VALLE TOBALINA - SAN CESAREO)";439764.909173002;4465620.78194291;-3.70917796564024;40.33895913896959
"URB";3;3759;"13003";"ALFONSO XII S-N (GIRO A ANTONIO MAURA)";441549.541536365;4474149.340726528;-3.68895020719723;40.41591609455457
"URB";17;5401;"94020";"VALLE TOBALINA N-S(MONTEJO-SAN EZEQUIEL)";439225.140462605;4465138.696357875;-3.71548658967742;40.33457710014093
"URB";17;5402;"94021";"VALLE TOBALINA S-N(AV. REAL PINTO-SAN EZEQUIEL)";439229.892866627;4464942.374274616;-3.71541196679556;40.33280886334797
"URB";6;4533;"31055";"CAMINO CHORRILLO N-S (GTA. PIEDRAFITA CEBREROS-VILLAAMIL)";439727.7604546;4479832.593145481;-3.71096101196028;40.46698327340297
"URB";14;6127;"52402";"Alcalde Luis Marichalar - Corregidor Diego Valderrábano-Primavera de Praga";444136.776218704;4473631.867259972;-3.65841122323231;40.41143208967804
"URB";2;4120;"12013";"ALICANTE O-E(JUANA DONA-PL. BEATA Ma ANA JESUS)";441168.369640735;4471738.202686359;-3.6932198593347;40.39416847682931
"URB";2;4122;"12015";"Po DELICIAS S-N(PL. LEGAZPI-PL. BEATA Ma ANA JESUS)";441021.682267301;4471548.156634254;-3.69493057262959;40.39244606792153
"URB";14;6128;"52403";"Primavera de Praga - Corregidor Diego Valderrabano - Alcalde Luis Marichalar";444183.821327456;4473616.339487318;-3.65785541594813;40.4112953627294
"URB";14;9921;"52602";"Camino Vinateros - Corregidor Diego Valderrabano-Manuel Machado";444112.210140215;4473552.772371311;-3.65869379661904;40.41071790921058
"URB";9;4534;"31056";"VILLAAMIL O-E (LATERAL TUNEL SOR ANGELA DE LA CRUZ)";439713.290690439;4479734.193820887;-3.71112233302043;40.46609580507375
"URB";3;3523;"13004";"ALFONSO XII S-N (FELIPE IV-MENDEZ NUNEZ)";441555.498818196;4474130.211357922;-3.68887823652362;40.41574418598812
"URB";6;4535;"31057";"OFELIA NIETO N-S(Po DIRECCION-VILLAAMIL)";440009.158677304;4479399.6654997;-3.70760099821699;40.4631036612092
"URB";14;6466;"52412";"Alcalde Garrido Juaristi - Alcalde Garrido Juaristi-Arroyo Media Legua";444602.881894342;4473860.224998428;-3.65293786440078;40.41352041821887
"URB";10;3702;"95012";"(AFOROS)Pº EXTREMADURA E-O(PTA ANGEL-FRUELA)";438109.7064387;4473892.175301815;-3.72946717983503;40.4133507451771
"URB";3;4156;"13005";"FELIPE IV O-E (Po DEL PRADO-ALFONSO XII)";441467.329825859;4474056.254007006;-3.68991059723404;40.41507174491095
"URB";10;5005;"95011";"Pº EXTREMADURA O-E(PTA. ANGEL-CARAMUEL)(CARRIL ABIERTO)";438219.812080289;4473924.755296594;-3.72817268791341;40.41365241971438
"URB";3;4159;"13008";"ALFONSO XII S-N (CASADO ALISAL-ACADEMIA)";441559.324358886;4473958.351109168;-3.68881736012061;40.41419625114111
"URB";3;4157;"13006";"FELIPE IV O-E (NORTE) (Po DEL PRADO-ALFONSO XII)(NORTE)";441450.136023566;4474091.238410109;-3.69011646249677;40.41538569249754
"URB";3;4158;"13007";"ALFONSO XII S-N (GIRO A  ACADEMIA)";441554.047565831;4473972.594228346;-3.6888808598972;40.41432418979779
"URB";3;3653;"13009";"ALFONSO XII N-S (ALBERTO BOSCH-ESPALTER)";441550.10193227;4473861.143817089;-3.68891712277745;40.41331991122406
"URB";3;3683;"13010";"CASADO ALISAL O-E (Po DEL PRADO-ALFONSO XII)";441448.764566889;4473932.037045695;-3.69011797367169;40.41395143043794
"URB";10;5006;"95014";"(AFOROS)Pº EXTREMADURA O-E(STA. URSULA-JAIME VERA)";438030.719663738;4473845.078945678;-3.73039349482847;40.41292060414453
"URB";10;5019;"95016";"STA. URSULA S-N (DOÑA URRACA-ANTONIO ZAMORA)";438019.702266255;4473770.952363257;-3.73051611869051;40.41225202005434
"URB";2;4102;"11031";"BRONCE E-O(HIERRO-EMBAJADORES)";441412.046935937;4471027.535296744;-3.69028340689437;40.38778358000528
"URB";14;9927;"52601";"Camino Vinateros - M-30-Corregidor Diego Valerrabano";443967.983152515;4473557.791257238;-3.66039399171685;40.41075342614484
"URB";7;4458;"22005";"Rios Rosas, 57 E-O(Agustín de Bethancourt-Modesto Lafuente)";441036.160971507;4477014.726938707;-3.69526673173525;40.44169262308142
"URB";7;9963;"22012";"AGUSTIN DE BETANCOURT N-S (SALIDA TUNEL AZCA-MAUDES)";441050.229418823;4477416.02363742;-3.69513809682151;40.44530868022092
"URB";3;4165;"13017";"AV. CIUDAD BARCELONA E-O(JULIAN GAYARRE-Po INFANTA ISABEL)";441773.664830989;4473039.508575021;-3.68620710386909;40.40593386690736
"URB";3;4166;"13018";"AV. CIUDAD BARCELONA O-E(JUNTO GASOLINERA)";441598.321746894;4473102.737538249;-3.68827921252339;40.40649118445199
"URB";3;3463;"13019";"(AFOROS) Po INFANTA ISABEL E-O(ALFONSO XII-GTA. CARLOS V)";441450.971898296;4473267.876275817;-3.6900308432149;40.40796848913775
"URB";1;7041;"13025";"Po DEL PRADO N-S(ZORRILLA-PLAZA DE LAS CORTES)";441099.384288291;4474296.961768652;-3.69426947082699;40.41721419997073
"URB";3;4172;"13026";"PLAZA LEALTAD E-O(ANTONIO MAURA -Po DEL PRADO)";441259.422230014;4474169.941782731;-3.69237148308414;40.41608125279435
"URB";7;3717;"23003";"ISAAC PERAL S-N (DONOSO CORTES-CEA BERMUDEZ)";439109.879955257;4476544.134205726;-3.71793353447964;40.43731450235531
"URB";7;3397;"23013";"CEA BERMUDEZ O-E (ANDRES MELLADO-GUZMAN EL BUENO)";439455.020612539;4476730.233725494;-3.71388213805252;40.43901616364479
"URB";14;9945;"52603";"Camino Vinateros - Arroyo Media Legua-Arroyo Belincoso";444537.106225296;4473532.173308425;-3.65368448373679;40.41056076047093
"URB";15;10698;"45081";"Hermanos García Noblejas - Villaescusa-Nicolás Salmerón";446987.006636652;4474510.920226308;-3.62489324040339;40.41953754973542
"URB";1;3691;"13028";"(AFOROS) Po DEL PRADO N-S(PL. PLATERIAS-GTA. CARLOS V)";441186.223673116;4473718.573598767;-3.69319248131718;40.41200993482433
"URB";1;4310;"16038";"HORTALEZA, 26 O-E(INFANTAS-SAN MARCOS)";440573.904860473;4474733.946067418;-3.70050376030406;40.42111340422768
"URB";1;4311;"16039";"INFANTAS S-N(PL. VAZQUEZ DE MELLA-HORTALEZA)";440620.808541773;4474698.212557643;-3.69994757112455;40.42079484832527
"URB";3;3464;"13020";"(AFOROS) Po INFANTA ISABEL E-O(ALFONSO XII-RNDA.VALENCIA)";441440.878698815;4473256.480089468;-3.69014873996781;40.40786511654196
"URB";1;4170;"13024";"CRA. SAN JERONIMO N-S(MARQUES DE CUBAS-Po DEL PRADO)";440987.076375303;4474119.913213231;-3.69557674146566;40.41561130398181
"URB";9;4504;"31011";"FRANCOS RODRIGUEZ E-O(STO. ANGEL DE LA GUARDA-POLICIA)";439501.080524138;4478832.952613263;-3.71353939832533;40.45796165431904
"URB";15;5995;"45402";"Dr. Cirajas - José Arcones Gil-Hermanos García Noblejas";445989.156200452;4476302.839395876;-3.63680700550812;40.43561602474048
"URB";15;10124;"46051";"Lopez de Aranda - General Aranaz - Arturo Soria";445780.135255561;4477035.871604923;-3.63933384447635;40.44220598545692
"URB";3;3718;"13029";"(AFOROS) Po INFATA ISABEL N-S(GTA. CARLOS V-ALFONSO XII)";441392.980513057;4473258.49220262;-3.69071339063707;40.40787987201347
"URB";2;4179;"13036";"STA MARIA CABEZA N-S(JOSE ANTONIO ARMONA-PALOS LFRONTERA)";440898.916163641;4472833.058629165;-3.69649627565674;40.40401242392272
"URB";2;3692;"13037";"JOSE ANTONIO ARMONA N-S(SEBASTIAN ELCANO-STA MARIA CABEZA)";440854.655071185;4472941.277177652;-3.69702790487713;40.40498416805762
"URB";2;4180;"13038";"FERROCARRIL O-E(STA MARIA CABEZA-BATALLA DEL SALADO)";440743.732239327;4472501.427772376;-3.69829409146369;40.40101389599067
"URB";2;4326;"30032";"VIRGEN DEL PUERTO(FRENTE)S-N(MANZANARES-SEGOVIA)";438820.256139815;4473840.419748501;-3.72108797317956;40.41293704032923
"URB";1;5116;"30034";"Po VIRGEN DEL PUERTO N-S(GTA. SAN VICENTE-PTE. SEGOVIA)";438846.257275243;4474103.951609222;-3.72080686951624;40.41531296255073
"URB";9;4505;"31012";"FRANCOS RODRIGUEZ O-E (DR.FEDERICO RUBIO-PABLO IGLESIAS)";439579.778829056;4478797.029514896;-3.71260785972169;40.45764377062127
"URB";20;10723;"45083";"Aquitania - Pl. Alsacia-Capri";447218.785392022;4474254.357813213;-3.62213999923655;40.41724101079436
"URB";15;10439;"46064";"Sorzano - San Nemesio - Torrelaguna";444186.285537713;4478068.588364556;-3.65821732585658;40.45140376326464
"URB";15;10839;"46079";"Agastia - Ramirez de Arellano - Emilio Vargas";444549.1103797;4477793.686446618;-3.65391475268927;40.44895158974838
"URB";15;10840;"46080";"Emilio Vargas - Arturo Soria - Agastia";444701.635850945;4477786.473319381;-3.65211555078333;40.44889677046437
"URB";15;11060;"46081";"Asura 83 - Ulises-Bueso Pineda";444596.971260251;4478579.300466763;-3.65341892903538;40.45603199215472
"URB";16;6099;"47039";"Bacares - Cuevas de Almanzora-Golfo de Salónica";443681.734130169;4481029.960729324;-3.66443000638115;40.47804716602718
"URB";15;6100;"47040";"Arturo Soria  - Emeterio Castaños-Manuel Uribe";443612.750853927;4479426.126309951;-3.66510124191258;40.46359440780717
"URB";15;10167;"47041";"Serrano Galvache - Bausa - Arturo Soria";443335.900923631;4480286.090508266;-3.66844334613174;40.47132252467482
"URB";16;10747;"47050";"Avda. San Luis - Julio Dánvila_C.de las Cuevas de Almanzora";443808.248466126;4480480.899847667;-3.66288886690817;40.47310954559263
"URB";16;6104;"47401";"Dulce Chacón - Estación Metro-Ingeniero Emilio Herrera";443795.156677292;4481729.660617854;-3.66315398417483;40.48435805958785
"URB";2;4181;"13039";"EMBAJADORES N-S(STA MARIA CABEZA-GENERAL PALANCA)";440698.963386069;4472392.244426254;-3.69881145355644;40.40002713006566
"URB";2;4182;"13040";"STA MARIA CABEZA N-S(EMBAJADORES-PENUELAS)";440618.849583998;4472452.13823783;-3.69976104544736;40.40056097463732
"URB";2;4184;"13042";"STA MARIA CABEZA S-N(PUENTE DE PRAGA-AGUILON)";440347.564821889;4472041.894943989;-3.70291926151399;40.39684590752505
"URB";2;4185;"13043";"Po DE LA ESPERANZA N-S(GARGANTILLA-STA MARIA CABEZA)";440367.520552369;4472214.945688405;-3.70270033610862;40.39840626484789
"URB";2;4186;"13044";"BATALLA DEL SALADO N-S(PALOS DE LA FRONTERA-CANARIAS)";440945.275278153;4472687.745954859;-3.69593649769297;40.40270666313532
"URB";2;4187;"13045";"PALOS DE LA FRONTERA E-O(BATALLA DEL SALADO-STAMARIA CABEZA)";440923.364906076;4472739.76250979;-3.69619951236237;40.40317370036288
"URB";6;4536;"31058";"Po DIRECCION E-O(ISLA GOMERA-OFELIA NIETO)";440072.06593887;4479353.117098371;-3.70685465558085;40.46268887459505
"URB";8;4553;"32011";"MELCHOR FERNANDEZ ALMAGRO E-O(FERROL-AV. BETANZOS)";439835.303500655;4480790.542563667;-3.70978340126558;40.47562063566297
"URB";15;6101;"47042";"Añastro - Mesena-Arturo Soria";443729.321702083;4479859.736092183;-3.66376480100451;40.46750847167387
"URB";14;6114;"52002";"Camino Vinateros - Arroyo de la Media Legua-Cdor Diego Valderrábano";444246.586999807;4473547.74658118;-3.65710968873215;40.41068164536651
"URB";14;6117;"52005";"Camino Vinateros - Marroquina-Av. Moratalaz";445089.777495035;4473312.229110849;-3.64715212800688;40.40861601499175
"URB";14;6118;"52006";"Camino Vinateros  - Cañada-Av. Moratalaz";445295.183516824;4473155.704842969;-3.64471797663109;40.40721947491926
"URB";14;6119;"52007";"Camino Vinateros - Av. Moratalaz-Cañada";445302.613257426;4473143.125139498;-3.64462933822596;40.40710663764305
"URB";14;6123;"52008";"Av. Moratalaz - Colegio Senara - Av. Moratalaz";445326.613029418;4473298.624417671;-3.64435986847166;40.4085090442011
"URB";14;9946;"52604";"Camino Vinateros - Arroyo Belincoso-Arroyo Media Legua";444513.005387755;4473544.186534193;-3.65396956576749;40.41066737631245
"URB";14;9950;"52608";"Arroyo Media Legua - Santa Irene-Acceso O´Donnell";444764.893126395;4474030.109439741;-3.6510431871597;40.41506160201317
"URB";15;10302;"53017";"AV. Marqués de Corbera - José Luis Arrese - Montejurra";444360.871417575;4474892.136874742;-3.65588041183366;40.42280031389064
"URB";16;6602;"79002";"Av. Niceto Alcalá Zamora - Ana de Austria-María de Portugal";444274.618298154;4483441.021665054;-3.65764772509754;40.49980707207026
"URB";2;3585;"13046";"CANARIAS O-E(BATALLA DEL SALADO-DELICIAS)";440989.514097722;4472607.275809143;-3.69540773726671;40.40198488351968
"URB";2;3586;"13047";"BATALLA DEL SALADO N-S(CANARIAS-FERROCARRIL)";440936.631932532;4472605.895930869;-3.69603075433064;40.40196870341897
"URB";1;4693;"90008";"RONDA DE SEGOVIA N-S(ALGECIRAS-SEGOVIA)";439087.619374651;4473714.366918912;-3.71792489417645;40.41182110893077
"URB";14;9953;"52609";"Corregidor Diego Valderrabano - Alfredo Brañas-Dr. Garcia Tapia";444175.507277417;4473774.972470517;-3.65796731883795;40.41272386061232
"URB";2;4188;"13048";"CANARIAS O-E(STA MARIA CABEZA-BATALLA DEL SALADO)";440848.633202388;4472618.472281329;-3.69706886904517;40.40207575082894
"URB";2;4189;"13049";"BATALLA DEL SALADO N-S(EMBAJADORES-FERROCARRIL)";440914.717813291;4472382.648476398;-3.6962682618685;40.39995602170344
"URB";20;10552;"44045";"Alcalá - Albarracin-Santa Leonor";446212.333790986;4476663.140962498;-3.6342063144256;40.43887628942434
"URB";15;10438;"46057";"Torrelaguna - Acc. M30 - Rafael Bergamin";444024.668210132;4478087.360408169;-3.66012483189027;40.45156200325102
"URB";13;11400;"52039";"Sierra Toledana 29 - Puerto Canencia-Puerto Canfranc";443976.629489606;4472569.881653948;-3.66020512743972;40.40185435620531
"URB";14;10749;"52616";"Camino Vinateros - M-30-Corregidor Diego Valerrabano";443967.044467039;4473549.795299465;-3.66040435022403;40.41068133087687
"URB";14;10751;"52617";"Camino Vinateros - Corregidor Diego Valderrabano-Manuel Machado";444112.086305696;4473560.598712916;-3.6586959434758;40.41078840500292
"URB";15;6147;"53016";"Gutierrez de Cetina  - Vital Aza-Ascao";445566.328389296;4475747.760304525;-3.6417444593836;40.43058799416564
"URB";15;6148;"53018";"Emilio Ferrari - Vital Aza-Esteban Collantes";445586.324075376;4475863.653754133;-3.64151865595676;40.43163333597743
"URB";16;11255;"72010";"María de las Mercedes de Borbón - Gta. Antonio Bornet-Av. Secundino Zuazo";447133.852440042;4483038.093339492;-3.62387256114877;40.49636438452114
"URB";8;6601;"79001";"Av. Niceto Alcalá Zamora - Sauceda-María de Portugal";444059.264209567;4483604.833111654;-3.6602035514912;40.50126826453862
"URB";15;6158;"53028";"Av. Daroca - Av. Francisco Largo Caballero-Lago Constanza";445301.547668555;4475255.553666697;-3.64482354755103;40.42613655072345
"URB";15;6159;"53029";"Av. Trece Rosas  - Av. Trece Rosas-Pl. Agustín González";445119.49083493;4475284.902271986;-3.64697216442029;40.42638894971712
"URB";2;3466;"13052";"SANTA MARIA CABEZA N-S(MARTIN SOLER-CANARIAS)";440784.9578701;4472672.262444275;-3.6978242016581;40.40255579387643
"URB";2;3467;"13053";"BERNARDINO OBREGON N-S(PALOS FRONTERA-STA Ma CABEZA)";440723.765324084;4472615.406707427;-3.69853998462544;40.40203925465254
"URB";2;4194;"13054";"(AFOROS) STA. MARIA CABEZA S-N(PENUELAS-EMBAJADORES)";440579.578151878;4472382.066862822;-3.70021725587493;40.3999269349453
"URB";2;4195;"13055";"CACERES O-E(STA.Ma CABEZA-FERNANDO POO)";440529.362207838;4472282.037083292;-3.70079962038584;40.3990222314952
"URB";2;4196;"13056";"PENUELAS N-S(CARVAJALES-STA.Ma CABEZA)";440493.344779386;4472309.803871253;-3.70122661351595;40.39926979572243
"URB";2;4197;"13057";"Po DELICIAS S-N(TORTOSA-MENDEZ ALVARO)";441170.966309486;4473090.699231273;-3.69331424810006;40.40635264849984
"URB";15;6138;"53007";"Francisco Villaespesa  - Salas Barbadillo-Ezequiel Solana";445324.346563472;4475600.52215158;-3.64458446297167;40.42924571998916
"URB";15;6139;"53008";"Francisco Villaespesa - Berastegui-Ezequiel Solana";445462.550573207;4475632.807360625;-3.64295800987368;40.42954563567904
"URB";15;6141;"53010";"Ascao - Emilio Ferrari-Gutierre de Cetina";445652.160583855;4475713.955342918;-3.6407297125407;40.43028907232985
"URB";15;6143;"53012";"Ascao  - José Arcones Gil-Luis Ruíz";445935.426633657;4475866.964868373;-3.63740338003119;40.43168592873317
"URB";15;6150;"53020";"Ascao - Emilio Ferrari-Luis Ruíz";445754.754045714;4475747.691618711;-3.63952314527732;40.43059968457692
"URB";15;10300;"53021";"Poeta Blas de Otero - Poeta Blas de Otero-María Teresa Sáenz de Heredia";444426.092155;4474749.226971282;-3.65509914077896;40.42151726115002
"URB";15;3648;"53030";"Salida Cementerio - Cementerio-Av. Daroca";445249.533996631;4475242.012547833;-3.64543551806178;40.42601114327314
"URB";1;7139;"13728";"(AFOROS) Po DEL  PRADO N-S(PL. PLATERIAS-GTA. CARLOS V)";441180.388137766;4473711.059323631;-3.69326056079676;40.41194183013263
"URB";16;11000;"55094";"Av. Machupichu - Silvano-Pl. Manuel Rodrigo";446247.129661638;4479101.654986578;-3.63400247389845;40.46084600975068
"URB";16;6277;"55407";"Sotillo - Sotillo-Av. Madroños";445981.355939655;4478654.564426755;-3.63709898030452;40.45680114641425
"URB";3;4171;"13060";"Pº DEL PRADO S-N (NEPTUNO-PL LEALTAD)";441157.38232994;4474202.895412455;-3.69357718581224;40.41637090694396
"URB";3;5080;"13061";"PSO. REINA CRISTINA O-E(ANDRES TORREJON-PL. MARIANO DE CAVIA)";442168.182114747;4473157.520300634;-3.68156868856319;40.40702447743418
"URB";2;11206;"13500";"STA. Ma CABEZA N-S(PM13030+13032) LATERALES TUNEL";440935.923848571;4472889.486441028;-3.69606541322589;40.40452338031195
"URB";2;7136;"13700";"(AFOROS) STA Ma CABEZA N-S (LATERAL DRCHO.-IZQDO-TUNEL)";441089.264767075;4473105.918624081;-3.69427846215536;40.40648397517939
"URB";3;7137;"13719";"(AFOROS) Po INFANTA ISABEL E-O(ALFONSO XII-GTA. CARLOS V)";441465.391130768;4473250.219828098;-3.68985929264165;40.40781044481628
"URB";1;7138;"13727";"(AFOROS) Po DEL PRADO S-N(ESPALTER-PL.CANOVA CASTILLO)";441204.405705543;4473833.470778235;-3.69298881671078;40.41304627041145
"URB";15;6144;"53013";"Vital Aza - Luis Ruíz-Emilio Ferrari";445631.70471563;4475951.251585476;-3.64099115849924;40.43242543406402
"URB";15;3649;"53033";"Ezequiel Solana  - Ezequiel Solana-Francisco Villaespesa";445422.953907624;4475547.554500444;-3.64341747930407;40.42877503289218
"URB";16;6301;"56019";"Ctra. Acceso Estación de Hortaleza - Virgen del Carmen-Monovar";444416.58146112;4480594.95365156;-3.65572286250211;40.47417792954375
"URB";16;6331;"56024";"SAnta Adela - Santa Adela - Ctra. Estación de Hortaleza";444820.254427579;4481106.636752116;-3.65100550813601;40.47881433189959
"URB";16;10843;"56049";"Gran Via de Hortaleza - Arroy del Quinto - Andres Obispo";444893.630649707;4479839.307201895;-3.65002977122459;40.46740248775796
"URB";16;11019;"56057";"Aconcagua - M40-Nevado del Cumbal";446615.089531778;4479962.187580528;-3.62973511950433;40.46862186694869
"URB";16;11057;"56061";"Manuel Chaves Nogales - Abizanda-Ctra. Estación de Hortaleza";444603.372370584;4480865.404271059;-3.65354303157334;40.47662675652853
"URB";15;10836;"59039";"Torrelaguna - Av. Badajoz-Condesa de Venadito";444549.644989617;4477144.573706349;-3.65385177946423;40.44310408127483
"URB";20;6468;"66002";"Av. Arcentales - Av. Arcentales-Pl. Grecia";448716.760540017;4476151.300713113;-3.60463709800027;40.43442353643761
"URB";15;10308;"53040";"Av. Márques de Corbera - Gerardo Cordón-José Barbastre";444789.395369368;4475305.398889424;-3.65086511718641;40.42655175370201
"URB";15;6168;"53042";"Luis Ruíz - Braulio Gutiérrez-Francisco Rioja";445899.907829586;4475696.17242167;-3.63780757382439;40.43014502348119
"URB";13;10896;"68016";"Concejo de Trevenga - Sierra de Albarracín-Av. Entrevías";442954.484419718;4470845.354950449;-3.67209529209217;40.38624944283805
"URB";13;10898;"68018";"Av. Entrevías - Mejorana-Sierra de Albarracín";443054.985528584;4470750.058194784;-3.67090277328377;40.38539782976137
"URB";13;10163;"68603";"Av. Entrevías - Calero Pita-Hernández Más";443176.809735918;4470461.085558503;-3.66944181100064;40.38280291242403
"URB";1;7113;"15001";"ALCALA E-O( GIRO A ALCALA) (BARQUILLO-GRAN VIA)";440977.997495172;4474490.762868071;-3.69571815718068;40.41895145403269
"URB";3;4243;"15002";"Po PRADO S-N(PL. CANOVAS DEL CASTILLO-PL. CIBELES)";441174.285938168;4474312.245618864;-3.69338806986965;40.41735718227212
"URB";4;3671;"15003";"(AFOROS) ALCALA E-O(PL. INDEPENDENCIA-PL. CIBELES)";441426.83144164;4474583.694014703;-3.69043647943342;40.41982033673656
"URB";1;4244;"15004";"Po RECOLETOS N-S(PRIM-PL. CIBELES)";441290.060324466;4474762.337246665;-3.69206506155712;40.42142000362004
"URB";1;4245;"15005";"BARQUILLO N-S(INFANTAS-ALCALA)";440986.674917128;4474579.804968918;-3.69562414177091;40.41975420367437
"URB";15;6162;"53034";"Ezequiel Solana  - Servando Batanero- Francisco Villaespesa";445339.701583412;4475680.323890368;-3.64441031177891;40.42996562793294
"URB";15;6163;"53035";"Ezequiel Solana  - Ezequiel Solana-Vital Aza";445266.500861428;4475807.939111372;-3.64528423862975;40.43111044377741
"URB";15;6164;"53036";"Vital Aza - Gutierre de Cetina-Ezequiel Solana";445352.812401632;4475803.23946815;-3.64426631999551;40.43107378169788
"URB";15;10301;"53038";"José Luis Arrese - Av. Marqués de Corbera-Travesía José Luis Arrese";444361.098517385;4474833.117741644;-3.65587257097076;40.42226865216873
"URB";15;6166;"53039";"Av. Marqués de Corbera - Ricardo Ortíz-Montejurra";444499.262542278;4475022.944763017;-3.65426055969833;40.42398794648557
"URB";13;10899;"68019";"Av. Entrevías - Mejorana-Sierra de Albarracín";443058.894528119;4470747.452195094;-3.67085648913209;40.38537462056956
"URB";1;4246;"15006";"ALCALA E-O(PL. CIBELES-BARQUILLO)";441111.516886231;4474525.018256452;-3.694147587108;40.41926950255812
"URB";1;4247;"15007";"ALCALA E-O(GIRO A GRAN VIA)(BARQUILLO-GRAN VIA)";440976.366510807;4474496.66156387;-3.69573792837391;40.41900447665267
"URB";1;4248;"15008";"ALCALA E-O(GRAN VIA-CEDACEROS)";440838.254423386;4474444.762821679;-3.69736097546605;40.41852714031295
"URB";1;4249;"15009";"ALCALA O-E(BARQUILLO-CIBELES)";441021.876510141;4474492.359620712;-3.69520112023158;40.41896894937779
"URB";1;4250;"15010";"ALCALA O-E(CEDACEROS-GRAN VIA)";440775.542364975;4474413.752251533;-3.69809724570451;40.41824332145983
"URB";1;4251;"15011";"CEDACEROS S-N(CARRERA SAN JERONIMO-ALCALA)";440739.623649385;4474344.737931618;-3.69851417100618;40.417619050345
"URB";1;4252;"15012";"ALCALA E-O(CEDACEROS-PELIGROS)";440705.029434562;4474391.84667987;-3.69892630295848;40.41804096434825
"URB";15;6169;"53043";"Francisco Rioja - Francisco Rioja-Luis Ruíz";445823.638071841;4475687.197885115;-3.63870593058616;40.43005921183632
"URB";15;6178;"53052";"Nicolás Salmerón  - Villaescusa-Francisco Largo Caballero";446082.492909107;4474856.993750237;-3.63558396424021;40.42259706880201
"URB";13;10162;"68605";"Av. Entrevías - Benemeji-La Mancha";443292.181262806;4470266.107677511;-3.66806533865411;40.38105429614717
"URB";20;6523;"71024";"Cronos - Miguel Yuste-San Romualdo";447282.714516437;4476272.861718946;-3.6215538690808;40.43542896960795
"URB";20;10478;"71050";"Albasanz - Santa Leonor-Alfonso-Gómez";446685.695997998;4476462.740569747;-3.62860844169608;40.43710145059426
"URB";20;10543;"71055";"Av. 25 de Septiembre -  Pl. de las Olivas - Marquesado de Sta. Marta";446932.037257436;4477496.988951305;-3.62579048620833;40.44643431049597
"URB";20;10544;"71056";"Puente de Felipe Juvara - Grta. Yucatan - Juan Ignacio Luca de Tena";446888.470400486;4477807.821669545;-3.6263302024851;40.44923168483624
"URB";15;10305;"53055";"Av. Marqués de Corbera - Montejurra-Ricardo Ortíz";444512.458203699;4475044.248112337;-3.65410687364582;40.42418073896186
"URB";1;4287;"16009";"GENERAL MITRE E-O(ALAMO-GRAN VIA)";439780.63654527;4474975.009127191;-3.70987681148949;40.42322797774631
"URB";15;10304;"53056";"Av. Marqués de Corbera - Montejurra-Ntra. Sra. del Villar";444559.085713894;4475074.495424877;-3.65355988325107;40.4244563318344
"URB";16;11241;"72006";"Av. de Secundino Zuazo - Josefina Aldecoa-Josefina Aldecoa";447941.877507524;4482952.386395385;-3.61433055231595;40.49564337243388
"URB";3;7091;"15308";"(MICRO) PL. CIBELES S-N (DELANTE G.12 )(GIRO IZQDA)";441221.564775162;4474529.940731691;-3.69285094334173;40.41932162707476
"URB";1;7101;"16004";"CUESTA SAN VICENTE O-E(Po DEL REY-ARRIAZA)";439111.011125537;4474645.559578598;-3.71773834940578;40.42021141830657
"URB";9;4284;"16006";"PL. ESPANA N-S(SAN LEONARDO-CUESTA SAN VICENTE)";439635.038464069;4475072.496016044;-3.71160227750105;40.42409563248054
"URB";1;4289;"16011";"GRAN VIA, 59 N-S(ISABEL LA CATOLICA-SAN BERNARDO)";439853.487316086;4474857.666994612;-3.70900699692898;40.42217617628355
"URB";1;4290;"16012";"ISABEL LA CATOLICA O-E(PL. SANTO DOMINGO-GRAN VIA)";439832.269427536;4474804.407551427;-3.70925205605727;40.4216948571036
"URB";15;10307;"53053";"Santa Genoveva - Santa Genoveva-Av. Trece Rosas";445059.893464871;4475300.004286828;-3.64767600491721;40.42652106352826
"URB";15;10303;"53054";"Av. Marqués de Corbera - Poeta Blas de Otero-San Vidal";444451.835596946;4474973.948440238;-3.65481532891465;40.42354339552453
"URB";9;4285;"16007";"CUESTA SAN VICENTE O-E(GRAN VIA-FERRAZ)";439636.390335292;4474962.837480948;-3.71157593238439;40.42310787765686
"URB";9;4286;"16008";"PL. ESPANA S-N(REYES-SAN LEONARDO)";439670.54596838;4475031.4390451;-3.71117983837642;40.42372834842241
"URB";15;10447;"53062";"Francisco Villaespesa - José María Pereda-Hermanos Machado";445042.418145101;4475566.531943798;-3.64790504546196;40.4289209391064
"URB";15;10453;"53063";"Fco. Villaespesa - Ledesma-José María Pereda";445118.3760922;4475578.452538235;-3.64701064658555;40.42903334120593
"URB";21;11224;"72002";"Av. Manuel Fraga Iribarne - P.P.-Gta. Javier Bellosillo";448448.212399886;4482359.523489737;-3.60830745407683;40.49033415911018
"URB";15;6183;"53405";"Francisco Villaespesa - Francisco Villaespesa-Lago Constanza";445228.610270616;4475591.69045288;-3.64571229234013;40.42915986109627
"URB";16;11240;"72014";"Av. Secundino Zuazo - Josefina Aldecoa-CésarCort Boti";447995.582742537;4482930.561998819;-3.61369502758714;40.49545013414861
"URB";16;11227;"72024";"José Antonio Fernández Ordóñez - Gustavo Pérez Puig-Gta. Javier Bellosillo";448510.738725302;4482480.862660525;-3.60757954590722;40.49143112738182
"URB";16;11228;"72025";"José Antonio Fernández Ordóñez - Av. Juan Antonio Samaranch-Gta. Javier Bellosillo";448362.570645546;4482443.661899223;-3.6093248222827;40.49108679893155
"URB";1;3672;"16022";"GRAN VIA,52 S-N(SILVA-LIBREROS)";440011.261477149;4474733.591895796;-3.70713558564493;40.42106984097788
"URB";1;10387;"16024";"GRAN VIA, 40 E-O (CONCEPCION ARENAL-MIGUEL MOYA)";440185.47705009;4474644.892362802;-3.70507377153336;40.42028333612961
"URB";1;4301;"16026";"GRAN VIA, 34 E-O(MESONERO ROMANOS-CONCEPCION ARENAL)";440262.350209516;4474637.231317945;-3.70416696155056;40.42021984412868
"URB";1;10678;"16031";"CLAVEL, 1 S-N (CABALLERO DE GRACIA - GRAN VIA)";440637.264853734;4474540.560348328;-3.69973888649004;40.41937581671128
"URB";1;4306;"16034";"(AFOROS)GRAN VIA, 19 O-E(MONTERA-PELIGROS)";440558.755682625;4474602.578446439;-3.70067004493819;40.41992890074402
"URB";15;6179;"53401";"Av. Marqués de Corbera - Santa Prisca-Teresa Sáinz Heredia";444743.379873965;4475259.320327265;-3.65140354527155;40.42613359744441
"URB";1;10388;"16027";"GRAN VIA S-N (GIRO A JACOMETREZO)";440134.953186253;4474645.708342151;-3.70566936408025;40.4202870535545
"URB";1;4303;"16029";"TRES CRUCES S-N(PL.DEL CARMEN-GRAN VIA)";440376.99271288;4474553.768727807;-3.7028078669955;40.41947619628303
"URB";1;3731;"16030";"SALUD S-N(PL. DEL CARMEN-GRAN VIA)";440346.262513091;4474554.684317784;-3.70317016009733;40.41948224196273
"URB";15;6180;"53402";"Francisco Villaespesa - Ledesma-Francisco Villaespesa";445080.337011439;4475569.626605815;-3.64745830740889;40.42895132181311
"URB";15;6182;"53404";"Francisco Villaespesa - Francisco Villaespesa-Ledesma";445121.998772152;4475571.715409656;-3.6469673590555;40.42897288839261
"URB";9;4340;"17004";"Po MORET  O-E(MARTIN DE LOS HEROS-PRINCESA)";438860.366720657;4476220.973995658;-3.72084414367778;40.43438503701777
"URB";9;4341;"17005";"PRINCESA S-N(MELENDEZ VALDES-PL. MONCLOA)";439100.55239806;4476080.560276797;-3.71799908022174;40.43313775330696
"URB";9;3746;"17008";"BENITO GUTIERREZ O-E(TUTOR-PRINCESA)";439056.202522633;4475944.218857944;-3.71850884908963;40.43190628443578
"URB";15;6192;"53414";"San Marcelo - San Marcelo-Ricardo Ortíz";444160.220124801;4475361.963291501;-3.65828682577675;40.42701932382008
"URB";9;4342;"17006";"MELENDEZ VALDES E-O(ARCIPRETES DE HITA-PRINCESA)";439150.064921039;4476085.86195717;-3.71741588298826;40.43318913684132
"URB";15;6186;"53408";"Francisco Villaespesa - Berastegui-Ezequiel Solana";445398.521307169;4475619.027021401;-3.64371164087567;40.42941729428046
"URB";15;6187;"53409";"Francisco Villaespesa - Ezequiel Solana-Berástegui";445485.833791624;4475628.096358962;-3.64268312955222;40.42950472248658
"URB";15;6189;"53411";"Pl. Villaflor - Vital Aza-Ascao";446071.47106526;4475963.80326455;-3.63580777160876;40.43256713598016
"URB";16;11409;"72038";"Acceso JA Samaranch (en carrril dcho desde Antonio Perpiñá) - Antonio Perpiña-Intercambiador";447726.621211025;4481611.493116843;-3.61676002424102;40.48355038468348
"URB";21;11412;"72041";"JA Samaranch - Fernando Higueras-MAria Reiche";448002.077093707;4481989.703623704;-3.61354119307326;40.48697480136072
"URB";21;11415;"72046";"Maria Reiche 8 - Carlos Fdez Casado-JA Samaranch";448153.628771886;4482059.812981925;-3.61175881489759;40.48761586210642
"URB";16;11414;"72047";"Maria Reiche - Maria Mercedes Borbón-JA Samaranch";447993.548726617;4482155.604596556;-3.61365542917725;40.48846878994345
"URB";7;3745;"17007";"PRINCESA S-N(BENITO GUTIERREZ-MELENDEZ VALDES)";439139.41859701;4476005.314861586;-3.71753368004929;40.43246275590057
"URB";15;6190;"53412";"Luis Ruíz - Luis Ruíz-Braulio Gutiérrez";445981.497206363;4475572.886018533;-3.63683526385271;40.42903969112037
"URB";7;3747;"17009";"RODRIGUEZ SAN PEDRO E-O(GAZTAMBIDE-PRINCESA)";439275.27888479;4475940.673689662;-3.71592585827455;40.4318903707222
"URB";9;4343;"17010";"PRINCESA N-S(ALTAMIRANO-MARQUES DE URQUIJO)";439213.27905088;4475853.073639818;-3.71664838556904;40.43109670378006
"URB";15;6184;"53406";"Francisco Villaespesa - Francisco Villaespesa-Salas Barbadillo";445273.033662356;4475594.397071121;-3.64518883945858;40.42918716758394
"URB";19;3695;"54012";"San Cipriano  - Jardín de la Duquesa-Lago Leman";448677.695417784;4472777.333235559;-3.6048253950767;40.4040262511688
"URB";21;11213;"72401";"Acceso Gta.Jose  Antonio Corrales (Carril BUS)  - Fernando Higueras-Jose  Antonio Corrales";448433.87420237;4481807.727964359;-3.60843174195551;40.48536240086714
"URB";9;4351;"17019";"PRINCESA, 39 N-S(QUINTANA-REY FRANCISCO)";439366.34389664;4475569.106446518;-3.71481686627888;40.42854977705985
"URB";9;4352;"17020";"EVARISTO SAN MIGUEL O-E(TUTOR-PRINCESA)";439363.416460796;4475417.790303052;-3.71483694299077;40.42718644247076
"URB";9;4354;"17021";"(AFOROS) PRINCESA N-S(VENTURA RODRIGUEZ-PL.ESPANA)";439525.685685714;4475273.356581862;-3.71291037408276;40.42589713184292
"URB";16;6619;"79026";"Av. Burgos - Francisco Pi y Margall-Av. Burgos";443566.579367962;4482979.172224412;-3.66596203107919;40.49559868955142
"URB";7;4346;"17013";"PRINCESA S-N(ALBERTO AGUILERA-RRODRIGUEZ SAN PEDRO)";439229.153112277;4475839.119878527;-3.71645991725651;40.43097216227667
"URB";9;4347;"17014";"MARQUES DE URQUIJO E-O(PRINCESA-TUTOR)";439193.676416239;4475785.149179548;-3.71687297699782;40.43048337871669
"URB";9;4348;"17015";"PRINCESA, 41 N-S(BUEN SUCESO-QUINTANA)";439297.368567926;4475689.158208409;-3.71564142767968;40.42962622449136
"URB";1;3621;"17016";"SERRANO JOVER E-O(ALBERTO AGUILERA-PRINCESA)";439403.837709898;4475697.111035875;-3.71438708194444;40.42970562956945
"URB";9;4349;"17017";"PRINCESA S-N(SEMINARIO DE NOBLES-SERRANO JOVER)";439398.273295113;4475524.09204406;-3.71443618370974;40.42814659451175
"URB";9;4350;"17018";"PRINCESA S-N(SERRANO JOVER-ALBERTO AGUILERA)";439332.710006187;4475647.020989427;-3.71522078630474;40.42924921257728
"URB";19;6198;"54006";"Av. Daroca  - Calahorra-Casalarreina";447918.70186403;4473109.878678654;-3.61379674603957;40.4069749056278
"URB";19;6201;"54009";"Av. Daroca - Calahorra-Camino Viejo de Vicálvaro";448134.841876093;4472893.738608999;-3.61123198212738;40.40504126789467
"URB";19;6202;"54010";"Camino Viejo de Vicálvaro - Calahorra-San Cipriano";448173.705224322;4472804.693483034;-3.61076675068142;40.40424151091795
"URB";9;4355;"17023";"VENTURA RODRIGUEZ E-O(PRINCESA-TUTOR)";439484.30307355;4475293.748957638;-3.71340012422775;40.42607782619329
"URB";9;4358;"17026";"ROMERO ROBLEDO, 21 E-O(MENDIZABAL-FERRAZ)";438815.522347756;4475913.913714979;-3.72134326509775;40.43161561397297
"URB";9;4359;"17027";"FERRAZ, 95  S-N(BENITO GUTIERREZ-ROMERO ROBLEDO)";438766.501000706;4475834.32274833;-3.72191349842135;40.43089501834766
"URB";9;4360;"17028";"PINTOR ROSALES N-S(BENITO GUTIERREZ-ALTAMIRANO)";438699.344272618;4475728.101364504;-3.72269494052887;40.42993318586107
"URB";9;4361;"17029";"MARQUES DE URQUIJO E-O(PINTOR ROSALES-FERRAZ)";438822.587745987;4475623.065458586;-3.72123198074574;40.42899605166136
"URB";9;4362;"17030";"FCO. Y JACINTO ALCANTARA E-O(Po CAMOENS - PINTOR ROSALES)";438674.181593313;4475634.921242489;-3.72298258046683;40.42909192610325
"URB";9;3565;"17031";"FERRAZ S-N(BUEN SUCESO-MARQUES DE URQUIJO)";438976.041650741;4475546.752442728;-3.71941569378089;40.42831986302829
"URB";19;6206;"54018";"Villablanca  - Los Manantiales-Paseo Artilleros";448384.584851852;4473342.68140757;-3.6083253257162;40.40910116079309
"URB";19;6207;"54019";"Villablanca  - Villajimena-Los Manantiales";448704.28381974;4473169.563609723;-3.60454368477071;40.407561362454
"URB";9;4363;"17032";"MARQUES DE URQUIJO E-O(FERRAZ-PINTOR ROSALES)";438862.858874564;4475649.947577554;-3.72075983786193;40.42924117769775
"URB";9;4364;"17033";"PINTOR ROSALES N-S(BUEN SUCESO-QUINTANA)";438929.035200166;4475412.087489123;-3.71995687830428;40.42710329471956
"URB";9;4365;"17034";"QUINTANA E-O(MARTIN DE LOS HEROS-MENDIZABAL)";439177.018334491;4475512.482653569;-3.7170432631813;40.42802586472473
"URB";19;6209;"54021";"Casalarreina  - Cordovín-Ezcaray";448041.272661743;4473371.354711553;-3.61237363322895;40.40933811068204
"URB";19;6210;"54022";"Casalarreina  - Ezcaray-Cordovín";447999.798696442;4473354.347987098;-3.61286101956704;40.40918231334958
"URB";19;6211;"54023";"Calahorra  - Av. Daroca-Camino Viejo de Vicálvaro";447817.695215839;4472957.987923924;-3.61497462647002;40.40560025011732
"URB";9;4366;"17035";"QUINTANA E-O(FERRAZ-PINTOR ROSALES)";439035.428427493;4475433.362118373;-3.71870475751817;40.42730274910572
"URB";9;4367;"17036";"LUISA FERNANDA E-O(MENDIZABAL-FERRAZ)";439308.397572324;4475202.699761388;-3.71546497334848;40.42524480161887
"URB";9;10647;"17037";"JUAN ALVAREZ MENDIZABAL S-N(PL.ESPANA -V.RODRIGUEZ)";439425.444695869;4475056.706265462;-3.71407135277956;40.42393815836233
"URB";7;4369;"17038";"FERNANDO EL CATOLICO E-O(HILARION ESLAVA-ARCIPRETES DE HITA)";439190.067261564;4476224.560960181;-3.71695756456776;40.43444152112119
"URB";9;4370;"17039";"MARTIN DE LOS HEROS S-N(BUEN SUCESO-MARQUES DE URQUIJO)";439110.382710748;4475660.362470626;-3.71784293762554;40.42935315430847
"URB";19;6208;"54020";"Villablanca   - Villajimena-Viñedos";448709.144398934;4473144.019093798;-3.60448434478991;40.4073315399682
"URB";9;4371;"17040";"MARQUES DE URQUIJO E-O(MARTIN DE LOS HEROS-MENDIZAL)";439044.983984283;4475723.782304811;-3.71861996340501;40.42991967735309
"URB";9;4372;"17041";"REY FRANCISCO E-O(FERRAZ-PINTOR ROSALES)";439119.151890756;4475330.998484889;-3.71770802182542;40.42638674489723
"URB";9;10884;"17049";"FERRAZ N-S (IRUN -VENTURA RODRIGUEZ)";439306.274113412;4475074.477279947;-3.71547776448166;40.42408956270931
"URB";9;10883;"17050";"FERRAZ S-N (VENTURA RODRIGUEZ -LUISA FERNANDA)";439348.109940835;4475044.756686877;-3.71498179138609;40.42382487739309
"URB";16;6221;"55001";"Ctra. Canillas - Carril del Conde-Matapozuelos";444683.014916897;4479391.226507345;-3.65247496053927;40.46335195927631
"URB";9;4373;"17042";"AV.MEMORIA N-S(AV.SENECA-Po MORET)";438839.533828391;4476407.355453645;-3.72110768504955;40.43606250558538
"URB";9;7066;"17043";"ISAAC PERAL N-S(PL. CRISTO REY-DONOSO CORTES)";439117.891378799;4476642.965875922;-3.71784855116664;40.43820540518229
"URB";7;4375;"17044";"DONOSO CORTES E-O(HILARION ESLAVA-ISAAC PERAL)";439215.46372673;4476459.897639045;-3.71668066883464;40.43656338843329
"URB";9;4376;"17045";"PRINCESA N-S(PL. MONCLOA-ROMERO ROBLEDO)";439079.551646845;4476099.434680252;-3.71824846792478;40.43330624388898
"URB";9;4377;"17046";"FERRAZ, 13 S-N(REY FRANCISCO-QUINTANA)";439124.123438562;4475343.026742714;-3.71765056964571;40.42649546440074
"URB";9;10271;"17047";"MARQUES DE URQUIJO E-O(GIRO A P.ROSALES)";438861.444025172;4475644.699157046;-3.72077601182054;40.42919379374536
"URB";9;10338;"17048";"QUINTANA O-E (JUAN ALVAREZ MENDIZABAL-FERRAZ)";439101.341022365;4475470.319935087;-3.71793131915748;40.42764050849289
"URB";9;4481;"30007";"AV. VALLADOLID, 33 N-S(AV.VALLADOLID, 11-TRAFICO)";438208.799721024;4475481.595666293;-3.72845374013803;40.42767626876348
"URB";16;6222;"55002";"Ctra. Canillas - Matapozuelos-Ricardo San Juán";444732.013658934;4479379.820579301;-3.6518960526897;40.46325246982745
"URB";16;6223;"55003";"Ctra. Canillas - Utrillas-Javier Quinto";445398.538179472;4479476.433253184;-3.64404306047407;40.46416687507551
"URB";16;6224;"55004";"Ctra. Canillas - Javier Quinto-Utrillas";445390.555670296;4479481.401700293;-3.64413763884385;40.46421110872919
"URB";9;10878;"17051";"FERRAZ S-N(SALIDA TUNEL A 70MTS LINEA PARADA)";439317.57940074;4475075.174330913;-3.71534457038181;40.42409666667435
"URB";9;7063;"17307";"(MICRO) PRINCESA S-N(DELANTE G.2)";439353.227111295;4475609.704222662;-3.71497536314391;40.42891454315212
"URB";9;7065;"17308";"(MICRO) PRINCESA N-S(DELANTE G. 1 FRENTE G. 2)";439353.193404059;4475594.970106416;-3.71497435484218;40.42878180943472
"URB";9;10986;"30001";"Pº FLORIDA S-N(CTA SAN VICENTE-MOZART)";438858.002993293;4474737.065575592;-3.72072929589826;40.4210171920132
"URB";9;4479;"30002";"Po DE LA FLORIDA, 52 N-S(PTE. REINA VICTORIA-Po FLORIDA 35)";438531.841980301;4475079.337647695;-3.72460680898845;40.42407649304814
"URB";9;3437;"30003";"Po DE LA FLORIDA, 52 S-N(Po FLORIDA 35-MOZART)";438595.345740946;4475017.177460236;-3.7238522597829;40.42352121710581
"URB";9;3438;"30005";"GTA. SAN ANTONIO DE LA FLORIDA O-E(GIRO A SAN POL DE MAR)";438457.715331871;4475274.874187063;-3.72549949798955;40.42583248775367
"URB";9;4480;"30006";"AV. VALLADOLID, 25 S-N(TRAFICO- AV.VALLADOLID. 11)";438266.405391592;4475386.149556774;-3.72776541331468;40.42682072808298
"URB";16;6225;"55005";"Ctra. Canillas - Javier Quinto-Torquemada";445709.091417918;4479593.50488661;-3.64039021204721;40.46524186760581
"URB";9;4484;"30012";"(AFOROS) AV. VALLADOLID N-S (AV.MARQUES MONISTROL-LOECHES)";437833.084976468;4476011.920713974;-3.73293454686425;40.43242565342442
"URB";9;3470;"30013";"LOECHES O-E(ANICETO MARINAS-AV. VALLADOLID)";437840.886928654;4475892.897422418;-3.73283093078881;40.43135402827841
"URB";9;4321;"30014";"CUESTA SAN VICENTE E-O(Po DEL REY-GTA. SAN VICENTE)";439048.794951899;4474664.158085716;-3.71847345995203;40.42037440691004
"URB";16;6235;"55015";"Av. de los Andes - Abelias-Pl. Yucatán";446854.118600379;4478124.141379938;-3.62676175517654;40.45207907411118
"URB";16;6236;"55016";"Av. de los Andes - Abelias-Gta. Mar Caribe";447072.970227439;4478308.858113964;-3.62419633032799;40.45375707039906
"URB";9;4322;"30015";"Po DEL REY N-S(IRUN-CUESTA SAN VICENTE)";439079.549892646;4474742.968348403;-3.71811850693261;40.42108661636166
"URB";16;6228;"55008";"Ctra. Canillas - Emigrantes-Torquemada";445928.828396617;4479594.783891011;-3.63779855891915;40.46526771975105
"URB";16;6231;"55011";"Silvano - Algabeño-Av. Machupichu";446011.88699744;4479304.425953669;-3.6367941927796;40.46265742580145
"URB";16;6232;"55012";"Silvano - Av. Machupichu-José Domingo Rus";446246.96158922;4479300.822563129;-3.63402132504541;40.46264020579288
"URB";16;6233;"55013";"Silvano - José Domingo Rus-Av. Machupichu";446243.55029903;4479309.521136572;-3.63406229596819;40.46271834643387
"URB";16;6234;"55014";"Puente Felipe Juvara - A2-Pl. Yucatán";446891.501201907;4477888.494025357;-3.62630120974126;40.44995862035294
"URB";16;6237;"55017";"Av. de los Andes - Mitra-Gta. Mar Caribe";447372.362191027;4478478.820534088;-3.62067972922617;40.45530719908234
"URB";1;4323;"30016";"Po VIRGEN DEL PUERTO S-N(CDAD PLASENCIA-GTA SAN VICENTE)";438899.364025367;4474446.587303606;-3.72021387053287;40.41840347574149
"URB";9;4489;"30019";"MARTIN FIERRO N-S(JUAN HERRERA-OBISPO TREJO)";437927.876097345;4476502.51919724;-3.73186498401247;40.43685223414499
"URB";9;4490;"30020";"MARTIN FIERRO S-N(AV. SENDECA -OBISPO TREJO)";437971.525691907;4476375.73369451;-3.73133799506932;40.43571335816682
"URB";15;6249;"55034";"Asura - Carril del Conde-Moscatelar";444483.879534779;4478750.606125718;-3.65476762255109;40.45756765230281
"URB";16;6250;"55035";"Liceo - Liceo-Silvano";445452.69286526;4478694.37279625;-3.64333711237367;40.45712522940331
"URB";16;3658;"55036";"Silvano - Mosqueda-Haendel";446913.154077468;4479287.219853655;-3.62616284233121;40.4625604970009
"URB";16;11010;"55037";"Av. Machupichu - Av. Papa Negro-Machaquito";447022.728909642;4478749.857730976;-3.62482562045248;40.45772663856253
"URB";16;6254;"55040";"Av. Machupichu - Silvano-Pl. Manuel Rodrigo";446250.163260594;4479104.327442802;-3.63396692171551;40.46087028089214
"URB";16;6255;"55041";"Av. Machupichu - Florencio Castillo-Machaquito";446880.546261903;4478900.758498808;-3.62651508704122;40.45907695902945
"URB";16;3784;"55042";"Av. Machupichu - Av. Piceas-Av. Papa Negro";447095.62265463;4478617.869470414;-3.6239549439771;40.45654225897724
"URB";16;3785;"55043";"Av. Machupichu - Av. Papa Negro-Machaquito";447019.074912256;4478747.080692962;-3.62486848229031;40.45770138852433
"URB";9;7073;"30027";"MARTIN FIERRO S-N(OBISPO TREJO - JUUN HERRERA)";437931.312588682;4476509.230478566;-3.73182512453573;40.43691294843324
"URB";9;11428;"30028";"RIBERA DEL MANZANARES S-N (FONDO DE SACO)";438374.338442886;4475079.559707109;-3.72646339249716;40.42406684233361
"URB";16;6263;"55051";"Machaquito - Machaquito-Av. Machupichu";446900.960635349;4478739.452653;-3.6262608306478;40.45762513231014
"URB";16;6265;"55054";"Av. de los Andes - Mahonia-Mitra";447551.557261431;4478650.662509181;-3.61858065307274;40.45686657655411
"URB";16;6267;"55056";"Av. de los Andes - Gta. Mar Caribe-Abelias";447100.515049862;4478349.691200262;-3.62387490020366;40.45412667126581
"URB";16;6268;"55057";"Av. de los Andes - Pl. Yucatan-Abelias";446882.696777696;4478143.952440256;-3.62642640249103;40.45225936997392
"URB";9;10000;"30403";"(TACTICO) SALIDA POLICIA";438117.261482987;4475620.38955953;-3.72954630804408;40.42891977579561
"URB";9;10467;"30404";"(TACTICO) Loeches O-E(Aniceto Marinas-Av. Valladolid)";437876.200372604;4475915.524155013;-3.7324168432451;40.431560496919
"URB";6;4575;"32043";"AV. ASTURIAS O-E(Po DIRECCION-ROSARIO ROMERO)";440743.905885461;4480367.727382783;-3.69902557170352;40.47187707660515
"URB";16;10150;"55076";"Plaza Andrés Jáuregui - Ramón Power-Silvano";446613.532372736;4479361.262577601;-3.62970292688021;40.46320831592865
"URB";16;10147;"55077";"Silvano - Haendel-Francisco Mosqueda";446839.806560882;4479296.719219455;-3.62702872771928;40.46264138283885
"URB";16;10169;"55080";"Emigrantes - Torquemada-Tribaldos";445971.724487072;4479867.103024483;-3.6373157943888;40.46772370170959
"URB";16;10752;"55083";"Torquemada - Valdespina-Ctra. Canillas";445758.35602257;4479660.600894143;-3.63981487974151;40.46584952072266
"URB";16;10346;"55084";"Pegaso - Agustín Calvo-Ctra. Canillas";444956.354918414;4479430.330576204;-3.64925444899784;40.46372238175594
"URB";16;11001;"55095";"Av. Machupichu - Pl. Manuel Rodrigo - Antonio Larrazabal";446489.668389926;4479082.622689697;-3.6311403470381;40.46069021105288
"URB";6;4576;"32044";"AV. ASTURIAS O-E(SINESIO DELGADO -Po DIRECCION)";440618.162118038;4480473.119097218;-3.70051869269441;40.47281750622608
"URB";6;3738;"32046";"AV. ASTURIAS E-O(CANAVERAL-MONTOYA)";441038.47001343;4480096.277536632;-3.69552570470944;40.46945270912435
"URB";6;4577;"32047";"AV. ASTURIAS E-O(SOROLLA -Po DIRECCION)";440894.446272494;4480236.10188888;-3.69723755470007;40.47070206765137
"URB";6;4578;"32048";"(AFOROS) AV. ASTURIAS O-E(MAGNOLIAS -CEDROS)";441277.629612023;4479885.542538667;-3.69268520608576;40.46757126256593
"URB";6;4579;"32049";"AV. ASTURIAS O-E(BASCONES -CANAVERAL)";441108.968590737;4480014.334397914;-3.69468653651591;40.46871953296322
"URB";6;4580;"32050";"(TACTICO) MAGNOLIAS S-N (DELFIN-AV. ASTURIAS)";441242.681843676;4479871.556224693;-3.69309612379032;40.46744279699674
"URB";16;9969;"57024";"Luis de la Mata - Av Logroño-Galatea";448082.782494641;4477960.054286961;-3.6122592139199;40.45067853455281
"URB";21;6348;"57402";"Av. Logroño  - Av. Logroño-San Severo";450450.730000131;4479575.765160501;-3.58446156523939;40.46537838287674
"URB";21;6350;"57404";"Basella - Burriana-Av. Logroño";450155.896641882;4479346.168620347;-3.5879210832313;40.4632924025149
"URB";21;6351;"57405";"Brezos - Antonio Sancha -Av. Logroño";450017.010988326;4479184.30018207;-3.58954643610566;40.46182585054343
"URB";21;6352;"57406";"Av. Logroño - Joaquín Ibarra-Las Ramblas";449350.275131215;4478846.066635069;-3.59738315209358;40.45873846688531
"URB";6;4581;"32051";"AV. ASTURIAS E-O(PL. CASTILLA-SAN AQUILINO)";441474.077531121;4479780.0778894;-3.69035835104357;40.46663505599389
"URB";6;4582;"32052";"(AFOROS) AV. ASTURIAS E-O(SAN AQUILINO -MAGNOLIAS)";441356.340799391;4479855.786404351;-3.69175404804728;40.46730876708762
"URB";6;10809;"32059";"SAN AQUILINO N-S (SAN BENITO - AVDA. ASTURIAS)";441449.408514135;4479901.843872804;-3.69066055774259;40.46773023654869
"URB";21;11394;"57408";"TÁCTICO - Alhaurín 19 - Arroyomolino-Av. Logroño";450610.348149071;4480629.788544123;-3.58266093243255;40.47488316444844
"URB";15;6363;"59009";"Virgen del Sagrario - Virgen del Portillo-José del Hierro";444850.623520081;4476483.899174945;-3.65024561163103;40.4371723903244
"URB";15;6364;"59010";"Virgen del Sagrario - Virgen de Lluc-Elfo";444984.403075956;4476270.23151113;-3.6486498647131;40.43525641682683
"URB";15;6365;"59011";"Virgen del Sagrario - Virgen de Lluc-José del Hierro";444951.84729411;4476327.220716832;-3.64903862008945;40.43576765236899
"URB";15;6366;"59012";"Hermanos de Pablo    - Virgen del Portillo-José del Hierro";445120.67674808;4476640.437466471;-3.64707522834715;40.43860043715636
"URB";6;10813;"32060";"PSO.DIRECCION O-E (ALVAREZ-AVDA.ASTURIAS)";440593.177447156;4480385.097283629;-3.70080516852548;40.47202278478882
"URB";8;4585;"33001";"Po CASTELLANA N-S(M-30 -AV. MONFORTE DE  LEMOS)";441781.592001983;4480855.900020367;-3.68682996498578;40.47634811840244
"URB";5;4586;"33002";"DANIEL VAZQUEZ DIAZ E-O(MAURICIO LEGENDRE-Po CASTELLANA)";441907.073285706;4480691.834203299;-3.68533467565178;40.47487893255461
"URB";5;4587;"33003";"SALIDA TUNEL PIO XII E-O(MAURICIO LEGENDRE-Po CASTELLANA)";441884.628010157;4480689.685380005;-3.68559925248016;40.47485800477387
"URB";21;6353;"57407";"Jardines de Aranjuez - Paseo Alameda de Osuna-Av. Logroño";448795.071944203;4478309.30016932;-3.60388780203042;40.45386893279077
"URB";8;4590;"33006";"SALIDA TUNEL N-S(Po CASTELLANA)A 90MTS";441752.376365754;4480701.423299246;-3.68716042454187;40.47495448005135
"URB";15;3793;"59031";"Virgen del Portillo - Virgen del Sagrario-Virgen de Loreto";444455.571981163;4476313.480159809;-3.65488833248882;40.43561087341284
"URB";8;4591;"33007";"SALIDA TUNEL N-S(Po CASTELLANA)A 50MTS";441739.577286844;4480643.270484269;-3.68730606604881;40.4744297177874
"URB";8;4592;"33008";"AV. MONFORTE  LEMOS O-E(AV.MONFORTE DE LEMOS-MAGNOLIAS)";441503.565561099;4480813.862841515;-3.69010587112731;40.47594989376625
"URB";8;4593;"33009";"AV.MONFORTE DE LEMOS E-O(Po CASTELLANA-AV.MONFORTE DE LEMOS)";441694.851301896;4480735.551621019;-3.68784215181709;40.47525788554241
"URB";6;4594;"33010";"SINESIO DELGADO O-E(SINESIO DELGADO-Po CASTELLANA)";441639.503901671;4480636.589988615;-3.68848594974689;40.47436251118435
"URB";6;4595;"33011";"SINESIO DELGADO O-E(CARLOS III-MAGNOLIAS)";441474.624999988;4480649.940190715;-3.69043214447258;40.47447117313671
"URB";15;6367;"59013";"Hermanos de Pablo    - Alcalá-Germán Pérez Carrasco";445348.012059122;4476267.749015549;-3.64436285374896;40.43525802641766
"URB";15;6368;"59014";"Hermanos de Pablo - José del Hierro-Virgen del Portillo";445122.788844866;4476649.294279276;-3.64705109133138;40.43868036351186
"URB";15;6369;"59015";"Virgen del Portillo - José del Hierro-Fernández Cano";445154.963461344;4476720.183113072;-3.64667786599511;40.43932109120747
"URB";15;3792;"59030";"Torrelaguna          - Av. Badajoz-General Kirkpatrick";444627.899407519;4477035.818422181;-3.65291960720783;40.44212957171362
"URB";8;4600;"33017";"ARZOBISPO MORCILLO E-O(ACC.TORRES-PEDRO RICO)";441673.75018926;4481249.799764984;-3.6881383686819;40.47988895996914
"URB";8;4601;"33018";"ARZOBISPO MORCILLO E-O(TUNEL A 180M) (ACC.TORRES-PEDRO RICO)";441661.38526862;4481246.032696305;-3.68828389455314;40.47985415608908
"URB";8;4602;"33019";"ARZOBISPO MORCILLO E-O(TUNEL A 80M)(ACC.TORRES-PEDRO RICO)";441620.445810919;4481263.098738341;-3.68876843988931;40.48000501661631
"URB";8;4603;"33020";"PEDRO RICO S-N(AV.MONFORTE DE LEMOS-ARZOBISPO MORCILLO)";441525.105829021;4481183.658264128;-3.6898858682682;40.47928267674433
"URB";8;4604;"33021";"PEDRO RICO N-S(ARZOBISO MORCILLO-AV. MONFORTE DE LEMOS)";441488.918030087;4481181.996319535;-3.69031262858537;40.47926515622203
"URB";8;4605;"33022";"AV.MONFORTE DE LEMOS E-O(Po CASTELLANA-PEDRO RICO)";441481.437052114;4480923.181276063;-3.69037699921298;40.4769331194024
"URB";20;6388;"64001";"Av. Canillejas a Vicálvaro - Alcalá-Néctar";447769.808225766;4476972.185056209;-3.6158686785505;40.44175962423844
"URB";20;6390;"64003";"Av. Canillejas a Vicálvaro - Julián Camarillo-Etruria";447995.653367585;4476432.163700403;-3.6131615856238;40.43690894380943
"URB";20;6404;"64019";"Av. Arcentales - Albadalejo-Av. Canillejas a Vicálvaro";448228.929133575;4476201.94115444;-3.61039252076469;40.4348495134471
"URB";20;6405;"64020";"Av. Arcentales - Albadalejo-Av. Canillejas a Vicálvaro";447977.328213964;4476132.735854097;-3.61335312604052;40.43421037034045
"URB";5;11450;"33030";"Po CASTELLANA S-N(TRONCO)(MAURICE RAVEL-PADRE FCO.PALAU Y QUER)Po CASTELLANA S-N(LATERAL)(MAURICE RAVEL-PADRE FCO.PALAU Y QUER)";441757.221772869;4480522.194385975;-3.68708680784473;40.47334025173852
"URB";5;11451;"33504";"(FICTICIO)Pº CASTELLANA N-S(33005+33030)";441790.030722148;4480657.402567085;-3.68671219766936;40.47456056309883
"URB";5;5598;"61091";"VICTOR DE LA SERNA S-N (URUGUAY-COLOMBIA)";443041.310862804;4478617.706505272;-3.67176853010915;40.45627280876183
"URB";5;5599;"61092";"COLOMBIA E-O (NICARAGUA-VICTOR DE LA SERNA)";443093.266685899;4478692.963953603;-3.67116255138311;40.45695432252745
"URB";5;3773;"61093";"COLOMBIA O-E (PUERTO RICO-VICTOR DE LA SERNA)";442928.208018433;4478694.450166344;-3.67310927280464;40.45695639208343
"URB";5;5600;"61094";"PUERTO RICO N-S (NICARAGUA-COLOMBIA)";442816.024447809;4478755.561889792;-3.67443779298976;40.4574992030805
"URB";20;6406;"64021";"María Sevilla Odiago - Niza-Av. Canillejas a Vicálvaro";448182.793159666;4475973.78056289;-3.61091784236402;40.43279122997527
"URB";20;6407;"64022";"Arcos de Jalón - Pobladura del Valle-Juli García Boutan";448117.390199194;4475462.784938042;-3.61164718428018;40.42818378935629
"URB";20;6408;"64023";"Av. Guadalajara  - Rumania-Marsella";448215.023753967;4474898.081412245;-3.61045024419101;40.42310267002787
"URB";20;6409;"64024";"Suecia - Marsella-Av. Canillejas a Vicálvaro";448202.777731491;4474718.507743597;-3.61057996761845;40.42148419485615
"URB";5;5602;"61096";"URUGUAY E-O (VICTOR DE LA SERNA-PUERTO RICO)";442924.032248424;4478490.913235323;-3.67314021958724;40.45512254943648
"URB";5;5603;"61097";"URUGUAY O-E (PL.REPUBLICA ECUADOR-PUERTO RICO)";442763.979658481;4478493.591902412;-3.67502795865843;40.45513567306723
"URB";20;6410;"64025";"Aquitania - Toscana-Av. Canillejas a Vicálvaro";448072.891040037;4474654.030887646;-3.61210571011841;40.42089525108207
"URB";20;6411;"64026";"Av. Guadalajara  - San Román del Valle-Pl. Alsacia";447227.400526908;4474427.940924519;-3.62205285926661;40.4188053011171
"URB";20;3431;"64028";"Toscana - Aquitania-Av. Guadalajara";448041.874366401;4474682.795401313;-3.6124736583785;40.42115244375553
"URB";20;3529;"64029";"Aquitania - Sarre-Toscana";447990.57674431;4474618.457941572;-3.61307305167;40.42056964669436
"URB";20;10624;"64040";"Luis Aragonés - San Venancio - San Hilario";448648.01668011;4477527.460998495;-3.60555878815039;40.44681658714538
"URB";20;10623;"64041";"Luis Aragonés - Acceso M40 - San Hilario";448706.701452703;4477412.99804861;-3.60485755150528;40.44578905878122
"URB";14;6434;"65019";"Av. Doctor García Tapia - Marroquina-Av. Moratalaz";445527.503916643;4473517.888270549;-3.6420111559672;40.41049747348428
"URB";14;3812;"65021";"Doctor Garcia Tapia 216 E-O - Fobos-Fuente Carrantona";446285.664199048;4473216.976346209;-3.63305062223628;40.40783594332782
"URB";14;6436;"65022";"Av. Doctor García Tapia - Rabat-Fuente Carrantona";446577.565602767;4473164.670927713;-3.62960622308654;40.40738352689879
"URB";14;10677;"65066";"José Bergamín - José Bergamín - Dr. Garcia Tapia";445819.132789139;4473467.779472164;-3.63856996324984;40.41006509643849
"URB";14;3809;"65077";"Hacienda Pavones - Luis de Hoyos Saínz-Valdebernardo";446445.578365088;4472301.280921524;-3.63108901576633;40.39959708961317
"URB";19;11406;"67010";"Av. Miguel Delibes - Ilusión - Diálogo";452716.492252192;4472725.629560365;-3.55722718583644;40.40379963025177
"URB";18;5215;"82016";"Gonzalez Davila - Gamonal-Hormigueras";445815.07522531;4469564.346457438;-3.63828567191814;40.37490025004868
"URB";18;5644;"82028";"San Jaime - Pl. San Jaime-Sierra de Guadalupe";446948.846750348;4470237.632592709;-3.62498691613157;40.38103860570449
"URB";18;5202;"82411";"Sierra Gador - Manuel Velez-Sierra Vieja";447210.578852678;4470114.163800865;-3.62189343762591;40.37994293777155
"URB";19;11407;"67012";"Av. Blas de Lezo - Cerro del Campo - Cerro del Tesoro";453117.041784876;4472942.743174021;-3.55252298744635;40.40577820390082
"URB";19;11425;"67017";"Concejal Victorino Graniza 139 - Imperio Argentina-Miguel Delibes";452548.904499007;4472711.75455976;-3.55920105234664;40.4036650996587
"URB";16;6627;"79402";"Pintor Ignacio Zuloaga - Príncipe Carlos-Av. Niceto Alcalá Zamora";444743.756139383;4481889.950040628;-3.65197624233537;40.48586569566118
"URB";16;10764;"79613";"Niceto Alcalá Zamora - María Tudor-Isabel de Valois";444423.494297503;4483295.501096384;-3.65587809489092;40.49850614443776
"URB";16;10765;"79616";"Ana de Austria - Isabel Clara Eugenia - Príncipe Carlos";444377.567300404;4482950.435129492;-3.65638976614088;40.49539456318874
"URB";18;10787;"82009";"Av. Santa Eugenia - Virgen de las Viñas - Puentelarra";448238.370753842;4470261.776434574;-3.60979803285615;40.38133721241984
"URB";18;5213;"82014";"Camino Hormigueras - Provisional-González Dávila";445877.929617951;4469696.17527031;-3.63755649910276;40.37609193470752
"URB";18;5214;"82015";"Camino Hormigueras - Casas Miravetel-González Dávila";445703.724337405;4469632.785830718;-3.63960311165102;40.37550954999626
"URB";18;5209;"82413";"Real de Arganda - Puerto Reinosa-Torcal";447613.785028399;4470061.539320118;-3.61713934498115;40.37949430600266
"URB";18;5234;"83005";"Arboleda - Arboleda-Ctra. Villaverde a Vallecas";446879.665201495;4470603.046940315;-3.62583235081051;40.38432609440839
"URB";18;9837;"83006";"Ctra. Vicalvaro a Vallecas - Av. Democracia-Bruno Abundez";446794.028061831;4470489.897471998;-3.62683177080133;40.38330130455594
"URB";13;9834;"83007";"Ctra. Vicalvaro a Vallecas - Av. Albufera-Bruno Abundez";446598.50289234;4470459.95114104;-3.62913265642944;40.38301901951676
"URB";13;10157;"83008";"Ctra. Vicalvaro a Vallecas - Bruno Abundez-Cocheron Villa";446664.721704769;4470474.215525887;-3.62835375922113;40.38315176397924
"URB";18;6505;"83021";"Av. Democracia - Gran Vía del Este - Acceso A3";447174.366015405;4471169.806513758;-3.62240755299887;40.38945057939952
"URB";13;11457;"83022";"Av ALbufera giro Izqda - Tranvía Arganda-Calle G";446468.779546801;4470476.013795109;-3.63066221238156;40.38315539819195
"URB";13;11458;"83023";"Albufera - Av Albufera-Cocheron de la Villa";446501.753860192;4470433.019235671;-3.63027014759823;40.3827701927467
"URB";13;11459;"83024";"Albufera-Cocherón de la Villa - Jardinera-Av Abufera";446509.494038508;4470426.52629838;-3.6301784196449;40.38271219702618
"URB";18;9836;"83401";"Bruno Abundez - Bruno Abundez-Ctra. Vicalvaro a Vallecas";446719.260132931;4470458.20047051;-3.62770992826319;40.38301097909761
"URB";8;10413;"76039";"MONASTERIO ESCORIAL E-O (MONTECARMELO - MONASTERIO PAULAR)";440711.047188722;4483960.751028427;-3.69974926868102;40.50424201008389
"URB";10;10392;"80304";"(MICRO)AV. POBLADOS E-O(DELANTE GR-1)";434734.108027834;4471525.591535126;-3.76900755853505;40.39177385653525
"URB";17;10422;"87034";"ESTEFANIA Ø3 S-N (BAÑO-ZAFIRO)";442583.516484445;4466705.697760159;-3.67609290306223;40.34893144273507
"URB";10;7009;"95015";"STA. URSULA S-N";438026.612673905;4473826.158070762;-3.73044005456447;40.41274985108446
"URB";10;4741;"24004";"CJAL. FCO. J. JIMENEZ Ø76 E-O (HURTUMPASCUAL-ALHAMBRA)";436895.947727199;4472512.334740523;-3.74363513828368;40.40082944216223
"URB";10;4742;"24005";"ALHAMBRA Ø23 N-S (CJAL. FCO. J. JIMENEZ -CUART POBLET)";436809.990969673;4472410.094213721;-3.7446378464119;40.39990189851927
"URB";10;4743;"24006";"ALHAMBRA Ø23 S-N (CUART POBLET-CJAL. FCO. J. JIMENEZ)";436817.148294475;4472417.202806147;-3.74455421598405;40.39996647877366
"URB";10;4744;"24007";"ALHAMBRA Ø31 S-N (CERRO MICA-ÁNGEL SANZ BRIZ)";436848.007596086;4472225.743064479;-3.74417160377528;40.39824407024152
"URB";10;4746;"24009";"ALHAMBRA, 94 N-S (CULLERA-GTA. LOS CARMENES)";436869.228492762;4472052.566549932;-3.74390438970892;40.39668563222515
"URB";10;4747;"24010";"GALLUR Ø46 E-O (ESCALONILLA-GTA.CARMENES)";436975.708839387;4471941.579736579;-3.74263878825345;40.39569388059778
"URB";10;4748;"24011";"DUQ. PARCENT Ø3 O-E (M. CASTILLO-GTA.LOS CARMENES)";436785.094310191;4471871.342991763;-3.74487771813298;40.395046711985
"URB";10;4769;"24039";"CEBREROS Ø177 O-E (RUEZA-CARLINA)";436248.181818507;4472821.680153727;-3.75129894841573;40.40356680734084
"URB";10;4771;"24041";"VILLAMANIN,39 N-S (VILLAMANIN-VILLASANDINO)";436059.229328309;4473083.188006683;-3.75355179442439;40.40590808287768
"URB";10;4772;"24408";"(TACTICO) VILLASANDINO Ø41 E-O (PARODIA-VILLAMMANIN)";436092.756108665;4473056.44753655;-3.75315402344338;40.40566976855096
"URB";10;4765;"24410";"(TACTICO)GIRO CEBREROS FRENTE IGLESIA E-S (HIGUERAS-SEPULVEDA)";436552.168069168;4472930.12745457;-3.74772764818508;40.40456696462716
"URB";10;11436;"24500";"CEBREROS E-O(PALMIPEDOS-CARLINA)";436345.188859683;4472877.349384443;-3.75016140543995;40.40407571998777
"URB";12;4802;"25037";"AV. CORDOBA Ø47 S-N(SOCUELLAMOS-TOMELLOSO)";440832.564396191;4470282.685879158;-3.69704122281607;40.38103262302511
"URB";12;4803;"25038";"AV. CORDOBA Ø32 N-S(METRO ALMENDRALES-TOMELLOSO)";440758.408071588;4470519.771182146;-3.69793682661196;40.38316314576097
"URB";12;4794;"25400";"(TACTICO)TOMELLOSO Ø3 O-E(SOCUELLAMOS-AV. CORDOBA)";440765.130941772;4470421.657506655;-3.69784850757031;40.38227976318632
"URB";17;4808;"26001";"AV. ANDALUCIA Ø17 S-N(FELICIDAD-UNANIMIDAD)";441130.801935723;4467917.565413254;-3.69330960124943;40.35974740869778
"URB";10;4768;"24038";"CEBREROS Ø130 E-O (CEBREROS-CARLINA)";436367.779266637;4472884.065451375;-3.74989587428851;40.40413794780121
"URB";17;4823;"26013";"AV. ANDALUCIA Ø7 (S-N(UNANIMIDAD-M-40)";441101.231445617;4468276.008162037;-3.69369093047796;40.36297437975397
"URB";12;3569;"26014";"M-40 E-O (SALIDA-AV. ANDALUCIA)";441253.145315085;4468452.568910697;-3.69191812447818;40.36457565804296
"URB";17;4824;"26015";"M-40 Ø103 O-E (SALIDA-AV. ANDALUCIA)";440963.838374234;4468425.684074086;-3.69532284422419;40.36431302907921
"URB";12;4825;"26016";"AV. ANDALUCIA Ø129 S-N(CONIFERAS-AV. ROSALES)";441071.154859458;4468786.768639373;-3.6940923346877;40.36757347624816
"URB";12;4826;"26017";"AV. ANDALUCIA Ø126 N-S(AV. ROSALES-CONIFERAS)";441055.773923359;4468812.216697243;-3.6942758385642;40.36780163938796
"URB";17;4810;"26003";"AV. ANDALUCIA Ø20 S-N(FRANCISCO PINO-ALCOCER)";441147.248918979;4466861.440907882;-3.69301850249306;40.3502343788743
"URB";17;4812;"26005";"(AFOROS)ALCOCER Ø20 E-O(ARECHABALETA-VIRGEN DESAMPARADOS)";440777.956223248;4466856.472849315;-3.69736633036183;40.35016348743658
"URB";17;4813;"26006";"VIRGEN DESAMPARADOS Ø14 N-S(ANOETA-ALCOCER)";440660.172972124;4466878.326628025;-3.6987552156636;40.35035198871812
"URB";17;4818;"26008";"Pº TALLERES Ø19 O-E(ARROYOBUENO-ALCOCER)";440540.811192423;4466723.528760666;-3.70014623770541;40.34894897975086
"URB";17;4834;"26027";"CRA.VILLAVERD Ø41 E-O(COALICION-VILLAFUERTE)";441547.018615864;4467360.448067958;-3.68835706025351;40.35475784428048
"URB";17;4835;"26028";"VILLAFUERTE, 23 N-S(VILLAJOYOSA-CTRA.VILLAVERDE)";441453.844031362;4467369.243797463;-3.68945503950926;40.35483054615887
"URB";17;7001;"27027";"PSO. FERROVIARIOS TRAS GR-15 N-S(NUÑO GOMEZ-ALBERTO PALACIOS)";439075.913611295;4466180.128853412;-3.71734262949475;40.34394803377492
"URB";17;4845;"27028";"ALBERTO PALACIOS Ø124 E-O (TORDEGRILLOS-PSO. FERROVIARIOS)";439106.529653491;4466103.489149346;-3.71697486171503;40.34325985543311
"URB";17;4846;"27029";"DOMINGO PÁRRAGA Ø13 S-N(DOMINGO PARRAGA-PSO. FERROVIARIOS)";439034.872060939;4465998.413103945;-3.71780847967965;40.34230803894255
"URB";9;10513;"28012";"AV. OSA MAYOR O-E Nº 81 (GLORIETA MARIA REINA - AV. GALAXIA)";433339.22791235;4479041.731081197;-3.78622956331067;40.45937095348771
"URB";8;5893;"42025";"SAN MODESTO S-N(SAN MODESTO-AV. CARDENAL HERRERA ORIA)";440894.481873519;4482324.54859645;-3.69743181141907;40.48951560109017
"URB";8;11031;"42026";"AV. CARDENAL HERRERA ORIA O-E(GINZO DE LIMIA-LAGUNA GRANDE)";439853.331435739;4481861.21884589;-3.70967229889016;40.48526697906156
"URB";8;5894;"42028";"Ventisquero de la Condesa, 2 N-S(Valle Pinares Llanos-Av. Cardenal Herrera Oria)";439366.497216959;4481693.533431862;-3.71540000819024;40.48372099933868
"URB";9;4876;"28013";"CTRA. HUMERA N-S (VIRGEN DE LOS ROSALES - GTA. RIO ZANCARA)";433914.04741661;4478373.183247494;-3.77938086430167;40.45339441694112
"URB";8;11096;"42031";"GINZO LIMIA N-S GIRO IZDA. (AV. CARDENAL HERRERA ORIA-FERMIN CABALLERO)";439998.997530363;4481793.686940281;-3.7079473130909;40.48466916779289
"URB";8;11095;"42032";"GINZO LIMIA S-N GIRO IZDA. (AV. ILUSTRACION-FERMIN CABALLERO)";440109.376430677;4481699.496805526;-3.70663615636009;40.48382863882887
"URB";9;10518;"28009";"HUMERA S-N(ROSASA ARAVACA-RIO NELA)";433667.088353314;4478237.698331701;-3.78227895048964;40.45215426179578
"URB";9;4869;"28015";"CTRA. HUMERA ANTES Ø36 N-S(GOLONDRINA-V. ROSALES)";433865.847252134;4478467.06459782;-3.7799590391489;40.45423629051697
"URB";9;5220;"28032";"ACAMAR Ø6 N-S (ERIDANO-GOLONDRINA)";433346.320286623;4478689.27129625;-3.78610891091709;40.45619648068945
"URB";9;10516;"28010";"ARROYO POZUELO E-O (ENEBRO - BARDEGUERAL)";434653.961780214;4478153.740429774;-3.77063289630504;40.45147611648921
"URB";9;10515;"28011";"ARROYO POZUELO O-E (POLEO - BARDEGUERAL)";434455.299183325;4478144.988653347;-3.77297464043575;40.45138163643054
"URB";8;5892;"42024";"ACCESO M-607 A AV. CARDENAL HERRERA ORIA";440747.246606519;4482494.377909839;-3.69918491012719;40.49103498889493
"URB";8;5898;"42034";"VENTISQUERO DE LA CONDESA ENTRADA TUNEL N-S";439291.698656028;4481813.885698454;-3.71629399822722;40.48479970779962
"URB";8;5899;"42035";"AV. CARDENAL HERRERA ORIA 124 S-N(ACCESO M-607-ISLA DE SICILIA)";440976.095320576;4482410.851672185;-3.69647689636285;40.49029885830874
"URB";9;4886;"28037";"CAROLI ANTES GR-4 S-N (TV. CAROLI - AV. OSA MAYOR)";433462.445183955;4478964.320268547;-3.78476829373197;40.45868349360889
"URB";9;4887;"28038";"AV. GALAXIA ANTES GR-3 S-N (STA. MARTINA - AV. OSA MAYOR)";433420.158288547;4479004.448186676;-3.78527120550016;40.45904158852367
"URB";9;4888;"28039";"PLEYADES Nº 5 N-S (ESTUDIO - TV. PLEYADES)";433516.716414176;4479074.363109675;-3.78413978184764;40.45967912963392
"URB";;6637;"36008";"AV. VICTORIA O-E ANTES PARADA 6257 EMT (T.M. MAJADAHONDA - AV. ESTACION)";429060.790454468;4480822.038420777;-3.83688562997397;40.47505393591909
"URB";9;6638;"36009";"AV. VICTORIA E-O PROX. Nº 23 (MARTIN PESCADOR - DOMINGO GARRIDO)";430514.212062053;4480091.378227109;-3.81966093811826;40.46859491672821
"URB";9;4878;"36010";"CAMINO BARRIAL Nº 63 N-S (F. LAZARO CARRETER - ALMANZORA)";432892.49354996;4479256.815748484;-3.79152083109466;40.46127252739831
"URB";9;4862;"36300";"(MICRO) PLEYADES Nº 19 N-S (ARDALES - ANA TERESA)";433527.510495162;4479247.589407618;-3.78403062401875;40.46124045698237
"URB";9;4863;"36301";"(MICRO) PLEYADES Nº 13 S-N (ESTUDIO - ANA TERESA)";433522.494292592;4479188.701505818;-3.78408361594923;40.46070957946797
"URB";10;10970;"37016";"CAMARENA N126 S-N(CAMAREAN-ILLESCAS)";435865.440440061;4471443.52534773;-3.75567026813733;40.39112244763653
"URB";10;10972;"37017";"ILLESCAS O-E(VALMOJADO-CAMARENA)";435783.186178002;4471560.29212068;-3.75665112851721;40.39216799273985
"URB";11;4929;"38008";"AV. ABRANTES N-S(BESOLLA-AV. POBLADOS)";437533.78830063;4469602.049807386;-3.73583385886012;40.37466037152964
"URB";11;4930;"38009";"AV. POBLADOS O-E(AV. ABRANTES-VIA LUSITANA)";437534.101465796;4469505.110647451;-3.73582067069246;40.37378712108748
"URB";11;4931;"38010";"VIA LUSITANA S-N(HALCONERO REY-AV. POBLADOS)";437593.773274567;4469380.657003516;-3.73510563456973;40.37267045329157
"URB";11;4933;"38012";"AV. POBLADOS E-O(VIA LUSITANA-ABRANTES)";437612.411245439;4469507.238850013;-3.73489849636423;40.37381215825019
"URB";11;10941;"38014";"AV. POBLADOS O-E(PARQUE EUGENIA MONTIJO-CONSUELO GUZMAN)";435970.137509919;4469911.958874168;-3.75428284953354;40.37733350734016
"URB";11;10601;"38015";"(CARRIL BUS) VIA LUSITANA S-N(HALCONERO REY-AV. POBLADOS)";437597.082329752;4469377.48301181;-3.73506634835199;40.3726421082029
"URB";11;4935;"38016";"(AFOROS)EUGENIA MONTIJO N-S(NTRA. SRA. FATIMA-AV. POBLADOS)";436432.60234173;4469937.328152979;-3.74883790683436;40.37759744861929
"URB";11;10940;"38017";"AV. POBLADOS E-O(EUGENIA MONTIJO-CONSUELO GUZMAN)";436133.210044544;4469858.436993004;-3.75235662086882;40.3768638720713
"URB";11;4953;"38035";"EUGENIA MONTIJO N-S(ANTOLIN-NTRA. SRA. FATIMA)";436528.115062902;4470048.423335606;-3.74772390102366;40.37860552331142
"URB";11;11023;"38036";"CARABANCHEL BAJO N-S(SLBOX-AV. POBLADOS)";436657.083245394;4469673.329017574;-3.74616744901951;40.37523631830053
"URB";11;4956;"38039";"JOAQUIN TURINA O-E(POLVORANCA-GUITARRA)";436060.156661796;4469364.645622891;-3.75316759460202;40.37240998155409
"URB";11;4957;"38040";"ANTONIA RGUEZ. SACRISTAN O-E(CARABANCHEL BAJO-GUAYABA)";436513.425795192;4469454.26173925;-3.74783775176866;40.37325193118635
"URB";11;11212;"38043";"AV. CARABANCHEL ALTO S-N (DIEGO TORRES VILLARROEL - JOAQUIN TURINA)";436112.984604291;4469391.476530099;-3.75254805734883;40.37265573701026
"URB";11;4925;"38302";"(MICRO) ALISEDA ENTRADA CRUCE  N-S";436991.238477745;4469496.148480375;-3.74221396445704;40.37366552377748
"URB";10;4928;"38400";"(TACTICO) AV. POBLADOS O-E (GIRO A ERICA)";435668.604184049;4470450.786637735;-3.75788906411022;40.3821642724671
"URB";12;4971;"39017";"AV. POBLADOS O-E (SALADO - EDUARDO BARREIROS)";440748.77568507;4469156.861845454;-3.69792359770742;40.37088463162247
"URB";12;3420;"39018";"EDUARDO BARREIROS S-N (PINSAPO - AV ROSALES)";440882.971441517;4468864.2543766;-3.69631587858377;40.36825818798965
"URB";12;3630;"39052";"SANTUARIO S-N(CRISTO VICTORIA-PIEDRABUENA)";440615.432734437;4470471.021248945;-3.69961658467963;40.38271380249977
"URB";12;3631;"39053";"PIEDRABUENA E-O(TOMELLOSO-SANTUARIO)";440660.797018045;4470520.963218365;-3.69908683153089;40.38316693831543
"URB";8;5897;"42033";"VENTISQUERO DE LA CONDESA SALIDA TUNEL S-N";439353.640600002;4481735.594116868;-3.71555571277157;40.48409895741953
"URB";8;10055;"42037";"MONASTERIO SILOS N-S(CTRA. FUENCARRAL EL PARDO-ACCESO M-40)";439094.717592447;4483154.598878236;-3.71874684442404;40.49686286246736
"URB";8;11264;"42078";"ISLAS ALEUTIANAS S-N(GTA. ISAAC RABIN-MANUEL GARRIDO)";438242.188231016;4480547.877999966;-3.72855287230146;40.47331769411
"URB";8;11265;"42079";"MANUEL GARRIDO O-E(ISLA DE SAIPAN-ISLAS ALEUTIANAS)";438151.142037421;4480603.364765223;-3.72963226624154;40.47381076248836
"URB";12;4782;"48016";"DOLORES BARRANCO E-O(MARIANO VELA-RAFAELA YBARRA)";439708.501996864;4470490.249167382;-3.71030228946574;40.38282188582765
"URB";12;10905;"48017";"AV.CORDOBA S-N(SEBAS. ALVAREZ-GTA.CADIZ)";440680.854956314;4470939.94956752;-3.69888955280527;40.38694281770101
"URB";11;5053;"49021";"GRAL. RICARDOS O-E(REINOSA-NTRA. SRA. LUZ)";436926.217859155;4470465.957571675;-3.7430757947439;40.38239708603002
"URB";11;5054;"49022";"GRAL. RICARDOS O-E(PL. TOROS-CLARA CAMPOAMOR)";437531.703604485;4470829.949361709;-3.73597878150481;40.38572170495643
"URB";11;5070;"50009";"CNO.VIEJO LEGANES S-N(FCO.ICAZA-OPORTO)";438192.684637369;4470771.974791684;-3.72818631803416;40.38524874086616
"URB";11;5071;"50010";"PORTALEGRE S-N(AV. ABRANTES-OPORTO)";438568.23662704;4470708.55654742;-3.72375595207812;40.3847052146405
"URB";12;11030;"50034";"CCTV - MARCELO USERA E-O(SAN MAGIN-PL.ELIPTICA)(CCTV CITYLOG)";439201.676192222;4470760.616737326;-3.71629863211296;40.38522066349408
"URB";11;5093;"50400";"(TACTICO) DR. ESPINA N-S";438097.094234734;4470982.687512417;-3.72933291001487;40.38713984288191
"URB";11;3687;"50401";"(TACTICO) LUIS GOMEZ S-N";438061.823227531;4470965.290158368;-3.72974674549277;40.38698049784269
"URB";11;3573;"50402";"(TACTICO) ARGUESO N-S";438380.904404919;4470842.115761123;-3.72597574948856;40.38589454602382
"URB";11;5123;"51025";"VIA CARPETANA ENTRE CASIMIRO ESCUDERO Y LUIS FEITO SENTIDO S-N";436910.3335458;4471382.070250592;-3.74335363968205;40.39064862927756
"URB";10;5124;"51026";"VIA CARPETANA ENTRE LEÓN V Y L.FEITO N-S";436917.079508909;4471403.214925056;-3.74327625600179;40.39083962056807
"URB";11;10509;"58021";"FARO, 8 N-S(AV. ABRANTES-VIA LUSITANA)";438349.790643767;4470325.126582867;-3.72629226983107;40.3812349582613
"URB";11;10506;"58022";"VIA LUSITANA E-O Ø86 (FARO-CARRERO JUAN RAMON)";438248.313507548;4470088.673536601;-3.72746475323627;40.37909736122738
"URB";8;10235;"73018";"AV. CARDENAL HERRERA ORIA E-O (MARQUES VILLABRAGIMA - DR- GUIU)";437650.946463278;4480975.756308831;-3.73556923336744;40.47712798493352
"URB";8;10232;"73019";"AV. CARDENAL HERRERA ORIA O-E (VICENTE JIMENO - DR- GUIU)";437515.307145325;4480985.44670338;-3.73717028110225;40.47720508448123
"URB";8;10310;"73026";"MARIA DE MAEZTU E-O(SENDA DEL INFANTE-TESESA CLARAMUNT)";438521.319712924;4482657.9811293;-3.72546484788968;40.49234689776714
"URB";8;10309;"73027";"SENDA DEL INFANTE N-S(MARIA DE MAEZTU-ARROYO DEL MONTE)";438599.696644362;4482672.960180249;-3.72454150079714;40.49248763533931
"URB";8;10331;"73028";"MARIA DE MAEZTU O-E(SENDA DEL INFANTE-MARIA CASARES)";438603.978228612;4482743.945680657;-3.72449785845998;40.49312741155944
"URB";8;10319;"73029";"SENDA DEL INFANTE S-N(MARIA DE MAEZTU-GLORIA FUERTES)";438497.308406456;4482770.12113975;-3.72575905027108;40.49335531078322
"URB";8;10406;"73047";"MARIA MONTESSORI E-O(ARROYO DEL MONTE-MARIA DE MAEZTU)";438235.234125114;4482262.78813952;-3.72880195979323;40.48876563883791
"URB";8;10536;"73048";"GLORIA FUERTES O-E (IRENE CABA ALBA-MARIA MONTESORI)";437989.755567346;4482452.324588706;-3.73171683935537;40.49045473946286
"URB";8;6566;"75008";"GLORIETA FUENTE LA CARRA (GIRO E-O AFUERAS VALVERDE)";441842.994997019;4483355.148850544;-3.68633493201887;40.49886663851451
"URB";8;6567;"75009";"NTRA. SRA. VALVERDE N-S (ISLAS VIRGENES - ISLAS JARVI)";441736.963703526;4482852.435412298;-3.68753993460446;40.49433056837528
"URB";8;6568;"75010";"NTRA. SRA. VALVERDE, 7 N-S (ISLAS JARVI - ISLA DE JAVA)";441805.977427798;4482623.169073265;-3.68670452979932;40.49227009103549
"URB";8;6569;"75011";"AV. LLANO CASTELLANO N-S (MANUEL TOVAR - MAURIO LEGENDRE)";441992.632624927;4481962.380398891;-3.68444162001105;40.48633051169377
"URB";8;10293;"75400";"(TACTICO) SALCEDO S-N (SALVATIERRA - LEZAMA)";441334.981993022;4482427.944343337;-3.69224394166413;40.49047827721107
"URB";8;10292;"75401";"(TACTICO) LEZAMA E-O (LLODIO - SALCEDO)";441351.07151248;4482444.517947227;-3.69205563317386;40.49062871547054
"URB";8;7110;"75402";"(TACTICO) MONASTERIO ARLANZA GIRO GR-4";441912.831142837;4484293.571453063;-3.68559689080129;40.50732518883057
"URB";8;10029;"76017";"COSTA BRAVA O-E(MARBELLA-MONASTERIO HUELGAS)";439893.613760265;4483300.691618387;-3.70933357475668;40.49823716114425
"URB";8;10376;"76018";"MONASTERIO BATUECAS N-S(MONASTERIO DE GUADALUPE-AV. SANTUARIO VALVERDE)";440309.156048465;4484157.788635453;-3.70451076351434;40.50598817336176
"URB";8;10377;"76023";"AV. SANTUARIO VALVERDE E-O(MONASTERIO DE GUADALUPE-MONASTERIO DE BATUECAS)";440384.717118511;4484098.702004583;-3.70361344328916;40.50546133451004
"URB";8;10414;"76040";"MONASTERIO PAULAR N-S (SANTUARIO VALVERDE - MONASTERIO ESCORIAL)";440638.18548848;4484010.703583329;-3.70061382961351;40.50468678972584
"URB";8;10415;"76046";"MONASTERIO ESCORIAL E-O (MONASTERIO LIEBANA - MONASTERIO CAAVEIRO)";441044.916411955;4484235.452040848;-3.69583467612873;40.50674040374209
"URB";8;10417;"76047";"MONASTERIO SAMOS N-S (SANTUARIO VALVERDE - MONASTERIO ESCORIAL)";440960.709247782;4484210.376834579;-3.696826148263;40.50650852922474
"URB";8;11356;"76080";"MONASTERIO DEL ESCORIAL ENTRE MONASTERIO DE SOBRADO Y MONASTERIO DE POYO";441220.629560751;4484511.599916029;-3.69378654986081;40.50924050821961
"URB";8;11454;"76081";"AV. SANTUARIO DE VALVERDE (ENTRE MONASTERIO MONTES CLAROS Y MONASTERIO DEL PAULAR)";440540.195350326;4484083.603497816;-3.70177711405296;40.50533647975945
"URB";8;11452;"76082";"MONASTERIO DEL PAULAR (ENTRE MONASTERIO DEL ESCORIAL Y SANTUARIO DE VALVERDE)";440642.052930648;4483996.15690754;-3.70056682417843;40.50455602503122
"URB";8;11453;"76083";"AV. SANTUARIO DE VALVERDE (ENTRE MONTECARMELO Y MONASTERIO DEL PAULAR)";440689.045574226;4484088.13180604;-3.70002085111071;40.50538792698021
"URB";8;10030;"76400";"(TACTICA)MONASTERIO HUELGAS N-S(MONASTERIO EL PAULAR-COSTA BRAVA)";439958.970950739;4483357.930406927;-3.7085677558967;40.49875751857171
"URB";8;11471;"76500";"(FICTICIO)AV. MONTECARMELO S-N(M-607-MONASTERIO SUSO Y YUSO)";440919.886416124;4483754.348995014;-3.69726539347852;40.50239756624048
"URB";8;10136;"77001";"VALCARLOS S-N (PUENTE DE LA REINA - SAN JUAN DE ORTEGA)";443222.678097557;4483505.315322118;-3.67006724922447;40.50031494512345
"URB";8;10800;"76067";"MONASTERIO SAMOS N-S (MONASTERIO ESCORIAL - MONASTERIO SILOS)";441051.301738124;4484151.449386276;-3.69575149681667;40.50598413247369
"URB";8;11359;"76078";"MONASTERIO DE SILOS ENTRE MONASTERIO DE POYO Y MONASTERIO DE SOBRADO";441301.841228849;4484447.360627887;-3.69282210081272;40.5086675689742
"URB";8;11357;"76079";"MONASTERIO DEL ESCORIAL ENTRE MONASTERIO DE POYO Y MONASTERIO DE LIEBANA";441152.204540009;4484404.499883562;-3.69458417575312;40.50827086282175
"URB";8;10188;"77004";"QUINTANAVIDES N-S(PTE. REINA-FORESTA)";443292.491907166;4483342.864991551;-3.66922884021285;40.4988563004856
"URB";8;6596;"77011";"AV. CAMINO DE SANTIAGO S-N (VILORIA DE LA RIOJA - SANTO DOMINGO DE LA CALZADA)";443140.972809478;4484299.988112405;-3.67110279125217;40.50746807823276
"URB";8;10591;"77012";"(CARRIL BUS) AV. CAMINO DE SANTIAGO S-N (VILORIA DE LA RIOJA - SANTO DOMINGO DE LA CALZADA)";443143.841980575;4484297.062288869;-3.67106866613372;40.50744191791804
"URB";8;10853;"77013";"(CARRIL BUS) STO. DOMINGO CALZADA E-O(CAPISCOL-CASTIELLO JACA)";442672.212272506;4484419.499457945;-3.67664599197855;40.5085124205709
"URB";8;11342;"77014";"VIA DE SERVICIO AVD. BURGOS - CRTA. FUENCARRAL";442932.070295204;4482207.603747738;-3.67337980089976;40.48860469542662
"URB";8;11341;"77015";"CRTA. FUENCARRAL O-E";442871.820592506;4482275.512761498;-3.67409679887265;40.48921230384478
"URB";8;11343;"77016";"CRTA. FUENCARRAL SALIDA AVDA. BURGOS";442920.634138645;4482197.899055886;-3.67351386034227;40.48851648525146
"URB";8;11345;"77017";"CARRIL BUS AVDA. BURGOS S-O";442924.255296953;4482189.930932838;-3.67347041736194;40.48844495406373
"URB";8;6584;"77401";"(TACTICO)  SALIDA CUARTEL ARTILLERIA";442462.065683879;4484964.661982085;-3.67917575616133;40.51340889732414
"URB";8;6591;"77003";"SAN JUAN DE ORTEGA O-E (SIERRA DE ATAPUERCA - SAUCEDA)";443194.64826351;4483589.074467333;-3.67040553820861;40.50106756285795
"URB";8;11344;"77408";"(TACTICO) CARRIL BUS AVD. BURGOS S-O";442912.467818174;4482204.392535324;-3.67361079824001;40.48857441966044
"URB";8;10060;"78001";"AV. CAMINO SANTIGO N-S(PL. OBRADOIRO-PORTOMARIN)";443608.320711299;4484831.247149304;-3.66563439296071;40.51228577116699
"URB";8;10059;"78002";"PORTOMARIN E-O(SANTISO-AV. CAMINO SANTIAGO)";443606.580819064;4484646.103934159;-3.66563843659653;40.51061780968441
"URB";8;6594;"78026";"SANTO DOMINGO DE LA CALZADA E-O(SAUCEDA-VALCARLOS)";443736.672843967;4483904.933277274;-3.66403713985048;40.503949879061
"URB";8;10855;"78030";"(CARRIL BUS) SANTO DOMINGO DE LA CALZADA E-O (REDECILLA DEL CAMINO - CAMINO DE SANTIAGO)";443321.04672974;4484290.470745029;-3.66897667826115;40.50739466476025
"URB";8;10856;"78031";"(CARRIL BUS) SANTO DOMINGO DE LA CALZADA O-E (SIERRA ATAPUERCA-BOADILLA DEL CAMINO)";443536.955465904;4484065.555869726;-3.66640843570289;40.50538326469108
"URB";8;10857;"78032";"(CARRIL BUS) SANTO DOMINGO DE LA CALZADA E-O(SAUCEDA-VALCARLOS)";443740.023931511;4483909.043101621;-3.6639979568983;40.50398712928462
"URB";10;5156;"80010";"AV. LAS AGUILAS ENTRE AVDA.DE LOS POBLADOS Y OCAÑA SENTIDO S-N";435377.005739216;4470865.584298287;-3.76136617445804;40.38587837403442
"URB";10;10389;"80011";"AV. POBLADOS O-E(SEBASTIAN ALVARO-FLOR DEL CORAL)";434622.60289203;4471627.875140969;-3.77033177592359;40.39268652119429
"URB";10;10395;"80013";"PSO. EXTREMADURA, 437 S-N (ENTRADA MADRID)";434488.586403985;4471723.548537935;-3.77192057757076;40.39353785270678
"URB";10;10394;"80014";"AV. POBLADOS, 5 E-O(PILAR-PSO. EXTREMADURA)";434593.474455232;4471731.480026376;-3.77068560302396;40.39361754575685
"URB";10;5169;"80017";"MAQUEDA N-S(ESCALONA-TEMBLEQUE)";435089.465196506;4471780.401239643;-3.76484682232572;40.39409704843757
"URB";11;5186;"81006";"Pº. DE LA ERMITA DEL SANTO ENTRADA CRUCE  E-O";437898.876389249;4472329.966323718;-3.73179948878819;40.39926198820385
"URB";11;5242;"84010";"VIA LUSITANA S-N LATERAL (M-40-AV. PESETA)";436821.729111009;4468270.192387966;-3.74408907736891;40.36260870758282
"URB";11;5243;"84011";"AV. PESETA O-E(MARAVEDI-VIA LUSITANA)";436753.167044692;4468353.083260268;-3.74490472977154;40.36335022998341
"URB";10;5270;"84035";"PINAR SAN JOSE S-N";434029.711245865;4468418.712368055;-3.77698493370381;40.3637304097921
"URB";10;5273;"84300";"(MICRO)CTRA.AL Bº FORTUNA E-O (INTERNO)";433971.748184241;4468465.438538117;-3.77767238903959;40.36414674980444
"URB";10;5274;"84301";"(MICRO)PINAR DE SAN JOSE S-N (INTERNO)";434004.390541849;4468455.284316484;-3.77728691428174;40.36405786087113
"URB";11;5285;"85011";"PSO. QUINCE DE MAYO O-E (STA. SATURNINA -GRAL. RICARDOS)";439079.306285273;4472138.589899436;-3.71787203901815;40.39762517282417
"URB";11;5286;"85012";"ANTONIO LOPEZ O-E(M.VADILLO-BALEARES)";439325.439563167;4472108.042862022;-3.7149689784018;40.39736795951406
"URB";12;4786;"85036";"ANTONIO LOPEZ N-S(SEBASTIAN GOMEZ-VADO)";440873.190798588;4470798.884696091;-3.69661054633123;40.38568570298743
"URB";12;4784;"85037";"ANTONIO LOPEZ S-N(CAMINO PERALES-VADO)";440936.226705588;4470645.010587813;-3.69585366692608;40.38430399378174
"URB";12;11474;"85061";"DR. TOLOSA LATOUR ( CRISTO DE LA VEGA Y  DR. TOLOSA LATOUR 16)";440346.363024754;4469563.461650128;-3.7027013506872;40.37451880177991
"URB";10;5304;"86001";"JOAQUIN TURINA E-O (JACOBEO-GRAL. MILLAN ASTRAY)";435075.920276615;4469441.793830604;-3.76476811103752;40.37302888279529
"URB";10;5306;"86003";"AV. AVIACION  E-O(GRAL. MILLAN ASTRAY-JOSE CADALSO)";434902.6523013;4469478.345446137;-3.76681266707101;40.37334464048712
"URB";10;5328;"86026";"RAFAEL FINAT N-S(JOSOSE CADALSO-BLAS CABRERA)";434516.768850805;4470016.023391069;-3.77141302106472;40.37815803009464
"URB";10;3750;"86028";"BLAS CABRERA O-E(VALLE INCLAN-RAFAEL FINAT)";434391.884090291;4470002.249669277;-3.77288265807714;40.37802412851781
"URB";17;5342;"87007";"AV. OROVILLA N-S (M-40-CIRCULO)";441356.381832302;4468318.84558273;-3.69068999669722;40.36337826868746
"URB";17;5344;"87009";"AV. OROVILLA S-N (UNANIMIDAD-CIRCULO)";441436.785313354;4468133.396246745;-3.68972606186423;40.36171328424794
"URB";8;5886;"42018";"AVENIDA DE BETANZOS, 64 S-N";439558.225185975;4481436.526008797;-3.71311352109167;40.48141976604381
"URB";8;10134;"42019";"GINZO LIMIA, 53 N-S(AV. CARDENAL HERRERA ORIA-FERMIN CABALLERO)";439938.26425516;4481840.710387353;-3.70866830374727;40.48508838032447
"URB";8;5888;"42020";"GINZO DE LIMIA S-N";440009.327991318;4481796.245530386;-3.70782567571731;40.4846929629981
"URB";12;5354;"87401";"(TACTICO) AV. ROSALES A M-40 (GR-8)";441902.458778278;4468221.958012118;-3.68425004904385;40.36254367719345
"URB";17;5351;"87402";"(TACTICO) SALIDA DE M-40 NORTE (GR-6)";441926.67304896;4468089.851207308;-3.68395285412346;40.36135526738327
"URB";17;7108;"87403";"(TACTICO) SALIDA M-40 NORTE (GR-8 DCHA.)";441920.264265481;4468103.555752667;-3.68402957570788;40.36147827971898
"URB";8;5889;"42021";"GINZO DE LIMIA, 60 S-N";440165.310151411;4481653.426725172;-3.7059719061823;40.48341765571139
"URB";8;5890;"42022";"FERMÍN CABALLERO 53 O-E";440000.606295759;4481651.496835975;-3.70791487528786;40.48338838470784
"URB";8;5891;"42023";"FERMIN CABALLERO, 50 E-O";440153.444654676;4481774.95935314;-3.70612336662746;40.48451161037526
"URB";17;5393;"94012";"SAN NORBERTO O-E(AV. REAL PINTO-SAN ERASMO)";439934.336146974;4465707.962184172;-3.70719156155124;40.33975672182128
"URB";17;5394;"94013";"AV. REAL PINTO N-S(GOMEZ ACEBO-AV. REAL PINTO)";439934.809317916;4466080.720373883;-3.70722105768585;40.34311477865354
"URB";17;6832;"94014";"AV. REAL PINTO S-N(SAN JENARO-DOMINGO PARRAGA)";439986.766519446;4465905.933409886;-3.70659291667688;40.34154393464024
"URB";10;5004;"95009";"PSO. EXTREMADURA E-O(CARAMUEL-PTA. ANGEL)";438269.766333535;4473937.7511141;-3.72758520774907;40.4137731980633
"URB";10;5018;"95010";"PTA. ANGEL N-S(AV. PORTUGAL-Pº EXTREMADURA)";438120.466727435;4473995.445338508;-3.72935040868316;40.41428184563662
"URB";10;5010;"95002";"MARQUES MONISTROL N-S (CALLE 30)";438563.141819895;4474058.208486415;-3.72413922452963;40.41488003760071
"URB";1;5001;"95003";"PTE SEGOVIA E-O (VIRGEN PUERTO-MARQUES MONISTROL)";438687.711421502;4473964.331578866;-3.72266202030783;40.41404353944254
"URB";10;3410;"95004";"Pº ERMITA SANTO S-N";438561.725640586;4473855.375747961;-3.72413632697986;40.41305272742686
"URB";10;5003;"95006";"PSO. EXTREMADURA O-E(LAIN CALVO-SAAVEDRA FAJARDO)";438394.775157236;4473949.494019992;-3.72611303704631;40.41388824539604
"URB";10;4547;"95007";"CARAMUEL S-N(JUAN TORNERO-Pº EXTREMADURA)";438317.382347317;4473849.955623958;-3.72701551082959;40.4129858286637
"URB";10;5012;"95008";"CARAMUEL N-S(Pº EXTREMADURA-JUAN TORNERO)";438319.166580717;4473810.861127744;-3.72699069255797;40.41263378079302
"URB";10;11445;"95502";"Pº EXTREMADURA E-O(CARAMUEL-PTA. ANGEL)(CARRIL ABIERTO)";438270.532963993;4473934.564266211;-3.72757586330516;40.41374454642902
"URB";10;11446;"95503";"Pº EXTREMADURA O-E(PTA. ANGEL-CARAMUEL)(CARRIL CERRADO)";438243.476602494;4473925.24394044;-3.72789383461418;40.41365857783488
"URB";10;5013;"95031";"CARAMUEL N-S(DOÑA MENCIA-ANTILLON SENTIDO)";438339.28396072;4473620.293512694;-3.72673513205215;40.41091855562052
"URB";10;5014;"95032";"CARAMUEL N-S(FIDIAS-Pº OLIVOS)";438075.353731824;4473278.482931233;-3.72981231948575;40.40781978568938
"URB";10;3553;"95402";"(TACTICO) JAIME TERCERO O-E";438081.322591991;4473342.232285396;-3.72974818180793;40.40839451147552
"URB";10;5030;"95403";"(TACTICO) PABLO SARASATE O-E";438025.877532718;4473092.979023128;-3.73037731104338;40.40614500422926
"URB";10;5183;"95405";"(TACTICO)PSO. JESUITAS N-S(NAVAS REY-P.OLIVOS)";437578.208378494;4473068.393630386;-3.73565035845042;40.40589008363519
"URB";10;11444;"95501";"Pº EXTREMADURA E-O(Pº ERMITA-CARAMUEL)(CARRIL ABIERTO)";438326.09315407;4473948.403434435;-3.7269223934017;40.41387333444294
"URB";10;11447;"95505";"Pº EXTREMADURA O-E(CARAMUEL-Pº ERMITA)(CARRIL ABIERTO)";438408.207291101;4473954.988983846;-3.72595526258371;40.4139387405058
"URB";1;11449;"95506";"PTE. SEGOVIA E-O(GIRO CALLE 30)";438664.713980188;4473966.977302203;-3.7229333160466;40.41406567883475
"URB";11;3576;"96008";"OCA O-E(ALFARO-NTRA.SRA.DE VALVANERA)";437533.055842099;4471263.447142369;-3.73600536072691;40.3896269506328
"URB";11;5131;"96404";"(TACTICO)ESPINAR N-S(JUAN ALONSO-N.S.FATIMA)";436816.994597728;4470887.029026161;-3.74440421450903;40.38618200825281
"URB";11;9847;"96405";"(TACTICO) EULALIA GIL S-N";437030.116508789;4470910.99197466;-3.74189584122177;40.38641401280369
"URB";4;9981;"02067";"ALDE. SAINZ DE BARANDA O-E(JUAN ESPLANDIU-T.V.E)";443709.460977494;4474702.94878041;-3.66354208042638;40.42105219054572
"URB";10;10223;"98041";"CTRA. CARABANCHEL ARAVACA E-O GIRO IZQDA (PILAR-SEBASTIAN ALVARO)";434623.543876687;4471641.821878945;-3.77032212109823;40.39281223248012
"URB";10;5181;"98300";"(MICRO)CTRA. BOADILLA E-O (N-V-CARABIAS)";434936.25110218;4472323.650837699;-3.76670751612978;40.39897889011985
"URB";10;10222;"98301";"(MICRO) SEBASTIAN ALVARO SALIDA DELANTE GR-8";434449.604152876;4471779.90139925;-3.77238566622397;40.39404243298439
"URB";10;5161;"98302";"(MICRO)VILLAVICIOSA N-S(SEDANO-CTRA. CARABANCHEL ARAVACA)";434351.850574856;4472052.811537709;-3.77356554069506;40.39649320740959
"URB";1;3849;"01010";"Hortaleza75 S-N(Travesia San Mateo-FernandoVI)";440913.426927696;4475371.548473283;-3.69656106746327;40.42688140727122
"URB";1;3855;"01021";"Hortaleza75 S-N(Travesia San Mateo-FernandoVI)";440810.764131103;4475177.515725469;-3.6977531922756;40.42512617159132
"URB";4;3564;"02029";"(TACTICO) ALCALDE SAINZ BARANDA E-O(GIRO IZQ. A TORRESPANA)";443814.285813067;4474735.86433344;-3.66230941183238;40.42135579640272
"URB";4;3878;"02030";"(TACTICO) SALIDA TVE TORRESPANA S-N";443795.997232435;4474711.937277004;-3.66252286676617;40.42113901340164
"URB";2;4095;"11024";"EMBAJADORES S-N(ANTRACITA-BOLIVAR)(TUNEL A 80MTS)";441207.824643854;4471374.607269162;-3.69272142311816;40.39089580256277
"URB";2;4097;"11026";"EMBAJADORES S-N(BRONCE-ANTRACITA)(SUPERFICIE)";441299.820650022;4471175.158724276;-3.69161916989723;40.38910555117968
"URB";2;4142;"12036";"(TACTICO) MENESES N-S (5 MTS.) (NEBULOSAS - PLANETARIO)";442044.087278232;4471697.618759155;-3.68289818445701;40.39386427165498
"URB";2;4143;"12037";"(TACTICO) MENESES S-N (5 MTS.)";442079.453713345;4471661.748443159;-3.68247822505601;40.39354359238907
"URB";1;4209;"14011";"RONDA ATOCHA E-O(MARQUES VALDAVIA-MALLORCA)";440852.89280937;4473118.46193644;-3.69706513830205;40.40658021197689
"URB";1;5104;"14013";"(AFOROS) RONDA VALENCIA E-O(VALENCIA-MESON DE PAREDES)";440626.948866459;4473041.295539267;-3.69972056368332;40.40586897580886
"URB";2;3670;"14040";"GASOMETRO N-S(RONDA TOLEDO-PSO ACACIAS)";439894.501138273;4473015.602426089;-3.70834952489709;40.40558496295621
"URB";2;4239;"14041";"RONDA TOLEDO O-E(TOLEDO-GASOMETRO)";439795.857591104;4473084.767444642;-3.70951850759256;40.40620090707043
"URB";1;4266;"15031";"(TACTICO)San Bernabe O-E";439444.274066802;4473423.161830856;-3.71369389023654;40.40922382256988
"URB";1;4393;"18020";"San Bernardo N-S(Noviciado-Reyes)";439988.931020221;4475188.24102331;-3.70744170081916;40.42516391659108
"URB";1;4394;"18021";"(TACTICO) Noviciado O-E(Norte-San Bernardo)";439978.219751664;4475234.665488692;-3.70757234423915;40.42558135639933
"URB";7;10023;"20007";"(TACTICO) Melendez Valdés O-E(Galileo-Vallehermoso)";439865.406279145;4476045.431230335;-3.70897885617201;40.43287694569175
"URB";7;4423;"20011";"Meléndez Valdés O-E(Galileo -Vallehermoso)";439798.943060049;4476048.56463012;-3.70976268847166;40.43290036485994
"URB";5;4443;"21021";"Maria Molina E-O(Del Pinar-Alvarez de Baena)";441587.391166982;4476598.275708131;-3.6887291112679;40.43797994403904
"URB";4;4444;"21022";"Pso. Castellana S-N(López Hoyos-Pl. Gregorio Marañón)";441517.453169457;4476426.206440537;-3.68953784039659;40.43642494836059
"URB";7;4469;"22304";"(MICRO) Pº Castellana N-S(Delante G.3,salida) (P.M.1)";441345.154033673;4476869.72333103;-3.69161013333277;40.44040821866311
"URB";9;3716;"23002";"REYES CATOLICOS N-S (DR. JIMENEZ DIAZ - AV. MEMORIA)";438961.493144113;4476609.011382074;-3.71968921136638;40.43788806451094
"URB";9;9931;"29009";"SINESIO DELGADO N-S(MADRIGAL -AV.MIRAFLORES)";438257.05740552;4479102.81752369;-3.72823685569842;40.46030119692283
"URB";9;9929;"29010";"SINESIO DELGADO S-N( AV.MIRAFLORES -MADRIGAL)";438261.394061838;4479095.98641968;-3.72818504577005;40.46023998213143
"URB";10;5184;"95404";"(TACTICO)MARIA DEL CARMEN N-S(CAMPILLO-P.OLIVOS)";437807.913035316;4473101.2195011;-3.7329466721312;40.40620298414279
"URB";6;3524;"31004";"Francos Rodriguez O-E(Pamplona-Juan Encina)";440044.928332163;4478681.37133933;-3.70711127026949;40.45663556401499
"URB";6;4498;"31005";"(AFOROS) FRANCOS RODRIGUEZ O-E(NUMANCIA-PAMPLONA)";439848.783783208;4478722.723981592;-3.70942835321719;40.45699391145121
"URB";9;4515;"31026";"PABLO IGLESIAS O-E(ARQUITECTO SANCHEZ ARCAS-NUMANCIA)";439536.027372668;4478464.21801412;-3.71309213677096;40.45464249226197
"URB";9;4516;"31027";"ARQUITECTO SANCHEZ ARCAS S-N(VALLS FERRER-PABLO IGLESIAS)";439401.650467444;4478415.032262267;-3.71467212214708;40.4541896209639
"URB";9;5142;"31028";"ARQUITECTO SANCHEZ ARCAS N-S(VALLS FERRERA-MORERAS)";439269.796837913;4478334.03341189;-3.71621928700752;40.45345032781626
"URB";9;3440;"31029";"MORERAS S-N(RAMIRO MAEZTU-JUAN XXIII)";439095.751280415;4478177.239910196;-3.71825669392158;40.45202513605377
"URB";9;3514;"31030";"JUAN XXIII E-O(RAMIRO MAEZTU-MORERAS)";439192.353292914;4478080.667289278;-3.71710828256008;40.45116224489373
"URB";6;5143;"31031";"PABLO IGLESIAS E-O(NUMANCIA-ARQUITECTO SANCHEZ ARCAS)";439559.783418299;4478424.234141259;-3.71280817998545;40.45428402967805
"URB";6;4518;"31033";"PABLO IGLESIAS O-E(NUMANCIA-DR. FEDERICO RUBIO Y GALI)";439586.537641689;4478337.820026983;-3.71248445172367;40.45350752226675
"URB";6;4519;"31034";"PABLO IGLESIA E-O(DR. FEDERICO RUBIO Y GALI-NUMANCIA)";439630.572226877;4478266.838009036;-3.71195842012026;40.45287128754049
"URB";9;9914;"31077";"ALMANSA O-E (VASCOS-PABLO IGLESIAS)";439694.943175273;4477897.288509341;-3.71116422971298;40.44954690967771
"URB";6;4543;"32002";"PSO. DIRECCION S-N (ALBERDI - CAPITAN BLANCO ARGIBAY)";439963.970869351;4479897.880191077;-3.70818109437612;40.46758850788059
"URB";6;3589;"32035";"SINESIO DELGADO O-E(A.MACHADO-PIEDRAFITA CEBRERO)";439576.221168305;4480091.897803366;-3.71277310792961;40.46930817840736
"URB";8;4570;"32036";"AV. BETANZOS S-N(PIEDRAFITA DEL CEBRERO-RIBADAVIA)";439634.949673476;4480346.428654467;-3.71210460367347;40.4716053565327
"URB";5;4622;"33039";"JOSE VASCONCELOS E-O(MANUEL FERRERO-AGUSTIN DE FOXA)";441981.865806704;4480171.260093446;-3.68440477701164;40.47019461006061
"URB";5;4623;"34001";"LOPEZ DE HOYOS O-E(PADRE JESUS ORDONEZ-QUINTILIANO)";442513.758916881;4477007.6541192;-3.67784430187433;40.44173237620808
"URB";5;3739;"34002";"(AFOROS) LOPEZ DE HOYOS,86 O-E(QUINTILIANO-CARTAGENA)";442595.057723498;4477058.718635563;-3.67689035141972;40.44219800674684
"URB";5;3741;"34005";"LOPEZ DE HOYOS O-E(CARTAGENA-JUAN B. TOLEDO)";442741.150817678;4477187.382326343;-3.67517940547873;40.44336714501468
"URB";5;4625;"34006";"LOPEZ DE HOYOS E-O(JUAN B. TOLEDO-CARTAGENA)";442719.867508588;4477170.512761486;-3.67542883427902;40.44321370983441
"URB";10;10390;"80012";"AV. POBLADOS O-E GIRO IZDA (SEBASTIAN ALVARO-PILAR)";434627.051334615;4471632.299346122;-3.77027981924381;40.39272672523785
"URB";10;3409;"24001";"SEPULVEDA N-S (CEBREROS - C. FCO.J.JIMENEZ)";436004.103195086;4472588.473567324;-3.75415167127064;40.40144726642207
"URB";5;4626;"34007";"(TACTICO) GIRO IZQUIERDA EUGENIO SALAZAR";442889.700892275;4477326.112730406;-3.67344033467796;40.44462711281283
"URB";10;4739;"24002";"CJAL. FCO. J. JIMENEZ Ø126 E-O (BERLANAS-SEPULVEDA)";436039.137988103;4472395.052269885;-3.75371940863616;40.39970754262201
"URB";10;4740;"24003";"CJAL. FCO. J. JIMENEZ Ø86 O-E (F. CALVO-ALHAMBRA)";436730.451619122;4472483.854150382;-3.74558240201686;40.4005603189776
"URB";5;3474;"34008";"LOPEZ DE HOYOS E-O(MARCENADO-EUGENIO SALAZAR)";442945.692870429;4477375.078868191;-3.67278452295668;40.44507206784196
"URB";5;4627;"34009";"LOPEZ DE HOYOS, 133 O-E(MARCENADO-RAMOS CARRION)";443159.623122303;4477546.799401569;-3.67027738827973;40.446633663788
"URB";5;3591;"33040";"AGUSTIN DE FOXA S-N(ENRIQUE LARRETA-JOSE VASCONCELOS)";441863.60458869;4480132.015943451;-3.68579614182275;40.46983281373138
"URB";5;3592;"33041";"AGUSTIN DE FOXA N-S(JOSE VASCONCELOS-MAURICIO LEGENDRE)";441855.635669422;4480129.337987282;-3.6858898939948;40.4698081318107
"other";11;6848;"15RM08PM01";"15RM08PM01";439107.194923098;4472320.714687886;-3.71756085057374;40.39926787869824
"URB";17;10286;"26032";"BOHEMIOS, 5  E-O(AV. ANDALUCIA-VERBENA PALOMA)";440982.170046404;4467557.457682447;-3.69502662115909;40.35649284353089
"URB";17;10288;"26033";"BOHEMIOS, 12 O-E(MANOJO ROSAS-ALEGRIA HUERTA)";440869.731491769;4467548.555967419;-3.69634984219725;40.35640468732431
"URB";5;4633;"34015";"(AFOROS) ALFONSO XIII, 18 S-N(LOPEZ DE HOYOS-PRADILLO)";443519.20773244;4477765.667517692;-3.66605680450069;40.44862984340827
"URB";5;4634;"34016";"CORAZON DE MARIA S-N(CARDENAL SILICEO-AV.CAMILO JOSE CELA)";443302.874116069;4477068.905762527;-3.66854558630856;40.44233834363573
"URB";5;4635;"34017";"AV.CAMILO JOSE CELA S-N(AV. AMERCIA-CORAZON DE MARIA)";443446.429448574;4477065.480047512;-3.66685265393318;40.44231725954868
"URB";5;3399;"34021";"CORAZON DE MARIA, 33 N-S(SANTA RITA-SANTA HORTENSIA)";443425.736064515;4477350.610918343;-3.66712203878128;40.44488445276544
"URB";5;4636;"34018";"CANILLAS O-E(ACCESO NII-CORAZON DE MARIA)";443521.660809184;4477145.715272651;-3.66597275198828;40.44304517225624
"URB";5;3400;"34022";"CLARA DEL REY, 23 N-S(SANTA RITA-SANTA HORTENSIA)";443329.166480021;4477401.554584985;-3.66826525621412;40.4453368015844
"URB";5;4637;"34019";"CORAZON DE MARIA N-S(SANTA HORTENSIA-CANILLAS)";443403.043518669;4477247.105087207;-3.66738038897793;40.44395047637799
"URB";10;10979;"24022";"(BUS)CJAL. FCO. J. JIMENEZ Ø76 E-O (HURTUMPASCUAL-ALHAMBRA)";436895.111141165;4472516.85230511;-3.74364544387094;40.40087007486644
"URB";10;4760;"24027";"HIGUERAS Ø41 S-N(PALMIPEDO-SEPULVEDA)";436757.82413148;4472874.950361826;-3.74529872014104;40.40408555371867
"URB";17;10873;"26031";"GIGANTES Y CABEZUDOS N-S(BOHEMIOS-AV. ANDALUCIA)";441108.177219328;4467547.219311615;-3.69354184905302;40.35640951779548
"URB";5;3398;"34020";"CORAZON DE MARIA S-N(SANTA HORTENSIA-SANTA RITA)";443425.291862705;4477298.763008075;-3.66712265855136;40.44441735081536
"URB";10;4761;"24028";"HIGUERAS Ø25 N-S(ALMAZAN-CEBREROS)";436765.108993995;4473038.761267921;-3.74522915113905;40.40556178236845
"URB";17;10287;"26034";"BOHEMIOS, 12 E-O(VERBENA PALOMA-MANOJO ROSAS)";440860.939049423;4467552.416518842;-3.69645373732257;40.35643884197351
"URB";17;10289;"26035";"MANOJO ROSAS, 58 N-S(SOTO PARRAL-BOHEMIOS)";440806.97627348;4467572.372912606;-3.69709103926684;40.35661479239702
"URB";17;10492;"26036";"VERBENA DE LA PALOMA N-S (SOTO PARRAL - BOHEMIOS)";440903.306002629;4467630.005717726;-3.69596202287095;40.35714081368156
"URB";17;10493;"26037";"VERBENA DE LA PALOMA S-N (BOHEMIOS - SOTO PARRAL)";440906.525628281;4467633.664009096;-3.69592444791384;40.3571739978329
"URB";17;10494;"26038";"ALEGRÍA DE LA HUERTA S-N (BOHEMIOS - ROSA DEL AZAFRAN)";440946.437543787;4467489.318222701;-3.69544109069109;40.35587647422516
"URB";12;10863;"26039";"AV. ANDALUCÍA N-S (CONÍFERAS-M-40)";441061.473189643;4468659.693992368;-3.69419461695734;40.36642803132057
"URB";17;10877;"26046";"JUAN JOSÉ MARTÍNEZ SECO Ø3 E-O(MARIA MARTINEZ OVIOL-STA. PETRONILA)";441281.553269862;4467022.772029586;-3.69145195938781;40.3516972107215
"URB";5;4639;"34025";"CORAZON DE MARIA S-N(RAMOS CARRION-LUIS SALAZAR)";443478.64380494;4477552.124550297;-3.66651612454566;40.44670338603554
"URB";11;4758;"24025";"VIA CARPETANA, 167 O-E (LEON V ARMENIA-LAGUNA)";436944.056157125;4471440.732614863;-3.74296214259762;40.39117963871588
"URB";17;10871;"26041";"AV. ANDALUCIA Ø58 N-S(ALCOCER-AMPUERO)";441135.674352142;4466910.343323855;-3.69315929943706;40.35067410424494
"URB";17;10858;"26042";"AV.ANDALUCIA N-S(AMPUERO-GRAN VIA VILLAVERDE)";441138.909485839;4466496.857252974;-3.69308307417985;40.3469494028331
"URB";17;10859;"26043";"GRAN VIA VILLAVERDE Ø87 E-O(MARTINEZ OVIOL-AV. ANDALUCIA)";441271.645873275;4466411.195457226;-3.69151234415295;40.34618706418293
"URB";17;10860;"26044";"GRAN VIA VILLAVERDE Ø64 O-E(AV. LABORAL-AV. ANDALUCIA)";441047.782374785;4466346.105871895;-3.69414208932909;40.34558490958756
"URB";17;10861;"26045";"AV.ANDALUCIA S-N(SAN DALMACIO-GRAN VIA VILLAVERDE)";441155.827300954;4466225.417402694;-3.69285886088873;40.34450530242672
"URB";5;4643;"34031";"(AFOROS) ALFONSO XIII S-N(LOPEZ DE HOYOS-PRADILLO)";443430.501576025;4477929.328787304;-3.66711739454312;40.45009815245094
"URB";5;3689;"34032";"SANTA HORTENSIA O-E(CLARA DEL REY-CORAZON DE MARIA)";443388.34528922;4477279.907866788;-3.66755661995709;40.4442449794389
"URB";11;5292;"85400";"(TACTICO) BALEARES S-N";439441.229023084;4472016.38840141;-3.71359593677208;40.39655071988727
"URB";17;10876;"26047";"ALCOCER O-E(VIOLETAS-SANTIAGO AMON)";440970.999772988;4466936.789941435;-3.69510074286215;40.35090071408558
"URB";12;10906;"26048";"AV. SAN FERMIN Ø6 E-O(POPULAR MADRILEÑA-AV. LA PERLA)";441128.221961454;4469194.1562482;-3.69345783319248;40.37124748591847
"URB";12;10284;"26300";"(MICRO)AV. POBLADOS E-O DETRAS GR-9";441014.950149748;4469147.988491519;-3.69478771134684;40.37082357312804
"URB";5;10039;"34027";"CLARA DEL REY N-S (LUIS SALAZAR -RAMOS CARRION)";443370.379399032;4477597.595101153;-3.66779678172266;40.44710563941631
"URB";5;4640;"34028";"RAMOS CARRION E-O (CORAZON DE MARIA -CLARA DEL REY)";443418.555282637;4477519.619917355;-3.66722176446982;40.44640648080559
"URB";5;4641;"34029";"PRADILLO 66 O-E (SATURNINO CALLEJA-GUSTAVO FDEZ. BALBUENA)";443283.216817448;4477901.831138244;-3.66885173819248;40.44984040395351
"URB";5;4642;"34030";"ALFONSO XIII, 35 N-S(RAMON Y CAJAL-LUIS LARRAINZA)";443391.290633608;4478104.082646222;-3.66759535369144;40.45166975076517
"URB";17;4838;"26401";"(TACTICA)SALIDA INTERCAMBIADOR AUTOBUSES Ø7";441211.644338298;4466834.296022427;-3.69225776855242;40.34999438230339
"URB";4;4651;"35010";"CARTAGENA N-S(MARIA TERESA-ERASO)";443170.400018684;4476318.909232925;-3.67004047544092;40.4355729560396
"URB";5;4687;"34041";"POETA CLAUDIO RODRIGUEZ S-N (CLARA DEL REY-CORAZON DE MARIA)";443051.857231954;4476902.490187861;-3.6714903482178;40.4408220356241
"URB";4;4652;"35011";"CARTAGENA S-N(ERASO-MARIA TERESA)";443156.700105603;4476246.479456679;-3.67019551300191;40.43491953573824
"URB";5;4648;"35001";"CLARA DEL REY E-O(ALUSTANTE-ANASTASIO AROCA)";443001.704789607;4476941.397948998;-3.67208516079744;40.44116909962334
"URB";5;4649;"35002";"CLARA DEL REY E-O(ANASTASIO AROCA-CARTAGENA)";442916.000098939;4476862.85358893;-3.67308860888;40.44045565410251
"URB";10;4762;"24029";"SEPULVEDA, 119 E-O (HIGUERAS-A. MORÁN)";436658.861932626;4472903.21879891;-3.74646769289063;40.40433268443707
"URB";12;10285;"26301";"(MICRO)AV. POBLADOS E-O DELANTE GR-11";441025.067169371;4469136.596150198;-3.69466749698075;40.37072166037402
"URB";5;4650;"35003";"CARTAGENA N-S(CONSTANCIA -CLARA DEL REY)";442797.468524044;4476891.026337284;-3.67448868266064;40.44070130242982
"URB";4;3525;"35008";"CARTAGENA S-N(MARQUES DE AHUMADA-AV.AMERICA)";443094.79700335;4476494.180256345;-3.67094749841269;40.43714671597171
"URB";4;3526;"35009";"CARTAGENA N-S(MEJICO-MARQUES DE AHUMADA)";443137.523394124;4476454.848111677;-3.67044024096316;40.43679531476876
"URB";17;10872;"26302";"(MICRO)SALIDA INTERCAMBIADOR S-N";441157.002045884;4466929.057986015;-3.6929098972437;40.35084420182741
"URB";17;4817;"26400";"(TACTICO)ALCOCER Ø25 O-E (GIRO VIRGEN DESAMPARADOS)";440660.222200159;4466790.233806489;-3.69874644540372;40.34955840053323
"URB";17;4853;"27036";"PSO. TALLERES Ø12 E-O(ARROYO BUENO-SAN JENARO)";440343.277129231;4466574.045250836;-3.70245811178793;40.34758824262856
"URB";17;4854;"27037";"SAN JENARO ENTRE Ø11 Y Ø12 S-N GIRO (OXIGENO-PSO. TALLERES)";440299.0431185;4466528.892752461;-3.70297470712027;40.34717831835883
"URB";17;4855;"27038";"SAN JENARO ENTRE Ø11 Y Ø12 S-N FRENTE (OXIGENO-PSO. TALLERES)";440296.313393968;4466527.233003672;-3.70300669190498;40.34716317102902
"URB";4;3501;"35014";"CARTAGENA N-S(MARTINEZ IZQUIERDO-AV.TOREROS)";443129.398315432;4476012.259203478;-3.67049642752489;40.43280769445487
"URB";4;3502;"35015";"CARTAGENA S-N(AV.TOREROS-MARTINEZ IZQUIERDO)";443129.65230661;4475946.400588083;-3.67048754034315;40.43221442386652
"URB";4;3503;"35016";"CARTAGENA S-N(LONDRES-AV.TOREROS)";443125.722395332;4475812.397491107;-3.67052187949737;40.43100698682229
"URB";4;3504;"35017";"AV.TOREROS E-O(PILAR DE ZARAGOZA-CARTAGENA)";443259.766523168;4475930.95089929;-3.66895224552088;40.43208413124055
"URB";4;4655;"35018";"AV.TOREROS O-E(PILAR DE ZARAGOZA-RAFAELA BONILLA)";443277.136310472;4475929.081855468;-3.6687473067874;40.43206847865097
"URB";4;4656;"35019";"AV.TOREROS E-O(FRANCISCO SANTOS-RAFAELA BONILLA)";443482.961920027;4475962.407714818;-3.66632379749467;40.43238270607515
"URB";9;4870;"28016";"VIRGEN ROSALES Ø34 O-E (ASTROLABIO-CRTA.HUMERA)";433835.826859957;4478395.183468324;-3.78030556540326;40.45358637754656
"URB";9;4871;"28017";"VIRGEN ROSALES Ø30 E-O(DIPLOMATICOS-CTRA. HUMERA)";433966.940792051;4478400.220418844;-3.77875993594862;40.4536421787361
"URB";4;4668;"35031";"AV.BRUSELAS S-N(BRESCIA-AV.BRUSELAS)";443737.562584658;4476606.818231854;-3.66337935315081;40.43820515064542
"URB";4;4669;"35032";"AZCONA E-O(VILLAFRANCA-CAMILO JOSE CELA)";443478.477971759;4476335.64477862;-3.66640985291665;40.43574471288367
"URB";4;4670;"35033";"AV.BRASILIA S-N(AV.BONN-AV.BADAJOZ)";443936.989101949;4476718.179243888;-3.66103792886103;40.43922181674073
"URB";4;4671;"35034";"AV.BONN E-O(AV.BRASILIA-AV.BRUSELAS)";443846.837596437;4476650.36529291;-3.66209484310703;40.43860483097245
"URB";9;10523;"36001";"CAMINO BARRIAL S-N (ALMANZORA - FDO. LAZARO CARRETER)";432897.62176856;4479265.834176078;-3.79146130366049;40.46135418153783
"URB";9;10524;"36002";"CAMINO BARRIAL (INTERIOR GLORIETA PARTIDA)";432820.193841001;4479333.034802603;-3.79238158353133;40.4619532830925
"URB";9;10526;"36003";"CAMINO BARRIAL N-S (M40 - FDO.LAZARO CARRETER)";432682.813882723;4479404.159015969;-3.79400936820415;40.4625828665834
"URB";4;4684;"35053";"CARTAGENA S-N(MARTINEZ IZQUIERDO-AZCONA)";443134.993229957;4476065.538368727;-3.67043523551048;40.43328804280657
"URB";4;4686;"35056";"(TACTICO) MEJICO E-O(EDUARDO VICENTE-CARTAGENA)";442988.385102849;4476593.578564423;-3.67221099688176;40.43803485725699
"URB";4;7077;"35058";"CAMILO JOSE CELA, 4 S-N(AZCONA-ERASO)";443410.870801567;4476360.589251903;-3.66720913676399;40.43596482797132
"URB";4;7060;"35059";"MARQUES DE AHUMADA O-E(MARQUES DE MONTEAGUDO-C. JOSE CELA)";443355.783693879;4476443.982437431;-3.6678660281715;40.43671232601896
"URB";4;7061;"35060";"CAMILO JOSE CELA N-S (FCO. REMIRO -MARQUES DE AHUMADA)";443367.014855425;4476569.057486191;-3.66774476255862;40.43783983036842
"URB";4;7078;"35061";"PUENTE DE LA  PAZ E-O(AV.BADAJOZ-AV.BRASILIA)(GIRO A  M-30)";444021.554144623;4476897.977833315;-3.66005672839717;40.44084723231331
"URB";9;10512;"36023";"AV. OSA MAYOR Ø102 E-O (GTA. MARIA REINA-PICO OCEJON)";433226.306673676;4479028.850820417;-3.78755993703502;40.45924585899616
"URB";9;10962;"36024";"AV. VICTORIA O-E (PILAR ANDRADE-VIRGEN DE LOS OLMOS)";430342.492577696;4480175.781306757;-3.8216956270338;40.46934085036454
"URB";9;6632;"36401";"(TACTICO) FEDERICO AGUSTI N-S Ø8";429472.554132415;4480642.769292232;-3.83200851584125;40.47347412829588
"URB";8;5435;"43024";"FINISTERRE N-S(SANTIAGO DE COMPOSTELA-AV.MONFORTE  LEMOS)";440425.72804442;4481284.817389626;-3.70286489633034;40.48011581241818
"URB";8;5436;"43025";"FINISTERRE S-N(MELCHOR FDEZ. ALMAGRO-AV.MONFORTE  LEMOS)";440458.30072073;4481177.740516808;-3.70247057244859;40.47915356001413
"URB";8;5437;"43026";"AV.BETANZOS S-N(LA BANEZA-AV.MONFORTE  LEMOS)";439667.27511256;4480923.400353033;-3.71177818350562;40.47680527723984
"URB";8;4555;"43034";"AV.BETANZOS N-S(AV. MONFORTE DE LEMOS-LA BANEZA)";439644.365935678;4480994.340316599;-3.71205518738589;40.47744266537255
"URB";8;10187;"43039";"Av .Monforte de Lemos E-O (Ginzo de Limia - Pl.Arteijo)";440160.013428464;4481176.055914241;-3.70598934201663;40.47911694303613
"URB";8;10184;"43040";"Av .Monforte de Lemos O-E (Pl.Fonsagrada - Pl.Arteijo)";440001.532091069;4481119.562840838;-3.70785361683944;40.47859659723748
"URB";10;10992;"37004";"OCAÑA O-E FRENTE(VALMOJADO-CAMARENA)";435531.280187917;4470803.775262766;-3.75954246221377;40.38533352529759
"URB";10;10993;"37005";"OCAÑA O-E GIRO IZDA.(VALMOJADO-CAMARENA)";435534.186304212;4470806.875120149;-3.75950854013262;40.38536167494747
"URB";10;10969;"37006";"CAMARENA N-S(YEBENES-ILLESCAS)";435862.063066535;4471618.28959653;-3.75572765883695;40.39269653484148
"URB";5;5594;"61087";"ALFONSO XIII E-O (PARAGUAY-TORPEDERO TUCUMAN)";442960.001205047;4479063.418276932;-3.67276748208717;40.46028241094606
"URB";5;5595;"61088";"ALFONSO XIII O-E (CHILE-PUERTO RICO)";442750.542993;4479070.81084817;-3.67523847511989;40.46033460209116
"URB";5;5621;"61117";"(TACTICO) PARAGUAY S-N (COSTA RICA-ALFONSO XIII)";443050.973956747;4479037.282664516;-3.67169221426067;40.46005320901059
"URB";5;11283;"61118";"TORPEDERO TUCUMAN N-S";442898.262728383;4479141.623084281;-3.67350265475253;40.46098267552396
"URB";2;3417;"90001";"Po IMPERIAL N-S(GIL IMON--PL. FCO. MORANO)";439211.904963036;4473002.844430622;-3.71639217998637;40.40542047358679
"URB";2;3418;"90002";"Po PONTONES E-O(STA.CASILDA-PL. FCO. MORANO)";439313.108149778;4472960.350810222;-3.71519552933205;40.40504505430423
"URB";10;4914;"37400";"(TACTICO) VALMOJADO, 229 E-O";435634.806101466;4471292.022282481;-3.75837219907248;40.38973985756924
"URB";10;4917;"37401";"(TACTICO) VALMOJADO S-N(GIRO ILLESCAS OESTE)";435644.912897672;4471571.369012079;-3.75828135318165;40.39225710601485
"URB";10;4916;"37402";"(TACTICO) VALMOJADO N-S(GIRO ILLESCAS ESTE)";435647.689872947;4471610.31437791;-3.75825257067703;40.392608155983
"URB";2;10038;"90013";"ARGANDA N-S (VALDELASIERRA -YESERIAS)";440215.734063645;4472123.222690405;-3.70448022493779;40.39756909530746
"URB";2;10648;"90014";"Po PONTONES O-E (Po MELANCOLICOS - ALEJADRO DUMAS Dumas)";438901.585115385;4472852.478877972;-3.72003461468502;40.40404319633782
"URB";1;3476;"90015";"TOLEDO N-S(HUMILLADERO-PUERTA TOLEDO)";439665.799162573;4473283.875307636;-3.71107003841569;40.40798514942016
"URB";1;3477;"90016";"RONDA DE SEGOVIA E-O(CARLOS ARNICHES-PUERTA TOLEDO)";439719.161396806;4473119.187969321;-3.7104255828302;40.4065054337083
"URB";1;3478;"90017";"(AFOROS)GRAN VIA DE SAN FRANCISCO N-S(AGUILA-PUERTA TOLEDO)";439541.740738754;4473269.784529953;-3.71253068587341;40.40784921269494
"URB";2;4697;"90018";"(AFOROS) TOLEDO S-N(SAN ISIDORO SEVILLA-PUERTA TOLEDO)";439560.017640341;4472960.953659561;-3.71228596982223;40.40506844602023
"URB";11;11024;"38018";"AV. POBLADOS O-E(EUGENIA MONTIJO-CARABANCHEL BAJO)";436551.1597416;4469691.454324038;-3.74741691130805;40.37539154210089
"URB";11;4938;"38019";"GUAYABA S-N(AGUACATE-ANTONIA RGUEZ. SACRISTAN )";436565.718891268;4469368.137893194;-3.74721324698338;40.37248007002565
"URB";1;4711;"90037";"TOLEDO N-S(SAN MILLAN-LOPEZ SILVA)";439873.79828451;4473619.663415736;-3.70865056720065;40.41102513633014
"URB";1;4712;"90038";"TOLEDO S-N(ARGANZUELA-LOPEZ SILVA)";439777.630248517;4473456.434864798;-3.70976847745269;40.40954774482674
"URB";1;4713;"90039";"SEGOVIA E-O(CUCHILLEROS-SAN JUSTO)";439539.220851874;4473938.669787901;-3.71262394126278;40.41387465787946
"URB";1;4714;"90040";"SEGOVIA O-E(SAN JUSTO-COSTANILLA DE SAN PEDRO)";439717.701033333;4473900.182765627;-3.71051678259705;40.41354089505492
"URB";11;7006;"38041";"ANTONIA RGUEZ. SACRISTAN E-O(PARTIDA ANTONIO RGUEZ.-GUAYABA)";436621.741673991;4469416.248393508;-3.74655817236837;40.37291773295643
"URB";11;7005;"38042";"ANTONIA RGUEZ. SACRISTAN GIRO E-O(PARTIDA ANTONIO RGUEZ.-GUAYABA)";436635.273093191;4469413.105906286;-3.74639848076803;40.3728904527937
"URB";6;5755;"92001";"Marques de Viana E-O (Hierbabuena-Ferreluz)";440568.964166245;4479269.550855483;-3.70098629459134;40.46197176660153
"URB";6;5756;"92002";"Marques de Viana O-E (Ruiz Palacio- Gladiolo)";440410.828556676;4479375.244180544;-3.70286128786377;40.4629125686699
"URB";6;5757;"92003";"Marques de Viana E-O (Robledo - Po Direccion)";440180.450713781;4479510.777609579;-3.70559120234455;40.46411695296561
"URB";6;5760;"92004";"Pso. Direccion S-N (Marques Viana - Aligustre)";440116.78591959;4479559.119124598;-3.70634665723091;40.46454784603842
"URB";11;4959;"38409";"(TACTICO) REAL MADRID O-E";437214.052322618;4469884.244770433;-3.73962775671074;40.37717848964627
"URB";11;4940;"38410";"(TACTICO) TANATORIO ENTRADA CRUCE  S-N";438726.997321472;4469451.930718099;-3.72176484036123;40.37339659842542
"URB";8;4731;"93014";"Camino ganapanes N-S((Chantada-Valle de Mena)";439423.991829589;4480213.30393159;-3.71458030121725;40.47039076236471
"URB";8;9884;"93021";"Monforte de Lemos O-E(Candido Mateos-Cno. Ganapanes)";439212.806485182;4480903.531240429;-3.71713749709931;40.47659314833813
"URB";8;9887;"93022";"Camino Ganapanes S-N (La baneza-Monforte de Lemos)";439311.602631394;4480848.527610748;-3.71596677152868;40.47610488172423
"URB";8;9886;"93023";"Camino Ganapanes N-S (Ramon Castroviejo-Morforte de Lemos)";439278.838767358;4481056.43121017;-3.71637317866411;40.47797535571299
"URB";12;4973;"39020";"AV. POBLADOS O-E (EDUARDO BARREIROS - AV. ANDALUCIA)";440927.89443213;4469146.652618347;-3.69581294939315;40.37080537403262
"URB";12;4974;"39021";"EDUARDO BARREIROS N-S (GTA. MALAGA - AV. POBLADOS)";440905.992359548;4469264.297729948;-3.69608182150687;40.37186363430153
"URB";13;5783;"40001";"Av. Buenos Aires - Arroyo del Olivar-Av. Palomeras";444569.606836005;4471023.047091551;-3.65308299437178;40.38795922887372
"URB";13;5784;"40002";"Av. Palomeras - Pedro Laborde-Av. Buenos Aires";444669.364321583;4470879.319342832;-3.65189523617031;40.38667107279458
"URB";13;5785;"40003";"Av. Buenos Aires - Río Iguazú-Av. Palomeras";444575.131819418;4470794.5799891;-3.65299802519334;40.38590142489526
"URB";13;5786;"40004";"Av. Buenos Aires - Av. Pablo Neruda-Pedro Laborde";444582.112897468;4470451.166522141;-3.65288591059849;40.38280820901392
"URB";12;3632;"39054";"SANTUARIO N-S(ANTONIO PADUA-EVANGELIOS)";440592.356077628;4470628.190100789;-3.69990308862975;40.3841280179027
"URB";12;4998;"39056";"RAFAELA YBARRA N-S(M-40-VILLAVERDE)";439362.967181095;4468454.716008241;-3.71417915805723;40.36445967415747
"URB";13;3774;"40027";"Carlos Martínez de la Riva - Carlos Martín Álvarez-Javier de Miguel";443602.47134331;4471098.700952542;-3.66448379930734;40.38857585078192
"URB";13;5807;"40028";"Carlos Martín Álvarez - Javier de Miguel-Martínez de la Riva";443621.088335558;4471081.165268292;-3.6642629131412;40.38841913917037
"URB";13;5808;"40029";"Javier de Miguel - Martínez de la Riva-Carlos Martín Álvarez";443612.092323658;4471153.216987434;-3.66437527675562;40.38906761461801
"URB";13;5809;"40030";"Javier de Miguel - Martínez de la Riva-Carlos Martín Álvarez";443616.474091973;4471161.351702255;-3.66432437312014;40.38914119350758
"URB";13;5831;"41021";"Dr. Fernando Primo de Rivera - Peña Gorbea-Av. Albufera";443503.296250502;4471903.999178482;-3.66572365795973;40.39582372515222
"URB";8;5895;"42029";"VENTISQUERO DE LA CONDESA LATERAL TUNEL S-N(HERRERA ORIA-VENTISQUERO DE LA CONDESA)";439306.52488522;4481823.616522896;-3.71612000897145;40.48488845036547
"URB";8;5896;"42030";"VENTISQUERO DE LA CONDESA SALIDA TUNEL S-N";439297.498101936;4481820.043123399;-3.71622616556751;40.48485560002393
"URB";13;5832;"41022";"Ntra. Señora Perpetuo Socorro - Puerto del Monasterio-Av. Albufera";443829.024909483;4471691.576426092;-3.66186697016864;40.39393212965225
"URB";13;5837;"41027";"Av. Buenos Aires - Sierra Salvada-Av. Albufera";444552.886739075;4471307.530993852;-3.65330474317347;40.39052092023248
"URB";13;11390;"41028";"Av. Albufera - Santiago Alió-Pedro Laborde";445250.756688559;4471235.870243507;-3.64507643886999;40.38992151652732
"URB";13;5838;"41029";"Av. Albufera - Av. Pablo Neruda-Santiago Alió";445255.343346587;4471186.32168827;-3.6450181417407;40.38947545374958
"URB";13;5839;"41030";"Av. Albufera - San Claudio-Av. Pablo Neruda";445503.690709951;4471051.315446722;-3.64208066193943;40.38827551663556
"URB";13;5844;"41035";"Av. Albufera - Av. Albufera-M-40";446080.164036319;4470718.831016677;-3.635260854784;40.38531779485817
"URB";13;5841;"41055";"Av. Albufera - M-40-Av. Albufera 300 P.P.";445984.11498267;4470767.256543099;-3.63639650410507;40.38574782146099
"URB";13;6946;"41058";"Av. Albufera - Rafael Alberti-Fuengirola";445691.547566608;4470926.389032263;-3.63985679516434;40.38716236819464
"URB";8;11103;"42072";"PICO DE MAJALASNA E-O (EMILIO DOMINGUEZ-RAMON GOMEZ DE LA SERNA)";438819.611677708;4481697.751056215;-3.72185250128821;40.48371887465287
"URB";8;11104;"42073";"RAMON GOMEZ DE LA SERNA S-N (JULIO CALVO-PICO DE MAJALASNA)";438764.380297601;4481648.569362269;-3.7224993631965;40.48327175802857
"URB";8;11102;"42074";"RAMON GOMEZ DE LA SERNA O-E (MARIA ISABEL NAVARRO-RISCOS DE POLANCO)";438696.900597464;4481782.901789754;-3.72330846419984;40.48447688902289
"URB";13;5855;"41047";"Av. Albufera - Puerto de Alcolea-Concordia";443509.63533348;4471974.977792716;-3.66565526380743;40.3964635713291
"URB";13;5856;"41048";"Av. Albufera - Av. Buenos Aires-Sierra Faladora";444613.394446968;4471405.351498077;-3.65260036257142;40.39140617214901
"URB";13;5857;"41049";"Av. Albufera - Sierra Faladora-Adra";444769.006586541;4471385.269373778;-3.65076521173719;40.39123559281332
"URB";13;5858;"41050";"Av. Albufera - Pedro Laborde-Adra";444931.2198712;4471370.197680505;-3.64885272921155;40.39111055774729
"URB";13;5860;"41052";"Av. Albufera - Cantalapiedra-Josefa Díaz";444196.681168993;4471495.734883698;-3.65751795854905;40.39219258662845
"URB";12;4776;"48007";"(AFOROS)R. YBARRA S-N(D. BARRANCO-M. USERA)";439627.54907086;4470573.271131122;-3.71126380376747;40.38356392825241
"URB";12;4807;"48009";"RAFAELA YBARRA S-N(VERJA-D.BARRANCO)";439628.431621913;4470411.359853607;-3.71123806592936;40.38210541290633
"URB";13;5864;"41403";"Santiago Alió - Santiago Alió-Av. Albufera";445235.831479017;4471173.453771848;-3.64524691630399;40.38935824902973
"URB";13;5865;"41404";"Fuengirola - Av. Albufera-Benalmádena";445775.725219944;4470858.575049239;-3.63885930861682;40.38655693984756
"URB";13;5867;"41406";"Ramón Pérez de Ayala  - Ramón Pérez de Ayala-El Bosco";444684.144843873;4472571.186820159;-3.65186806994926;40.40191341694554
"URB";13;5868;"41407";"Sierra de Cameros - Peña Gorbea-Av. Albufera";443592.649991563;4471889.505867758;-3.6646695497843;40.39569921771817
"URB";11;5043;"49010";"GRAL. RICARDOS O-E(CASTRO ORO-CLARISAS)";438049.356385036;4471266.294256701;-3.7299228907592;40.3896911554592
"URB";11;5044;"49011";"GRAL. RICARDOS O-E(OPORTO-CASTRO ORO)";437967.015845044;4471193.785609759;-3.73088591780862;40.38903183652723
"URB";11;5045;"49012";"(AFOROS) GRAL. RICARDOS E-O(GAVIOTA-FCO. GARCIA)";437709.887477957;4470984.374555659;-3.73389474671083;40.38712617914905
"URB";20;5923;"44019";"Alcalá - Rio Bamba-General Aranaz";446187.810026753;4476664.184610345;-3.63449554385309;40.43888410458766
"URB";20;5924;"44020";"Alcalá  - Miguel Yuste-San Romualdo";446996.582597555;4476937.071331782;-3.62498267441465;40.44139436961854
"URB";15;5925;"44021";"Alcalá - Concejal Julio Gomez-Florencio Llorente";444807.267796575;4475995.77231649;-3.6507143782445;40.43277220301434
"URB";15;3644;"44022";"Alcalá - Santa Elena - Maximo San Juan";444753.744992937;4475983.51463398;-3.65134430026916;40.4326582257966
"URB";15;3645;"44023";"Alcalá - Argentina - Concejal Juilo Gomez";444895.736897403;4476011.814945981;-3.64967279482074;40.43292258965133
"URB";15;3775;"44025";"Alcalá - Boldano-Arturo Soria";445756.928222646;4476486.19449381;-3.63956054558905;40.43725267599999
"URB";11;10282;"49300";"(MICRO) GRAL. RICARDOS E-O GIRO (PL. TOROS-CLARA CAMPOAMOR)";437472.625473131;4470792.190141628;-3.73667105815368;40.38537712096225
"URB";11;5036;"49301";"(MICRO)GRAL. RICARDOS O-E(BLASON-PSO. MARCELINO CAMACHO)GIRO PSO. MARCELINO CAMACHO";437213.035251167;4470698.119641647;-3.73971992840779;40.38451016894833
"URB";15;5934;"44036";"Lago Constanza  - Lago Constanza-Alcalá";445050.783670398;4475974.008052736;-3.64784165393335;40.43259226195141
"URB";15;5935;"44037";"Virgen del Sagrario  - Virgen del Sagrario-Alcalá";445077.397329395;4476123.362405445;-3.6475408092093;40.4339394858583
"URB";15;5936;"44038";"Emilio Ferrari - Amos Escalante-Alcalá";445394.188748247;4476187.988291214;-3.64381159632204;40.43454253075774
"URB";15;5937;"44039";"Vicente Espinel  - Vicente Espinel-Alcalá";445618.799139425;4476342.610711415;-3.64117679157423;40.43595017242636
"URB";11;3742;"50020";"PSO. STA. DE LA  CABEZA N-S Lateral";439181.316083485;4470885.953726862;-3.71655045336326;40.38634827506873
"URB";11;5087;"50021";"ANTONIO LEYVA S-N(ALEJANDRO SANCHEZ-STA. LUCRECIA)";439165.903949294;4471035.404818818;-3.71674629369471;40.38769347881809
"URB";15;10725;"44059";"Alcalá - Lago Constanza-Ezequiel Solana";445045.129456942;4476037.678545607;-3.64791381737238;40.4331654671945
"URB";15;10732;"44060";"Alcalá - Urquiza-Gutierre de Cetina";445203.37148461;4476135.582630966;-3.64605670960887;40.43405788157511
"URB";15;10733;"44061";"Alcalá - Gutierre de Cetina-Emilio Ferrari";445318.413403206;4476206.722059666;-3.6447065585367;40.4347063163633
"URB";15;10735;"44062";"Alcalá - Vicente Espinel-Vazquez de Mella";445638.547265059;4476405.811559306;-3.64094937343813;40.4365208119309
"URB";8;10311;"73031";"MARIA DE MAEZTU O-E(TERESA CLARAMUNT-SENDA DEL INFANTE)";438505.514325101;4482629.538089193;-3.72564858131125;40.49208950319973
"URB";8;10312;"73032";"TERESA CLARAMUNT S-N(ARROYO DEL MONTE-MARIA DE MAEZTU)";438572.91980093;4482553.445932108;-3.72484586629527;40.49140903243626
"URB";8;10315;"73033";"MARIA DE MAEZTU E-O(FEDERICA MONTSENY-MARGARITA NELKEN)";438320.878535331;4482482.723093255;-3.72781286852857;40.49075324891052
"URB";8;10314;"73034";"MARIA DE MAEZTU O-E(FEDERICA MONTSENY-TERESA CLARAMUNT)";438414.024290641;4482535.303091212;-3.72671894351999;40.49123382192758
"URB";8;10316;"73035";"FEDERICA MONTSENY N-S(MADRE TERESA CALCUTA-MARIA DE MAEZTU)";438280.773171587;4482583.107399966;-3.72829585167358;40.49165456045375
"URB";8;3814;"73400";"(TÁCTICO) CTRA. EL PARDO S-N(PALACIO DE LA ZARZUELA)";436079.429940351;4482234.681200501;-3.75423478012529;40.48834924439475
"URB";8;3680;"73401";"(TÁCTICO) SALIDA PALACIO ZARZUELA A LA CTRA EL PARDO";436063.939025025;4482238.4145686;-3.7544179277204;40.48838168259062
"URB";8;6547;"73402";"(TÁCTICO) CAMINO TIRO A PICHON";436107.633352393;4482265.325943109;-3.75390510875801;40.48862747134222
"URB";15;11180;"44088";"Alcalá 361 - Federico Gutiérrez-Emilio Gastesi Fdez";445272.450379963;4476188.82095123;-3.64524689739141;40.4345420300919
"URB";15;11179;"44089";"Alcalá 361 - Federico Gutiérrez-Emilio Gastesi Fdez";445274.096629649;4476186.186951733;-3.64522726218208;40.43451840989564
"URB";15;11182;"44090";"Alcalá 328 - Ezequiel Solana-Los Urquiza";445127.419274987;4476088.208753562;-3.64694804796317;40.43362610413059
"URB";15;11181;"44091";"Alcalá 328 - Ezequiel Solana-Los Urquiza";445126.212025218;4476091.062253017;-3.64696252695858;40.43365173037546
"URB";20;5943;"44401";"Miguel Yuste  - Miguel Yuste-Alcalá";446951.04821919;4476894.726507303;-3.62551602071649;40.44100999923873
"URB";20;3528;"44402";"Tumaco - Tumaco-Tampico";446115.327032004;4477351.217346878;-3.63540840996762;40.44506858496622
"URB";8;6579;"75405";"(TACTICO) MANRESA E-O GIRO";441518.778915562;4482534.757783815;-3.69008515470598;40.49145346287244
"URB";8;6580;"75406";"(TACTICO) ORDUÑA O-E GIRO";441548.423414817;4482505.519063416;-3.68973267338287;40.49119215742254
"URB";8;3787;"75407";"(TACTICO) ISLA JAVA E-O";441874.443669364;4482496.131151608;-3.68588501300309;40.49113048159809
"URB";8;6953;"75410";"(TACTICO) ALONSO QUIJANO O-E";441900.468994343;4484015.708132718;-3.68571729640304;40.50482122866562
"URB";15;11176;"44084";"Alcalá 408 - Arcones Gil-Alfonso Paso";445793.865865118;4476502.237522868;-3.63912642142095;40.43739960903019
"URB";15;11178;"44087";"Alcalá 374 - Río Ulla-Campuzano";445499.607930086;4476323.006163339;-3.64258034000575;40.43576576146474
"URB";8;10384;"76028";"AV. SANTUARIO VALVERDE O-E(MONASTERIO DE BATUECAS-MONASTERIO DE LAS HUELGAS)";440210.967082991;4484112.270765368;-3.70566527356779;40.50557106297169
"URB";15;5956;"45010";"Hermanos García Noblejas - Gandhi-Fco. Largo Caballero";446618.87641318;4475198.784718171;-3.62929008960811;40.4257107108867
"URB";20;5957;"45011";"Hermanos García Noblejas - Pobladura del Valle-Av. Arcentales";446783.559760856;4474922.682534263;-3.62732570141771;40.42323396737903
"URB";15;5958;"45012";"Hermanos García Noblejas - Fco. Largo Caballero-Pobladura del Valle";446808.004883405;4474851.340649515;-3.62703158619896;40.42259283988594
"URB";8;10337;"76019";"MONASTERIO ARLANZA N-S (SANTUARIO VALVERDE - ESCORIAL)";441268.812600584;4484704.622687658;-3.69323577957477;40.51098273683119
"URB";8;10363;"76020";"MONASTERIO DE SILOS O-E (MONTESCLAROS - PAULAR)";440569.770816044;4483854.407301022;-3.7014065648893;40.50327392190325
"URB";8;10381;"76025";"MONASTERIO DE BATUECAS S-N(MONASTERIO DE EL ESCORIAL-AV. SANTUARIO VALVERDE)";440304.159950571;4484041.871605887;-3.70455879941276;40.50494359492068
"URB";8;10382;"76026";"MONASTERIO DE BATUECAS N-S(AV. SANTUARIO VALVERDE-MONASTERIO DE EL ESCORIAL)";440300.390130711;4484039.67667793;-3.70460308251598;40.50492355102303
"URB";8;10383;"76027";"AV. SANTUARIO VALVERDE E-O(MONASTERIO DE LAS HUELGAS-MONASTERIO DE BATUECAS)";440223.719933622;4484107.510169466;-3.70551431839907;40.50552909691934
"URB";8;10061;"78019";"ACCESO M-40 O-E(ENTRADA PORTOMARIN)";443442.871978771;4484904.247828814;-3.66759370807107;40.51293212466142
"URB";8;10090;"78021";"SIERRA DE ATAPUERCA N-S (PORTOMARÍN-TIERRA DE MELIDE)";443726.684056907;4484375.160950419;-3.6641968099074;40.5081852034054
"URB";15;5959;"45013";"Hermanos García Noblejas - Francisco Largo Caballero-Pobladura del Valle";446810.824031787;4474858.057895538;-3.62699891759475;40.42265353310555
"URB";20;5960;"45014";"Hermanos García Noblejas - Villaescusa-Pobladura del Valle";446887.586777349;4474731.94886199;-3.62608354973062;40.42152237023313
"URB";15;5961;"45015";"Hermanos García Noblejas - Villaescusa-Nicolás Salmerón";446994.783444451;4474509.681881117;-3.6248014728662;40.41952688936658
"URB";20;5962;"45016";"Julián Camarillo - Albarraciín-Hermanos García Noblejas";446305.750961116;4476072.630756443;-3.6330550076045;40.43356267366705
"URB";10;10989;"80002";"(BUS) AV. POBLADOS O-E(LUIS CHAMIZO-AV. LAS AGUILAS)";435219.861793508;4470962.766246515;-3.76322731755448;40.38674162385782
"URB";10;3770;"80003";"ESCALONA S-N(SESEÑA-MAQUEDA)";435061.468526328;4471918.128687952;-3.76519072687323;40.39533556746884
"URB";15;5982;"45037";"Hermanos García Noblejas - Pobladura del Vallle-Villaescusa";446881.369937447;4474714.390718793;-3.62615536243039;40.4213637989932
"URB";20;5983;"45038";"Hermanos García Noblejas - Pl. Alsacia-Pobladura del Valle";447010.288651789;4474507.757646616;-3.62461855448767;40.41951054218742
"URB";20;5985;"45040";"Hermanos García Noblejas - Albasanz-Argos";446067.417226343;4476239.099057957;-3.63587892472093;40.43504689443686
"URB";10;10418;"80303";"(MICRO)AV. POBLADOS O-E GIRO PADRE PIQUER(DELANTE GR-7)";434853.01069332;4471357.932296201;-3.76758953582971;40.39027282608974
"URB";10;11479;"80305";"(MICRO) AV. POBLADO GIRO GRUPO 6";434695.150277191;4471562.634653865;-3.76947034461056;40.39210450148771
"URB";15;10719;"45073";"Hermanos García Noblejas - Vital Aza-Ascao";446136.310327567;4476074.647524447;-3.63505276678497;40.43356988594299
"URB";15;10714;"45074";"Hermanos García Noblejas - Pl. Orotava-Santo Domingo Savio";446224.407513871;4475912.300857587;-3.63400042542079;40.43211307454823
"URB";15;10709;"45077";"Hermanos García Noblejas - Castillo de Arévalo-Castillo de Uclés";446505.705836064;4475395.313600481;-3.63064067474344;40.42747388990305
"URB";15;10706;"45078";"Hermanos García Noblejas - Gandhi-Av. Arcentales";446611.991213918;4475200.667002861;-3.62937141005681;40.42572722581836
"URB";10;5182;"81400";"(TACTICO) Pº.ERMITA SANTO O-E (ENTRADA)";438647.680462163;4473599.749895222;-3.72309865552486;40.41075627736085
"URB";10;5190;"81402";"(TACTICO)AV. CAPRICHOS S-N(ENTRADA A SEPULVEDA)";438152.098084493;4473136.90637025;-3.72889415999562;40.40655010732912
"URB";20;6007;"45414";"Pl. Alsacia - Salida Intercambiador - Aquitania-Av. Guadalajara";447148.202990164;4474339.147268749;-3.62297896327108;40.41800036696935
"URB";15;6009;"46001";"Arturo Soria - Ángel Gordillo-Emeterio Castaños";443667.910858986;4479276.878207959;-3.66443740972991;40.46225365201786
"URB";15;6010;"46002";"Arturo Soria - Emeterio Castaños-Allende Salazar";443758.344884924;4479179.189861297;-3.66336215064066;40.46137975507855
"URB";15;6011;"46003";"Arturo Soria - Emilio Rubin-Pablo Vidal";443865.568764373;4479081.124488099;-3.66208886732253;40.46050358575833
"URB";11;5256;"84021";"AV. PESETA E-O(CUEVAS ALTAMIRA-PINAR SAN JOSE)";435299.988191863;4468365.099710486;-3.76201969233419;40.3633469828987
"URB";11;5257;"84022";"PINAR SAN JOSE S-N(PATRIMONIO HUMANIDAD-AV. PESETA)";435169.666413553;4468400.698781068;-3.76355807744032;40.36365755194468
"URB";15;6030;"46023";"Belisana - Belisana-Arturo Soria";444322.371179263;4478777.690576612;-3.65667473971358;40.45780083732699
"URB";15;6031;"46024";"José Silva - Agastia-Arturo Soria";444261.338204186;4478505.042543001;-3.6573705924657;40.45534059729209
"URB";15;6033;"46026";"Hernández de Tejada  - Hernández de Tejada-Arturo Soria";444809.460645258;4477597.716623445;-3.65082768272727;40.44720351755974
"URB";16;6034;"46027";"López de Hoyos  - Mesena-Ctra. Canillas";444157.326899205;4479249.993125889;-3.65866274179752;40.46204449507159
"URB";11;9941;"84044";"AV. PESETA E-O (TRENTIN - LUIS ORO)";436745.127679472;4468373.429526913;-3.74500142563998;40.36353290889993
"URB";11;9942;"84046";"AV. PESETA E-O(MARAVEDI-DINERO)";436398.759682599;4468277.588277267;-3.74907098195595;40.36264317732333
"URB";15;10114;"46045";"Bueso Pineda - Asura - Arturo Soria";444549.556272109;4478442.626076254;-3.6539661654564;40.45479759815748
"URB";15;10117;"46046";"Arturo Soria - Duque de Tamames - Ramirez de Arellano";444680.935719968;4477997.930085609;-3.65237806617014;40.45080030469846
"URB";15;10119;"46049";"Ramirez de Arellano - Agastia - Arturo Soria";444634.24556324;4477862.517499696;-3.65291684329399;40.44957732996057
"URB";15;10125;"46050";"Jose del Hierro - Dr. Vallejo - Mandarina";445327.91255089;4476785.977110665;-3.64464440733763;40.43992518816707
"URB";15;10738;"46069";"López de Hoyos  - Arturo Soria - Asura";444098.43637135;4479068.191821379;-3.65934129724574;40.46040278078744
"URB";15;10824;"46070";"Torrelaguna - Rafael Bergamin - Treviana";444126.965076532;4477990.548087808;-3.658909988;40.45069675195876
"URB";11;9853;"84405";"(TACTICO)CUEVAS ALTAMIRA S-N(PATRIMONIO HUMANIDAD-AV. PESETA)";435475.527184571;4468246.283017807;-3.75994039278028;40.36229023248337
"URB";11;5297;"84406";"(TACTICO)CARPIO Y TORTA O-E(PRADO MERINERO-AV. CARABANCHEL ALTO)";435991.992135336;4468473.940359296;-3.75388104785568;40.36438087945181
"URB";11;9978;"84407";"(TACTICO) AV. EURO E-O(EXCELENTE-AV. CARABANCHEL ALTO)";436037.048750995;4468424.434814577;-3.75334545323542;40.3639383688269
"URB";15;10825;"46071";"Torrelaguna - Entrena - Rodezno";444202.269113819;4477888.156043829;-3.65801298708163;40.44977941110625
"URB";15;10826;"46072";"Torrelaguna - Rodezno - Auto";444239.682187957;4477806.925141181;-3.65756467624194;40.449050152485
"URB";15;10827;"46073";"Torrelaguna - Emilio Vargas - Ramirez de Arellano";444329.990296274;4477618.091054549;-3.65648321344795;40.44735509142917
"URB";15;10828;"46074";"Emilio Vargas - Agastia - Torrelaguna";444437.396282844;4477642.066109487;-3.65521881484284;40.44757825658257
"URB";15;10829;"46075";"Torrelaguna - Ramirez de Arellano - Valvanera";444265.277136888;4477761.38185366;-3.65725886455074;40.44864159187718
"URB";15;10830;"46076";"Torrelaguna - Ramirez de Arellano - Emilio Vargas";444289.695190144;4477699.779559793;-3.65696552561623;40.44808828381961
"URB";11;5289;"85015";"ANTONIO LÓPEZ E-O (ORGAZ-MONTSERRAT)";439563.683724911;4471964.846949778;-3.71214820215479;40.39609530479307
"URB";11;5290;"85016";"ANTONIO LÓPEZ O-E (ESTEBAN ARTEAGA-MARQUES JURA REAL)";439800.790711723;4471807.143769479;-3.70933955864442;40.39469180923268
"URB";15;11468;"46086";"Arturo Soria 17 - Protasio Gomez - Jose del Hierro";445765.486649312;4476778.908457177;-3.6394846272275;40.43989016425594
"URB";16;11481;"46087";"Gregorio Benítez 7 - A-2-Asura";445083.82131368;4477965.341949346;-3.64762430463442;40.45053344865828
"URB";15;6050;"46405";"Arturo Soria - Giro a Torrecilla del Puerto";444720.194092452;4477936.503767456;-3.65190977300536;40.45024955655586
"URB";15;6055;"46410";"Fernández Caro - Agastia-Arturo Soria";445262.389625167;4477296.399440777;-3.64546092863607;40.4445190373416
"URB";12;4796;"85039";"DR. TOLOSA LATOUR O-E(GIRO INTERNO))";440906.206783295;4470174.984305429;-3.6961637278989;40.38006761467505
"URB";12;4797;"85040";"SOCUELLAMOS O-E(AV.CORDOBA-ANTONIO LOPEZ)";440907.352298662;4470256.058339857;-3.69615775202604;40.38079805479754
"URB";15;6074;"47013";"Av. San Luis - Condado de Treviño-Arturo Soria";443214.646376284;4480870.38086181;-3.66992595521642;40.47657779195227
"URB";15;6076;"47015";"Julio Danvila - Mesena-Arturo Soria";443546.455143752;4480331.846242713;-3.66596375515686;40.4717490502257
"URB";15;6077;"47016";"Av. San Luis  - Golfo de Salonica-Arturo Soria";443423.634964324;4480738.703188079;-3.66744882183366;40.47540584433685
"URB";16;6078;"47017";"Av. San Luis - Eladio López Vilches-Cuevas de Almanzora";443719.45399451;4480592.285255815;-3.66394618379019;40.47410694421916
"URB";16;6079;"47018";"Cuevas de Almanzora  - Bacares-Av. San Luis";443819.998962565;4480593.507989059;-3.6627602302996;40.47412476633745
"URB";16;10109;"47045";"Salida a M-11 E-O  - (Dulce Chacón-M-11)";443757.065962614;4481707.226044214;-3.66360139279992;40.4841533795685
"URB";16;6111;"47046";"Av. San Luis 77 O-E - Eladio López Vilches-Julio Dánvila";443771.063628486;4480508.938322948;-3.66332999067141;40.47335961250661
"URB";16;3777;"47047";"Añastro - Burgo de Osma-Mesena";443811.324329454;4479887.537184278;-3.66280002756439;40.46776446740112
"URB";16;10743;"47048";"Avda. San Luis - Eladio López Vilches_C.de las Cuevas de Almanzora";443716.413013762;4480589.244275068;-3.66398178634801;40.47407934360439
"URB";12;11483;"85061";"DR. TOLOSA LATOUR ( CRISTO DE LA VEGA Y  DR. TOLOSA LATOUR 16)";440347.477657089;4469597.531406505;-3.70269140994659;40.37482580028544
"URB";12;11472;"85062";"DR. TOLOSA LATOUR ( CAMINO DEL RIO Y DR. TOLOSA LATOUR 16)";440350.999154876;4469437.04144426;-3.70263491276118;40.37338027208553
"URB";12;11473;"85063";"SALIDA ANTIGUO HOSPITAL 12 OCTUBRE";440423.770942014;4469513.786550381;-3.7017849315907;40.37407683836067
"URB";16;10746;"47049";"Avda. San Luis - Eladio López Vilches_Julio Dánvila";443768.100621604;4480507.37884564;-3.66336480463998;40.47334536342072
"URB";12;10262;"85401";"(TACTICO) ANTONIO LOPEZ N-S (GIRO HACIA EUGENIO CAXES)";440301.825070568;4471455.997513941;-3.70340327538861;40.39156456889865
"URB";12;4785;"85402";"(TACTICO) ANTONIO LOPEZ N-S GIRO A VADO (ANTES GR-3)";440909.509159904;4470766.299174592;-3.69617966420817;40.38539473189201
"URB";16;6102;"47043";"Mesena - Manuel Uribe-Añastro";443773.337852947;4479786.028834906;-3.6632390909096;40.46684746247075
"URB";15;6103;"47044";"Mesena  - Ramonet-Añastro";443739.32970708;4479932.600264186;-3.66365321605911;40.46816554398121
"URB";10;5317;"86019";"AV. AVIACION O-E(MEDINA CAMPO-BASE MILITAR CUATRO VIENTOS)";433437.461514775;4470069.733300063;-3.78413209029448;40.37855636050372
"URB";10;5323;"86020";"MONROY N-S(AV. LAS AGUILAS-AV. AVIACION)";433497.669512761;4469966.884123266;-3.78341214809041;40.37763466407202
"URB";15;3778;"47409";"Av. San Luis  - Arturo Soria-Mesena";443576.878543928;4480668.897672608;-3.66563486588464;40.47478742993484
"URB";16;6110;"47410";"Eladio López Vilches - Mesena-Av. San Luis";443691.3035486;4480585.576705402;-3.66427766014055;40.47404460249439
"URB";16;6112;"47412";"Av. San Luis  - Eladio López Vilches-Cuevas Almanzora";443761.987381;4480536.480717999;-3.66343949793414;40.47360711251689
"URB";15;9984;"47511";"Cta. Sagrados Corazones  - Sta. María Magdalena-Arturo Soria";443418.175664726;4479775.09215921;-3.66742727283946;40.46672482614318
"URB";15;10009;"47601";"Arturo Soria - Eladio López Vilches-Av. San Luis";443358.372261921;4480733.502808953;-3.66821823194778;40.47535454857147
"URB";15;10010;"47602";"Av. San Luis - Golfo de Salonica-Arturo Soria";443362.022008264;4480785.673016655;-3.66817983660544;40.47582476999441
"URB";15;9857;"47603";"Acceso Cuesta Sagrado Corazón -O - M-30-Cuesta Sagrado Corazón";443398.285148741;4479866.553594656;-3.66767004127901;40.46754739791839
"URB";14;6457;"52018";"Acceso O´Donnell - Acceso Arroyo Media Legua desde O´Donnell";444743.017470343;4473925.596456663;-3.6512919364573;40.41411863714363
"URB";14;6439;"52019";"Doctor García Tapia  - Fonfo de Saco Av. Doctor García Tapia-Arroyo Media Legua";444619.312505486;4473720.431349332;-3.65273204822991;40.41226217044149
"URB";14;6463;"52020";"Doctor García Tapia - Fondo Saco-Doctor García Tapia-Arroyo Media Legua";444561.028239897;4473722.058826687;-3.65341910212066;40.41227295169022
"URB";14;10750;"52022";"Camino Vinateros - Manuel Machado-Diego de Valderrábano";444068.400535401;4473539.640168647;-3.65920895008893;40.41059666435485
"URB";14;10807;"52023";"Camino Vinateros - Arroyo Media Legua-Corregidor Diego Valderrábano";444246.339330769;4473553.442969059;-3.65711310672167;40.4107329450747
"URB";10;5316;"86400";"(TACTICO)ALDEA NUEVA VERA N-S(TALAYUELA-AV. AVIACION)";434055.336973958;4469683.791861956;-3.77681398762129;40.3751287746149
"URB";10;5318;"86401";"(TACTICO)AV. AVIACION O-N(GIRO A NAVALMORAL DE LA MATA)";433939.933980751;4469679.864304659;-3.77817288434383;40.37508425466533
"URB";12;5352;"87021";"AV. ROSALES N-S (TANATORIO-M-40)";441857.647872974;4468340.87711623;-3.68478861937004;40.36361184728706
"URB";14;10808;"52024";"Camino Vinateros - Corregidor Diego Valderrábano-Arroyo Media Legua";444266.645435321;4473537.047986438;-3.65687235764423;40.41058660960205
"URB";14;6124;"52013";"Pico Artilleros - Hacienda de Pavones-Camino Vinateros";445494.142418044;4472820.70855581;-3.64234461714483;40.40421467682796
"URB";14;6125;"52014";"Pico Artilleros - Luis de Hoyos Saínz-Camino Vinateros";445630.582693598;4472965.599096375;-3.64074915844592;40.40552885964109
"URB";14;6453;"52017";"Arroyo Media Legua - Acceso O´Donnell";444667.573510715;4473918.869761918;-3.6521805245465;40.41405302701716
"URB";17;3484;"94005";"AV. REAL PINTO N-S(RESINA-SAN EZEQUIEL)";439493.20762153;4465148.237989042;-3.71233184035068;40.3346825333865
"URB";17;5388;"94006";"AV. REAL PINTO S-N(LAGUNA MARQUESADO-RESINA)";439504.262669175;4465146.88190025;-3.71220157303156;40.33467111831729
"URB";17;5389;"94007";"RESINA E-O(SAN ERASMO-AV. REAL PINTO)";439665.719860534;4465274.307604012;-3.71031295280089;40.33583073087655
"URB";13;11107;"52029";"El Bosco E-O (Sierra Toledana-Cerámica) - Sierra Toledana-Cerámica";444154.644857454;4472957.542622373;-3.65814145647812;40.40535858828173
"URB";13;11106;"52030";"Sierra Toledana Puente A-3 - Corregidor Alonso-El Bosco";444090.273591083;4472997.997938203;-3.65890358274705;40.40571871260376
"URB";13;11108;"52031";"Sierra Toledana, 63 - Elvira-San Florencio";444059.230302064;4472873.208655841;-3.65925844081863;40.40459245398241
"URB";13;11111;"52032";"Sierra Toledana, 43 - San Florencio-Garganta de Aísa";444016.403387296;4472774.033087867;-3.65975439838747;40.40369614496138
"URB";13;11110;"52033";"Sierra Toledana, 38 - Dr. Lozano-Garganta de Aísa";444006.799814884;4472735.879825711;-3.6598642109398;40.40335179267787
"URB";14;11183;"52036";"Arroyo Belincoso - Dr. García Tapia - Camino Vinateros";444666.070510731;4473593.592004481;-3.6521699482228;40.41112263840276
"URB";17;3483;"94300";"(MICRO) LAGUNA MARQUESADO E-O(GIRO A SAN EZEQUIEL)";439474.45197103;4465041.253118859;-3.71254249201274;40.33371739138875
"URB";17;5397;"94400";"(TACTICO)MAGNESIA E-O(BISMUTO-AV. REAL PINTO)";439948.29306517;4466093.465973605;-3.70706350732944;40.3432305689618
"URB";10;5035;"95013";"FRUELA N-S";438004.401612474;4473858.589794958;-3.73070498203628;40.41304035575054
"URB";13;6129;"52407";"El Bosco - Maruja García Romero-Cerámica";444455.334590595;4472846.646768434;-3.6545883486609;40.40437968907771
"URB";13;6130;"52408";"Acceso desde Vía Servicio A-3 - El Bosco-A-3";444472.3918186;4472849.662978352;-3.65438760650228;40.4044079986314
"URB";13;6131;"52409";"Acceso Vía Servicio A-3 - El Bosco-A-3";444464.681909315;4472856.878198539;-3.65447909099091;40.40447248330188
"URB";13;6132;"52410";"Maruja García Romero - Maruja García Romero-El Bosco";444454.960383031;4472806.624458315;-3.65458926570346;40.40401911982591
"URB";14;6465;"52411";"Arroyo Media Legua - M-23-Alcalde Garrido Juaristi";444704.521596651;4473960.143084324;-3.65174864688197;40.41442729625718
"URB";10;5034;"95021";"REPULLES VARGASS-N";437640.655887235;4473644.347340845;-3.73497090302145;40.41108319771817
"URB";10;10429;"95022";"PSO. EXTREMADURA E-O(SAAVEDRA FAJARDO-ALONSO FERNANDEZ)";438470.672861371;4473968.804947139;-3.72522040069733;40.41406782087831
"URB";15;6133;"53001";"Av. Marqués de Corbera  - M-30-Ricardo Ortíz";444239.271094039;4474776.145099079;-3.65730359005713;40.42174725588647
"URB";15;6134;"53002";"Av. Marqués de Corbera - Montejurra-Ricardo Ortíz";444399.576180418;4474938.855834733;-3.6554282689896;40.42322377136295
"URB";15;10306;"53003";"Av. Marqués de Corbera - Montejurra-María Teresa Saenz";444655.884128088;4475166.22114554;-3.65242683875928;40.4252890926022
"URB";15;6137;"53005";"Av. Marqués de Corbera - María Teresa Saenz de Heredia-Santa Prisca";444757.813900531;4475261.659436654;-3.65123360057519;40.42615562800042
"URB";15;3487;"53006";"Av. Marqués de Corbera - Hermanos Machado-Santa Prisca";444938.638100366;4475496.540499236;-3.64912239083255;40.42828355461656
"URB";15;6142;"53011";"Ascao  - Luis Ruíz-Emilio Ferrari";445811.429285112;4475800.087340857;-3.6388594799868;40.43107538909452
"URB";10;10966;"95043";"VIA CARPETANA E-O (ERMITA DEL SANTO-CARAMUEL)";438152.004491944;4472719.459991836;-3.72885469846144;40.40278955949733
"URB";11;10967;"95044";"VIA CARPETANA O-E (ERMITA DEL SANTO-CARAMUEL)";438006.720768429;4472594.167784588;-3.73055447701128;40.40165006769459
"URB";15;6152;"53022";"Poeta Blas de Otero - Santa Irene-Félix Rodríguez de la Fuente";444540.736765559;4474641.038511971;-3.65373837137287;40.42055028827122
"URB";15;6155;"53025";"Av. Daroca - Av. Daroca-Santa Genoveva";444988.825380799;4475439.502486493;-3.64852582964237;40.42777304479705
"URB";15;6156;"53026";"Av. Daroca  - Av. de las Trece Rosas-Salida Cementerio";445165.937799158;4475335.005113093;-3.64642896749244;40.42684336695088
"URB";15;6157;"53027";"Av. Daroca - Lago Constanza-Ledesma";445206.268244153;4475323.26374763;-3.64595253581254;40.42674025141865
"URB";11;5109;"96042";"PSO. MARCELINO CAMACHO E-O(LAGUNA-ANTOLINA MERINO)";436989.247940717;4470948.899252905;-3.7423810558449;40.38675240829724
"URB";11;5099;"96044";"OCA ENTRE TINTAS Y BERNARDINA ARANGUREN SENTIDO E-O";437111.076343672;4471161.965721644;-3.74096684482744;40.38868101078704
"URB";15;6170;"53044";"Francisco Villaespesa - José María Pereda-Ledesma";445081.946275365;4475561.958732091;-3.64743867421068;40.42888235157944
"URB";15;6172;"53046";"Ledesma  - Ledesma-Francisco Villaespesa";445146.304119417;4475522.068369457;-3.64667655197513;40.4285272432019
"URB";15;6173;"53047";"Av. Daroca - Av. Daroca-Francisco Largo Caballero";445855.19497277;4474850.277474753;-3.63826264160052;40.42252180451034
"URB";15;6175;"53049";"Francisco Largo Caballero - Av. Daroca-Nicolás Salmerón";445968.091673354;4474915.585400188;-3.63693743494016;40.42311747547614
"URB";15;6176;"53050";"Francisco Largo Caballero  - José Arcones Gil-Av. Daroca";446183.271096834;4474921.796973016;-3.63440153634111;40.42318737883544
"URB";15;6177;"53051";"Francisco Largo Caballero - José Arcones Gil-Av. Daroca";445870.698861741;4474930.80558677;-3.6380867463191;40.4232482574262
"URB";10;6830;"98013";"YEBENES S-N(CGIO.H.CORTES-DUQ.PARCENT)";436074.164371036;4471884.50542783;-3.7532554297665;40.39511102096667
"URB";10;4903;"98014";"VALMOJADO ENTRE YEBENES Y SESEÑA";435781.355240501;4472178.946387537;-3.75673509038681;40.39774093597718
"URB";15;10452;"53066";"Francisco Villaespesa - Ezequiel Solana-Salas de Barbadillo";445343.168337057;4475613.401397132;-3.64436368922828;40.42936298036089
"URB";15;10449;"53069";"Ascao - Gutierre Cetina-Emilio Ferrari";445633.694642776;4475683.107606838;-3.64094476409184;40.43000997176054
"URB";15;10445;"53070";"Ascao - (Pl. Vilaflor-Arcones Gil)";446060.43141217;4475933.865194663;-3.63593537882541;40.43229672088405
"URB";15;10446;"53071";"José Arcones Gi - (Fco. Rioja-Ascao)";446030.429207297;4475821.940859922;-3.63627957382749;40.43128649628674
"URB";10;3577;"98412";"(TACTICO)AYLLON N-S";434164.954959715;4472369.314377648;-3.77580036259272;40.39932962379936
"URB";19;6199;"54007";"Calahorra  - Calahorra-Av. Daroca";448003.923123546;4473160.170892299;-3.61279654663142;40.40743329768608
"URB";19;6200;"54008";"Av. Daroca  - Camino Viejo de Vicálvaro-Calahorra";448130.460140339;4472902.981747502;-3.61128437148243;40.40512426317931
"URB";19;3696;"54013";"Paseo Artilleros - Villardondiego-Camino Viejo de Vicálvaro";448305.196716078;4472957.744255262;-3.6092296533461;40.40562846798201
"URB";19;6205;"54015";"Paseo Artilleros - Villajimena-Villablanca";448290.859301903;4473253.609302148;-3.60942265247523;40.40829292428607
"URB";19;3782;"54016";"Paseo Artilleros - Casalarreina-Calahorra";448273.82751536;4473279.213174381;-3.60962545256271;40.40852252260146
"URB";19;3783;"54017";"Av. Vicálvaro a Canillejas - Av. Vicálvaro a Canillejas-Pl. Vicalvarada";448247.009681084;4473533.071588482;-3.60996214771949;40.41080777783156
"URB";19;6986;"54602";"Bulevar José Prat - Bulevar Indalecio Prieto-Cordel de Pavones";447295.124028507;4471998.169849488;-3.62105338090864;40.39692067108227
"URB";19;6985;"54603";"Bulevar José Prat - Cordel de Pavones-Bulevar Indalecio Prieto";447282.894549657;4472071.497116715;-3.6212035514716;40.39758047686794
"URB";2;4148;"12042";"RAFAEL RIEGO N-S(DELICIAS-ANCORA)";441265.743224552;4472801.645771006;-3.69217068216731;40.40375539888942
"URB";16;6240;"55023";"Emigrantes - Tribaldos-Ctra. Canillas";446036.744299449;4479712.869794278;-3.63653575007876;40.46633851527474
"URB";16;6241;"55024";"Moscatelar - Estrecho de Torres-Asura";444649.904866864;4478704.116496087;-3.65280555554739;40.45715992495159
"URB";16;6244;"55027";"Av. Machupichu - Mota del Cuervo-Silvano";446129.874987075;4479428.78862009;-3.63541315298841;40.46378540806385
"URB";16;6245;"55028";"Av. Machupichu - Pl. Manuel Rodrigo-Silvano";446163.451083625;4479183.007585261;-3.63499628642732;40.46157345955898
"URB";16;6246;"55029";"Peonias - Peonias- Pl. Yucatan";446994.399813831;4477966.190731699;-3.62509429462974;40.45066512381541
"URB";16;11009;"55030";"Av. Machupichu - Machaquito - Av. del Papa Negro";446985.239481311;4478775.079899003;-3.62526986055458;40.45795146295234
"URB";16;6253;"55039";"Emigrantes  - Tribaldos-Arequipa";445979.256256741;4479866.840691094;-3.63722693275543;40.46772182828573
"URB";16;6264;"55052";"Av. Papa Negro - Esteban Palacios-Av. Machupichu";447098.726079824;4478775.917998882;-3.62393151535632;40.4579662451729
"URB";16;6272;"55053";"Ricardo San Juan - Leira-Ctra. Canillas";444649.464618027;4479504.252365882;-3.65288052716571;40.4643679174765
"URB";16;10754;"55085";"Emigrantes - Mota del Cuervo-Tribaldos";446045.546627078;4479720.358666851;-3.63643256312663;40.46640655062996
"URB";16;10756;"55086";"Emigrantes - Tribaldos-Arequipa";445982.575021853;4479868.326705324;-3.63718791352561;40.46773543087211
"URB";16;10679;"55089";"Av. del Arroyo del Santo - Gta. Mar Caribe-Arces";447203.498966189;4478317.232950868;-3.6226577189642;40.45384081748631
"URB";16;10681;"55090";"Av. de los Andes - Arroyo del Santo - Petunias";447293.857457143;4478414.422567869;-3.62160020025222;40.45472209116779
"URB";16;10997;"55091";"Av. Machupichu - Silvano-Mota del Cuervo";446140.352034806;4479431.870584524;-3.63528984207461;40.46381385125557
"URB";16;10998;"55092";"Av. Machupichu - Mota del Cuervo-Silvano";446126.552473933;4479428.716391543;-3.63545233453881;40.46378454196038
"URB";16;10999;"55093";"Av. Machupichu - Pl.Manuel Rodrigo-Silvano";446164.245597637;4479187.774669334;-3.63498732014215;40.46161645544574
"URB";15;11064;"55102";"Asura N-S - (Lorenzo Solano Tendero-Estrecho Mesina";444784.754775835;4478299.69150392;-3.65118004337844;40.45352562939878
"URB";15;11065;"55103";"Asura N-S - Estrecho Mesina-Silvano";444841.477717597;4478198.479980381;-3.65050233065585;40.45261763034129
"URB";16;11128;"55108";"Silvano - P.P. Liceo Frances - P.P. Cementerio";445618.593004176;4479074.539573115;-3.64141315449471;40.46056084238159
"URB";1;11301;"15401";"(TACTICO)CCTV CARRERA SAN JERONIMO O-E(PTA SOL-PL.CANALEJAS)";440568.347016669;4474236.553586166;-3.70052279258679;40.41663226003124
"URB";16;11129;"55109";"Silvano - P.P. Cementerio - P.P. Liceo Frances";445547.424659645;4478998.330835344;-3.64224597662809;40.45986965395884
"URB";16;11131;"55111";"Silvano - Umbría - Jaenar";445124.014569844;4478405.244187952;-3.64718835498437;40.45449897137016
"URB";16;11132;"55112";"Silvano - Jaenar - Umbría";445135.148018255;4478412.519356037;-3.64705768759935;40.45456524487999
"URB";16;6273;"55403";"Emigrantes - Trefacio-Tribaldos";446016.884760928;4479775.333682192;-3.63677530846011;40.46689993202442
"URB";16;6276;"55406";"Ángel Cavero - Milán-Silvano";445180.900426811;4478499.365403203;-3.64652563054437;40.45535061805368
"URB";7;4424;"20008";"Vallehermoso, 67  S-N(Donoso Cortés-Cea Bermúdez)";439920.844362744;4476565.275867077;-3.70837444129294;40.43756393771041
"URB";16;6290;"56007";"Santa Susana - Mar Menor-Santa Virgilia";445203.142274102;4480863.639758102;-3.6464675092162;40.4766506520653
"URB";16;6291;"56008";"Santa Susana - Santa Susana-Mar de las Antillas";445188.403973089;4480847.833515961;-3.6466400081204;40.47650728918403
"URB";16;10759;"56010";"Av. San Luis  - Ctra. Acceso Estación de Hortaleza-Lorca";444362.550638185;4480279.491800449;-3.65633255902332;40.47133248247626
"URB";4;9980;"02068";"ALDE SAINZ BARANDA E-O(MARQUES DE CORBERA- M-30)";444000.711653999;4474753.885806382;-3.66011357535553;40.42153071099122
"URB";7;4425;"20009";"Fernando el Cátolico, 10 E-O(Escosura-Vallehermoso)";439982.749521552;4476155.997695952;-3.70760593619726;40.43388145229348
"URB";7;9977;"20010";"Cea Bermudez O-E";439715.132666606;4476713.24872008;-3.71081378562671;40.43888205303628
"URB";5;4437;"21015";"Pº Castellana S-N(Pl.Gregorio Marañon-Pl.San Juan Cruz)";441394.032424087;4476736.171577041;-3.69102151993591;40.43920856945867
"URB";7;4439;"21017";"Santa Engracia, 103 S-N(Ponzano-José Abascal)";440658.064816449;4476513.578099585;-3.69967789731186;40.43715115411887
"URB";7;4440;"21018";"Santa Engracia S-N(Rafael Calvo-Gta. Pintor Sorolla)";440781.512771458;4476123.381533308;-3.69818611214628;40.43364488645474
"URB";7;4441;"21019";"José Abascal, 30 O-E(Alonso Cano-Modesto Lafuente)";440857.774750722;4476643.720829127;-3.6973354733029;40.43833776509938
"URB";2;3722;"14012";"FRAY LUIS DE LEON S-N(PALOS FRONTERA-RONDA VALENCIA)";440682.070758682;4472987.328088518;-3.69906595965796;40.40538673937809
"URB";7;4457;"22004";"Modesto Lafuente, 40 N-S(Cristóbal Bordiu-Rios Rosas)";440981.437911412;4477121.653297577;-3.69592188225401;40.44265198108121
"URB";7;9964;"22013";"AGUSTIN DE BETANCOURT N-S (LATERAL A.BETANCOURT-MAUDES)";441043.39938155;4477416.809299647;-3.69521870419916;40.4453152735009
"URB";7;9967;"22014";"(TACTICO) SALIDA MINISTERIOS";441064.614954216;4477347.158295373;-3.69496208422109;40.44468933053531
"URB";7;4465;"22300";"(MICRO) Pl. San Juan de la Cruz N-S (P.M.3)(Delante G.2)";441317.605572225;4476932.833279093;-3.69194076908651;40.44097479819991
"URB";7;4466;"22301";"(MICRO) Pl. San Juan de la Cruz N-S(Delante G.1) (P.M.4)";441317.56350604;4476973.17882085;-3.69194499171508;40.44133824625579
"URB";7;4467;"22302";"(MICRO) Pl. San Juan de la Cruz S-O(Delante G.13) (P.M.5)";441307.024735108;4476949.315507873;-3.69206704480718;40.44112253083862
"URB";7;4468;"22303";"(MICRO) Pl. San Juan de la Cruz E-O(Delante G.14) (P.M.6)";441275.904276403;4476966.946450271;-3.69243560005596;40.44127916113354
"URB";2;4227;"14028";"Po ACACIAS E-O(GASOMETRO-Po DE LOS OLMOS)";439829.03769916;4472755.914911153;-3.70909641224372;40.40324084449194
"URB";7;3469;"23007";"SAN FRANCISCO DE SALES S-N (ANDRES MELLADO - GUZMAN EL BUENO)";439455.92042368;4477026.361993238;-3.71389974862777;40.44168387534255
"URB";7;6979;"23008";"SAN FRANCISCO DE SALES S-N (GUZMAN EL BUENO-SANTANDER)";439613.491862094;4477164.159696441;-3.71205499479709;40.44293667264358
"URB";7;4473;"23009";"GUZMAN EL BUENO N-S (MAX AUBS-SAN FRANCISCO DE SALES)";439576.186248757;4477214.43130909;-3.71249963807146;40.44338682984613
"URB";7;3395;"23011";"SANTANDER S-N (MELQUIADES ALVAREZ-SAN FRANCISCO DE SALES)";439820.600717886;4477154.851932201;-3.70961214130474;40.44286784034936
"URB";9;9930;"29007";"AV.MIRAFLORES S-N(AV.COMPLUTENSE -SINESIO DELGADO)";438153.35070286;4478924.535832763;-3.72944257531727;40.45868746012345
"URB";9;9932;"29008";"AV.MIRAFLORES N-S(GTA. MIRAFLORES-DEHESA DE LA VILLA)";438140.644152961;4478921.480880842;-3.72959213188635;40.45865899425903
"URB";7;4388;"18011";"Alberto Aguilera E-O(Vallehermoso-Galileo)";439786.124224017;4475730.905734704;-3.70988371720977;40.43003782705767
"URB";2;10407;"30039";"VIRGEN DEL PUERTO S-N(GIRO A PTE SEGOVIA)(MANZANARES-SEGOVIA";438812.957012213;4473841.230762676;-3.72117407503878;40.41294380975955
"URB";2;10408;"30040";"PTE SEGOVIA O-E (GIRO IZQDA)(Po EXTREMADURA -Po VIRGEN DEL PUERTO)";438670.965100576;4473958.187703864;-3.72285879492992;40.41398695892686
"URB";1;7102;"30402";"(TACTICO)SEGOVIA 69 E-O (GIRO A JUAN DUQUE)";438974.82276387;4473952.106903413;-3.71927704115221;40.41395451489161
"URB";6;4495;"31001";"(MICRO) FRANCOS RODRIGUEZ E-O(LOPE DE HARO-MARGARITAS)";440176.893359125;4478676.879796405;-3.70555456102675;40.45660461225709
"URB";6;4496;"31002";"Francos Rodriguez O-E(Juan Encina-Jeronima Llorente)";440128.092752825;4478675.877708458;-3.70612998009563;40.45659207074024
"URB";6;4497;"31003";"Francos Rodriguez E-O(Margaritas-Jose Calvo)";440059.553201655;4478684.02431762;-3.70693904723484;40.45666051806525
"URB";9;4512;"31023";"Antonio Machado N-S(Sinesio Delgado-Isla de Oza)";438943.33470958;4479458.058571978;-3.72017723621444;40.46355204881014
"URB";9;4513;"31024";"PABLO IGLESIAS N-S(MOGUER-ARQUITECTO SANCHEZ ARCAS)";439550.391888166;4478562.39970212;-3.71293208734451;40.45552799642611
"URB";6;4514;"31025";"PABLO IGLESIAS S-N(ARQUITECTO SANCHEZ ARCAS-LECEROS)";439590.052446362;4478616.892290645;-3.71246955734461;40.4560217708628
"URB";9;10212;"31076";"AV.PABLO IGLESIAS N-S (JUAN XXIII - ALMANSA)";439762.574035437;4477954.910795732;-3.71037219796313;40.45007089826603
"URB";9;4537;"31059";"DR.FEDERICO RUBIO Y GALI S-N(MOGUER-FRANCOS RODRIGUEZ)";439492.333937395;4478679.825571949;-3.71362795439623;40.45658158962846
"URB";9;3595;"31060";"DR.FEDERICO RUBIO Y GALI N-S(MOGUER-FCO.DE DIEGO)";439443.391522474;4478618.38912946;-3.71419927868749;40.45602458142906
"URB";6;3767;"31064";"Lope de Haro E-O(Berruguete-Francos Rodriguez)";440273.907032251;4478685.492851525;-3.70441127286765;40.45668917995476
"URB";6;4540;"31065";"(AFOROS) FRANCOS RODRIGUEZ E-O(LORENZANA-Po DIRECCION)";439883.118823933;4478719.307363852;-3.70902310881626;40.45696561765783
"URB";9;3708;"31066";"(TACTICO) PIRINEOS S-N (Ma AUXILIADORA -FRANCOS RODRIGUEZ)";439296.431626382;4478893.177108188;-3.71595865948012;40.45848925581261
"URB";6;10219;"31071";"JERONIMA LLORENTE O-E (WAD-RAS -PAMPLONA)";440075.699941257;4478475.905943464;-3.70672898128702;40.4547868680136
"URB";6;10220;"31072";"PAMPLONA S-N (FERNANDO OSSORIO -JERONIMA LLORENTE)";440173.152734275;4478466.172631026;-3.70557881821782;40.45470620712477
"URB";6;10221;"31073";"PAMPLONA N-S(FRANCOS RODRIGUEZ -JERONIMA LLORENTE)";440077.772061564;4478562.006564558;-3.70671267178153;40.45556264671023
"URB";6;3413;"31074";"AV.FEDERICO RUBIO N-S (ARANJUEZ - ALMANSA)";439840.61494494;4477979.622153866;-3.7094542796119;40.45029915991164
"URB";6;3412;"31075";"AV.FEDERICO RUBIO S-N (PABLO IGLESIAS  - ALMANSA)";439932.911501398;4477784.719820947;-3.70834747831474;40.4485500741981
"URB";16;6317;"56037";"Gregorio Sánchez Herráez - Barranquilla-Barichara";445865.615724456;4480810.869492982;-3.63864791870141;40.47621871897602
"URB";16;6322;"56042";"Santa Virgilia - Santa Virgilia-Gregorio Sánchez Herráez";445733.210386074;4480831.024281796;-3.64021159680217;40.47639164200522
"URB";16;6323;"56043";"Acceso M-40 - M-40-Gregorio Sánchez Herráez";445851.866633169;4480886.823098587;-3.63881659854435;40.47690205050885
"URB";9;10195;"31078";"(TACTICO)JUAN XXIII O-E (OLIMPIADA -PABLO IGLESIAS)";439690.067386366;4478051.667497557;-3.71123638646513;40.45093726427874
"URB";6;6983;"31079";"AV. PABLO IGLESIAS S-N (JUAN MONTALVO-VIVERO)";439883.406777041;4477745.440229107;-3.70892750742104;40.44819264891355
"URB";6;10153;"32001";"PSO. DIRECCION N-S (ALBERDI - CAPITAN BLANCO ARGIBAY)";439999.893880628;4480030.109344203;-3.70776988450559;40.46878227404714
"URB";6;10154;"32003";"CAPITAN BLANCO ARGIBAY O-E (SINESIO DELGADO - PSO. DIRECCION)";439915.399089037;4479974.517085089;-3.70876126003698;40.46827537063734
"URB";6;4545;"32004";"(MICRO) CAPITAN BLANCO ARGIBAY O-E(Po DIRECCION-P.CEBRERO)";439753.912163974;4480162.04588574;-3.71068383799507;40.46995300476578
"URB";8;4546;"32005";"(AFOROS) SINESIO DELGADO E-O(RIBADAVIA-P.CEBRERO)";439800.095873106;4480320.949907618;-3.71015415811194;40.47138781998052
"URB";16;6314;"56034";"Virgen del Carmen - Totana-Ctra. Acceso Estación de Hortaleza";444462.320533498;4480509.50136169;-3.65517582547296;40.47341119470881
"URB";16;6315;"56035";"Monovar - Monovar-Ctra. Acceso Estación de Hortaleza";444378.860780614;4480712.633766249;-3.65617814948885;40.47523552199105
"URB";16;6316;"56036";"Barranquilla - Barranquilla-Gregorio Sánchez Herráez";445806.081971993;4480697.140904956;-3.63934050567704;40.47519031242582
"URB";16;10847;"56056";"Gran Vía de Hortaleza - Gta. Sandro Pertini-Puerto Principe";445434.049351002;4480043.460879209;-3.64367298299769;40.46927727893966
"URB";8;3596;"32028";"GINZO DE LIMIA S-N(VILLA MARIN-MELCHOR FERNANDEZ ALMAGRO)";440410.969235033;4480851.789604591;-3.70299831887575;40.47621387607734
"URB";8;4565;"32029";"MELCHOR FERNANDEZ ALMAGRO O-E(GINZO DE LIMIA-FINISTERRE)";440432.568910778;4480944.973934772;-3.70275226870755;40.47705486542316
"URB";8;4566;"32030";"GINZO DE LIMIA N-S(MONFORTE LEMOS-MELCHOR FERNANDEZ ALMAGRO)";440348.296360801;4481023.025747105;-3.70375375268041;40.47775193654486
"URB";8;4567;"32031";"MELCHOR FERNANDEZ ALMAGRO O-E(FERROL-GINZO DE LIMIA)";440228.106552561;4480891.495916098;-3.70515921879618;40.47655842455431
"URB";8;4569;"32033";"MELCHOR FERNANDEZ ALMAGRO O-E(AV. BETANZOS-FERROL)";439959.892517869;4480819.644897393;-3.70831644402871;40.47589181657993
"URB";16;10651;"56050";"Nevado del Cumbal - Chiquinquira - Aconcagua";446492.018271669;4480088.510212619;-3.63119745440763;40.46975192895891
"URB";16;10844;"56051";"Gran Via de Hortaleza - Andres Obispo - Tijuana";445081.109333301;4479903.844017752;-3.64782401021581;40.46799628243767
"URB";16;10845;"56052";"Gran Via de Hortaleza - Haiti- Grta. Fco. Fernandez Ordoñez";445137.146059125;4479942.071275519;-3.64716634588384;40.46834435521697
"URB";16;6292;"56054";"Av. San Luis - Lorca-Ctra. Estacion de Hortaleza";444362.082794993;4480282.45480733;-3.65633833751943;40.47135914331074
"URB";16;10846;"56055";"Av. Gran Vía de Hortaleza - Gran Vía de Hortaleza-Leira";444610.105036427;4479787.500763792;-3.65336948531371;40.46691693439261
"URB";1;4385;"18007";"Alberto Aguilera O-E(Princesa-Serrano Jover)";439312.036184517;4475789.434381774;-3.71547809311556;40.43053062533814
"URB";8;9919;"32057";"SINESIO DELGADO E-O(HOSPITAL CARLOS III-FINISTERRE)";440774.963651699;4480692.353610487;-3.69868953008696;40.47480365216212
"URB";8;4596;"33012";"SINESIO DELGADO E-O(CARLOS III-MAGNOLIAS)";441464.342322716;4480661.481945775;-3.69055450751837;40.47457442130186
"URB";21;6334;"57003";"Av. Logroño - Manuel Aguilar Muñóz-Los Brezos";449897.985064029;4479144.566186752;-3.59094713239624;40.46146073423934
"URB";21;6337;"57006";"Av. Logroño  - Bureta-Briones";450305.916601526;4479455.57444732;-3.58616022359828;40.46428698286726
"URB";21;6338;"57007";"Av. Logroño  - Bureta-San Severo";450339.82972042;4479471.013650556;-3.58576143382193;40.46442809631088
"URB";21;6339;"57008";"Av. Logroño - Gta. Hermita de la Soledad-San Severo";450508.428371768;4479631.473718112;-3.58378535911499;40.46588367855893
"URB";21;6340;"57009";"Av. Logroño - Av. General-Canal de Suez";450714.16241493;4480051.693020095;-3.58139135417579;40.46968149997232
"URB";21;6341;"57010";"Av. Logroño - Gonzalo de Céspedes-Canal de Suez";450695.671762855;4480218.056281816;-3.58162239508599;40.47117910326983
"URB";21;6342;"57011";"Av. Logroño - Timón-Pajarones";450648.472246076;4480558.632376993;-3.58220565905607;40.47424441361202
"URB";8;4597;"33013";"SINESIO DELGADO E-O(SALIDA TUNEL)";441459.783027311;4480655.281902079;-3.69060771829042;40.47451824744134
"URB";5;4608;"33025";"MAURICIO LEGENDRE N-S(M-30 -VIEJAS)";442086.28633184;4481352.883209867;-3.68328097503287;40.48084645228609
"URB";5;4616;"33033";"MAURICIO LEGENDRE N-S (PADRE PALAU Y QUER - J.VASCONCELOS)";441873.289396161;4480463.376014932;-3.68571226759841;40.4728185222968
"URB";5;4617;"33034";"PADRE PALAU Y QUER O-E (Po CASTELLANA - MAURICIO LEGENDRE)";441832.898036984;4480593.292407765;-3.68620064012687;40.47398603554448
"URB";16;6344;"57605";"Av. Logroño - Isla de Cuba-Luis de la Mata";448206.7230574;4477875.231046;-3.61079074464232;40.44992212894142
"URB";16;6346;"57606";"Av. Logroño - Luis de la Mata-Isla de Cuba";448216.797230033;4477868.053664642;-3.61067136248262;40.44985809851148
"URB";21;9854;"57607";"Av. Partenón - Ribera del Sena-Av. Capital de España";447681.494238613;4479379.986651555;-3.61710836989315;40.46344492773319
"URB";7;10498;"18028";"Fernando el Católico E-O (Guzmán el Bueno-Andrés Mellado)";439462.619974087;4476204.795722886;-3.71374248448434;40.43428335041296
"URB";1;5117;"30035";"SEGOVIA E-O(CUESTA DE LOS CIEGOS-CUESTA LA VEGA)";439261.124264;4473946.167135108;-3.71590221405028;40.41392194934041
"URB";5;3740;"34003";"(AFOROS) LOPEZ DE HOYOS E-O(CARTAGENA-JOSEP PLA)";442646.397576322;4477101.624666787;-3.67628889125087;40.44258806790896
"URB";5;4624;"34004";"CARTAGENA, 130 S-N(CANILLAS-LOPEZ DE HOYOS)";442750.613704626;4476989.108688962;-3.6750499611043;40.44158165148053
"URB";20;3832;"57015";"Alcalá - Jaca-A-2";448296.669260543;4477688.313921673;-3.60971486090111;40.44824386860536
"URB";20;6345;"57016";"Cartago - Cartago-A-2";448409.791836943;4477730.288090241;-3.60838433682682;40.44862902490905
"URB";21;9839;"57019";"Planeta - Av. General-Av. Logroño";450772.278971921;4480149.655361698;-3.58071342811738;40.47056745019523
"URB";21;6929;"57021";"Playa de Riazor - Arroyomolino-Av. Logroño";450545.602347203;4480719.659169618;-3.58343172362801;40.47568891944736
"URB";21;9994;"57603";"Jardines de Aranjuez - Jardines de Aranjuez-Paseo Alameda de Osuna";448995.098868443;4478315.370509236;-3.60152938606075;40.45393591734948
"URB";15;6360;"59006";"Virgen de la Alegría  - Virgen del Portillo-Virgen de Lluc";444389.404503062;4476264.312987662;-3.65566411936534;40.43516352763285
"URB";15;6361;"59007";"Virgen de la Alegría - Virgen de la Alegría- Pl. José Banús";444302.019826935;4476122.487416945;-3.65668191459614;40.43388003993515
"URB";15;6362;"59008";"Alcalde López Casero - Alcalá-Virgen de Lluc";444379.815139411;4476116.510915805;-3.65576423803582;40.43383140652199
"URB";5;4638;"34023";"CORAZON DE MARIA S-N(SANTA RITA-RAMOS CARRION)";443454.568493715;4477441.847062876;-3.66679019161589;40.44570831469054
"URB";5;9968;"34024";"LOPEZ DE HOYOS O-E (EUGENIO SALAZAR-MARCENADO)";442914.713280973;4477345.683119946;-3.67314716859551;40.44480513013522
"URB";5;10040;"34026";"CORAZON DE MARIA N-S(LUIS SALAZAR-RAMOS CARRION)";443479.222986813;4477599.060010863;-3.66651347196685;40.44712624323623
"URB";21;9855;"57608";"Av. Partenón - Vía de Dublín-Av. Capital de España";447805.011637609;4479417.023464461;-3.61565458097685;40.46378634465752
"URB";21;11392;"57610";"Av. Logroño, 160 - Alhaurin-Playa de Riazor";450638.587537571;4480651.42738577;-3.58232948642422;40.47507977887988
"URB";21;11393;"57611";"Av. Logroño 347 - Playa de Riazor-Alhaurin";450627.945503125;4480673.191326566;-3.5824567213806;40.4752752088183
"URB";15;6356;"59002";"Av. Donostiarra - Virgen de la Roca-Virgen del Lluc";444255.830548146;4476217.019460296;-3.65723474621637;40.43472854030703
"URB";15;6357;"59003";"José del Hierro - José de Hierro-Virgen del Sagrario";444813.554529157;4476357.183153084;-3.65067164670165;40.43602840503081
"URB";15;6358;"59004";"José del Hierro    - Emilio Gastesi Fernández-Virgen del Sagrario";444979.521982596;4476465.363681814;-3.64872430579925;40.43701395052193
"URB";4;4653;"35012";"CARTAGENA N-S(AZCONA-MARTINEZ IZQUIERDO)";443132.439879849;4476097.623210066;-3.67046820826883;40.43357690478238
"URB";4;4654;"35013";"MARTINEZ IZQUIERDO O-E(FCO. SILVELA  - ARDEMANS)";443048.959927469;4475986.993423871;-3.67144245917917;40.43257458367113
"URB";15;6373;"59019";"Av. Badajoz - Salvador de Madariaga-Martínez Villergas";444385.547789294;4476925.146470983;-3.65576742848406;40.44111640634601
"URB";15;6374;"59020";"Av. Badajoz - Martínez Villergas-Torrelaguna";444526.164768439;4477038.835974313;-3.65411939965697;40.4421499741884
"URB";15;3786;"59022";"Av. Badajoz - Torrelaguna-Martínez Villergas";444546.194546472;4477063.744205517;-3.65388540751651;40.4423756966852
"URB";15;6376;"59023";"Av. Badajoz - Martínez Villergas-Salvador de Madariaga";444380.672657678;4476928.151431323;-3.65582517219104;40.44114315051755
"URB";15;6377;"59024";"Salvador de Madariaga - Av. Badajoz-Verdaguer y García";444274.252111133;4476847.955017184;-3.65707289822039;40.44041357418624
"URB";15;6371;"59025";"Salvador de Madariaga - Verdaguer y García - Acceso M-30";444277.252615214;4476736.024453097;-3.65702770411087;40.43940544627007
"URB";15;6383;"59029";"Martínez Villergas - Caribe-Av. Badajoz";444456.861923069;4477093.522597113;-3.6549413145232;40.44263799327236
"URB";15;6385;"59033";"Madre Antonia Paris - Agastia-Av. Badajoz";444721.418331488;4477281.14572721;-3.65183829579096;40.44434583186663
"URB";6;10218;"31070";"JERONIMA LLORENTE E-O (ANTURIO -PAMPLONA)";440155.882483637;4478573.020517242;-3.7057925552017;40.45566749302614
"URB";4;3415;"35036";"(AFOROS)AV.BRASILIA N-S(AV.BONN-BRESCIA)";443925.9487372;4476531.506509215;-3.6611516234092;40.43753942778027
"URB";4;3416;"35037";"(AFOROS)AV.BRASILIA S-N(BRESCIA-AV.BONN)";443935.890148607;4476481.455288379;-3.66102999870588;40.43708921066733
"URB";20;6399;"64012";"Av. Canillejas a Vicálvaro - Julia García Boutan-Hinojal";448131.820301773;4475855.791522883;-3.61150914432152;40.43172513515947
"URB";20;6401;"64014";"Av. Canillejas a Vicálvaro - Av. Arcentales-Etruria";448070.087263779;4476221.636062411;-3.61226681006832;40.4350170343787
"URB";20;6402;"64015";"Av. Canillejas a Vicálvaro - Etruria-Canal de Bósforo";447910.731666689;4476652.728374531;-3.6141808888353;40.43889060807815
"URB";20;6403;"64018";"Etruria - Etruria-Av. Canillejas a Vicálvaro";448101.61040511;4476315.939648666;-3.61190286586543;40.43586854612482
"URB";8;5418;"43005";"AV.MONFORTE DE LEMOS E-O(PL.ARTEIJO-PL.FONSAGRADA)";440044.554657365;4481144.376806903;-3.70734842543801;40.47882323786517
"URB";8;5419;"43006";"AV.MONFORTE DE LEMOS O-E(PL.ARTEIJO-GINZO DE LIMIA)";440168.450916572;4481164.067653399;-3.70588867293572;40.47900955632609
"URB";20;10622;"64042";"Luis Aragonés - Giro de Luis Aragones a San Hilario";448688.285672283;4477443.912962485;-3.60507719890854;40.446066422562
"URB";20;10621;"64043";"San Hilario - Luis Aragonés - Gonzalo Torrente Ballester";448653.158558897;4477453.164412481;-3.6054921502804;40.44614759640107
"URB";20;11017;"64044";"Av. Guadalajara 83 - Sarre-Amposta";447796.113637944;4474702.455842929;-3.61537210037779;40.42131417496401
"URB";20;11018;"64045";"Av. Guadalajara 83 - Sarre-Amposta";447799.864597052;4474694.966439837;-3.61532727225859;40.42124694106582
"URB";20;11303;"64047";"Canillejas a Vicalvaro 80 - Pobladura Valle-Salida Gasolinera";448117.945563713;4475204.069836358;-3.61161952447066;40.42585315749962
"URB";20;11304;"64048";"Canillejas a Vicalvaro 155 - Guadalajara-Rusia";448136.796470003;4474900.130366369;-3.61137251828542;40.423116255814
"URB";20;11306;"64049";"Carril BUS- Aquitania 29 - Nuremberg-Republica Checa";447658.722329142;4474458.015776154;-3.61697144325184;40.4191034753732
"URB";20;11305;"64050";"Aquitania 29 - Nuremberg-Republica Checa";447655.980912824;4474462.295060162;-3.61700410803715;40.41914185340149
"URB";5;5596;"61089";"ALFONSO XIII O-E (PUERTO RICO-PARAGUAY)";442957.995005485;4479058.16868661;-3.67279067119123;40.46023498249571
"URB";5;5597;"61090";"ALFONSO XIII O-E (PARAGUAY-RICARDO CALVO)";443132.948858886;4479046.726230429;-3.67072626032148;40.46014389510284
"URB";20;6419;"64405";"Av. Canillejas a Vicálvaro a Suecia - Aquitania-Av. Guadalajara";448143.0092059;4474712.079579392;-3.61128395024207;40.42142256313733
"URB";14;6420;"65002";"Fuente Carrantona  - José Bergamín-M-23";446610.220129403;4473617.062574798;-3.6292593551685;40.41146104583407
"URB";8;7142;"33401";"(TACTICO) MONFORTE DE LEMOS E-O GIRO";440975.923675936;4481223.657536371;-3.69636838177049;40.47960415179342
"URB";2;4700;"90021";"(AFOROS) TOLEDO N-S(PUERTA TOLEDO -SANTA CASILDA)";439568.258964232;4473033.174068507;-3.71219571025089;40.40571963982312
"URB";14;6437;"65023";"Av. Doctor García Tapia - Fuente Carrantona-Fobos";446241.267027539;4473250.981724132;-3.63357670774744;40.40813941881179
"URB";15;6498;"65026";"Fuente Carrantona S-N Carril Giro Izq. - M23-Av. Daroca";446809.31642712;4474061.760258067;-3.62695009251356;40.41547990343754
"URB";5;11034;"91016";"Hiedra E-O(Bambú-Estación Chamartín)";442458.18802158;4480542.515197422;-3.67881994573404;40.47357216908915
"URB";5;11035;"91017";"Av. Burgos(Ntra.Sra.Recuerdo-Marqués Torroja)";442656.001906227;4480072.703380037;-3.67644402229416;40.46935357983718
"URB";5;11036;"91018";"AV. BURGOS N-S(AV. PIO XII-BUGANVILLA)";442704.419281616;4480389.347714195;-3.67590151579695;40.47220939212941
"URB";14;10928;"65050";"Ciudad Encantada - Ankara - Fuente Carrantona";446672.915777357;4473470.618737622;-3.62850818405442;40.41014580824405
"URB";14;6459;"65052";"Rabat - Rabat-Av. Doctor García Tapia";446770.164503783;4473183.109042636;-3.62733803422845;40.40756196609222
"URB";14;6460;"65053";"Laponia - Laponia-Av. Doctor García Tapia";446734.28467573;4472986.774388796;-3.62774443761534;40.40579096565508
"URB";9;4732;"93015";"(TACTICO)Valle de Mena O-E(lateral) Entrada Gta. valle de Arce";439388.900463804;4480125.466123854;-3.71498583109317;40.46959692745193
"URB";8;4733;"93016";"Valle de Mena O-E(Valderodrigo-Camino de ganapanes)";439330.245384269;4480167.417492495;-3.71568170390227;40.46997055882001
"URB";20;6469;"66003";"Suecia  102 - María Sevilla Diago-Pl. Grecia";448593.948402109;4476069.250310864;-3.60607835801419;40.43367679378851
"URB";20;6470;"66004";"Suecia - Bucarest-Pº. Ginebra";448752.946157792;4475124.360095325;-3.60412769533607;40.42517443894538
"URB";13;5788;"40006";"Av. Buenos Aires - Túnel Av. San Diego-Av. Pablo Neruda";444590.222178063;4470140.40617203;-3.65276335725001;40.38000922596402
"URB";13;5789;"40007";"Av. Pablo Neruda - Cenicienta-Av. Buenos Aires";444463.47679013;4470287.944729677;-3.65426926680033;40.38132990721419
"URB";13;5790;"40008";"Av. Buenos Aires - Pedro Laborde-Av. Pablo Neruda";444562.800786609;4470442.266930213;-3.6531126409643;40.38272675128997
"URB";13;5791;"40009";"Av. Pablo Neruda - Guillermo Pingarrón-Av. Palomeras";445130.422554593;4470796.069079108;-3.64645629284142;40.38595159618118
"URB";13;5799;"40019";"Arroyo del Olivar - Payaso Fofó-Sierra de Cadi";443877.55872717;4471451.18975875;-3.66127394437208;40.39176985691655
"URB";13;5800;"40020";"Sierra del Cadi - Av. Albufera-Arroyo del Olivar";443923.546752061;4471554.920184985;-3.66074124891813;40.39270741912028
"URB";13;5801;"40021";"Arroyo del Olivar - Ntra. Señora Perpetuo Socorro-Sierra del Cadi";443783.404768372;4471537.51754084;-3.66239088225256;40.39254119906892
"URB";13;5802;"40022";"Carlos Martín Álvarez - Javier de Miguel-Arroyo del Olivar";443800.752064922;4471367.162935849;-3.66217146255446;40.39100771520523
"URB";13;5803;"40023";"Martínez de la Riva - Arroyo del Olivar-Párroco Emilio Franco";443471.998728553;4471603.662688745;-3.66606576508628;40.39311599706161
"URB";13;5813;"41002";"Av. Albufera - Melquiades Biencinto-M-30";443274.15359032;4472140.41097923;-3.66844462745303;40.39793788132105
"URB";13;5814;"41004";"Av. Albufera - Virgen - Puerto de Alcolea";443476.879400163;4471991.538626749;-3.66604268935788;40.39661053832231
"URB";13;5815;"41005";"Av. Albufera - Puerto Pajares-Perpetuo Socorro";443711.759957149;4471834.895316874;-3.66326129297924;40.39521531288043
"URB";13;5816;"41006";"Av. Albufera - Perpetuo Socorro-Puerto Pajares";443759.815205051;4471794.213823478;-3.66269148645312;40.39485207673147
"URB";13;5817;"41007";"Av. Albufera - Perpetuo Socorro-Puerto Pajares";443873.506430199;4471714.762058098;-3.66134491757965;40.39414399811892
"URB";13;5818;"41008";"Av. Albufera - Perpeto Socorro-Siera de Cadi";443942.782035839;4471674.093829631;-3.66052510668802;40.39378230029562
"URB";13;5833;"41023";"Sierra del Cadi - Arroyo del Olivar-Av. Albufera";443935.329260428;4471564.750501959;-3.66060329137369;40.39279676958402
"URB";13;5834;"41024";"Josefa Díaz - Enrique Velasdco- Av. Albufera";444118.383608636;4471610.112580532;-3.65845049963704;40.39321771953664
"URB";13;9840;"41056";"Av. Albufera - Pedro Callejo-Pedro Laborde";445014.868466905;4471326.759204702;-3.64786344198357;40.39072476315076
"URB";13;6947;"41057";"Av. Albufera - Santiago Alió-Pedro Laborde";445243.353636799;4471234.193594155;-3.64516351506462;40.38990592562857
"URB";15;5920;"44014";"Alcalá - Pileo-Hermanos de Pablo";445469.887921025;4476311.839364269;-3.64292977107291;40.43566321661454
"URB";15;5921;"44015";"Alcalá - Boldano-Pileo";445682.553994048;4476439.833221777;-3.64043345045263;40.43683017341852
"URB";15;5938;"44040";"Misterios - Misterios-Alcalá";445806.256811622;4476590.574577235;-3.63898786670111;40.43819620606634
"URB";15;5939;"44041";"Arturo Soria - López de Aranda-Alcalá";445808.174869807;4476672.807105976;-3.63897226613014;40.4389371274578
"URB";8;9976;"93040";"BECERREA E-O";439495.942632119;4480317.091096262;-3.71374150048863;40.47133095916789
"URB";15;10718;"44068";"Alcalá - Concejal Julio Gomez-Florencio Llorente";444806.708232075;4475999.251755198;-3.65072127718072;40.43280351056272
"URB";15;10710;"44070";"Alcalá - Florencio Llorente - Buen Gobernador";444555.569535713;4475955.697629058;-3.65367818588579;40.43239444851621
"URB";15;10705;"44071";"Alcalá - Alcalde Lopez Casero-Ventas";444295.736273477;4475911.205466188;-3.6567374756543;40.43197627852028
"URB";15;10818;"44072";"Alcalá - Santa Elena - Florencio Llorente";444708.796313526;4475982.12529785;-3.65187408445399;40.43264272313755
"URB";20;10246;"66027";"Vial 4 - Entrada Av. Luis Aragones";448929.404002257;4476527.84384605;-3.60216039298548;40.43782875626054
"URB";20;10625;"66030";"Sofia  - Estocolmo y Julia Garcia BOutan";448929.293635101;4475811.366964255;-3.60210411722022;40.43137427739298
"URB";15;5944;"44403";"Boldano - Boldano-Alcalá";445690.135963312;4476463.430768482;-3.64034607687203;40.4370432484347
"URB";15;5945;"44404";"Pileo - Pileo-Alcalá";445568.562099802;4476388.35352614;-3.64177298990656;40.43635896265111
"URB";20;10627;"66031";"Sofia - Julia Garcia Boutan y Manchester";448945.818771117;4475713.572392809;-3.60190144746725;40.43049429655679
"URB";20;10628;"66036";"Sofia - Manchester y Julia G Boutan";448957.270828523;4475682.937036629;-3.60176398088465;40.43021901668846
"URB";20;10626;"66037";"Julia Garcia Boutan - Liverpool y Sofia";448880.372086534;4475727.175764236;-3.60267408236592;40.43061282482803
"URB";15;5946;"44405";"Concejal Julio Gómez - Concejal Julio Gómezz-Alcalá";444834.19918174;4476021.508762818;-3.65039911434925;40.43300583761307
"URB";15;5947;"45001";"Hermanos García Noblejas - Dr. Cirajas-Vital Aza";446034.529935861;4476272.465347916;-3.63626948502041;40.43534534357867
"URB";20;5950;"45004";"Hermanos García Noblejas - Vital Aza-Ascao";446147.619988926;4476078.898003471;-3.63491979383219;40.43360890903827
"URB";20;5951;"45005";"Hermanos García Noblejas - Ascao-Santo Domingo Savio";446251.874383729;4475904.723297965;-3.63367597608596;40.43204658686098
"URB";20;10630;"66039";"Manchester - Estocolmo y Sofia";449018.952205307;4475671.706277602;-3.60103593069997;40.43012162552093
"URB";15;5952;"45006";"Hermanos García Noblejas - Braulio Gutiérrez-Santo Domingo Savio";446331.764190112;4475726.12289852;-3.6327190712478;40.43044280959685
"URB";20;10633;"66040";"Albania 1 - Oslo y Sofia";448920.729712294;4475495.080132483;-3.60217966175433;40.42852443956858
"URB";15;5970;"45024";"Nicolás Salmerón - Pl. Alsacia-Matamorosa";447012.089770994;4474334.476076484;-3.62458288853854;40.41794963032977
"URB";15;5971;"45025";"Francisco Largo Caballero - José Arcones Gil-Hermanos García Noblejas";446580.858000276;4474994.939687471;-3.62972112271347;40.42387191343967
"URB";20;5973;"45027";"Hermanos García Noblejas - Pl. Alsacia-Pobladura del Valle";447066.94753877;4474402.667674162;-3.62394197665256;40.4185674333191
"URB";15;5974;"45028";"Nicolás Salmerón - Hermanos García Noblejas-Nicolás Salmerón";446927.892463053;4474307.053572797;-3.62557300087421;40.41769722623685
"URB";20;5978;"45033";"Hermanos García Noblejas - Castillo de Arévalo-Castropol";446478.359483293;4475483.879566249;-3.63097049684938;40.42826998523255
"URB";20;10483;"45062";"Julian Camarillo - Albarracin - Santa Leonor";446544.329366481;4476141.088336376;-3.63024808885691;40.43419474701637
"URB";20;10482;"45063";"Julian Camarillo - Santa leonor - Albarracin";446531.315570342;4476143.63263242;-3.63040172815873;40.43421683098101
"URB";20;10959;"66044";"Suecia - Suecia-Pª Ginebra";448757.852619213;4475010.002692088;-3.60406064222756;40.42414453669656
"URB";5;5746;"91004";"Av. Pio XII O-E (Bambu-Av. Burgos)";442588.849596184;4480493.034304242;-3.67727415661952;40.47313546580969
"URB";20;10345;"45051";"Emilio Muñoz - Hermanos García Noblejas - Valdecanillas";446500.317719123;4475754.665833478;-3.63073443431023;40.43071079887034
"URB";20;10344;"45052";"Emilio Muñoz - Valdecanillas - Epifania";446688.695733804;4475857.490205108;-3.62852230305545;40.43164919572018
"URB";20;10343;"45053";"Emilio Muñoz - Zaldivar - Sta. Leonor";446824.880278227;4475943.681178285;-3.62692403536848;40.43243437197714
"URB";20;10340;"45055";"Emilio Muñoz - Rufino Gonzalez - Alfonso Gomez";447023.520282192;4476066.263332841;-3.62459245927957;40.43355133990413
"URB";20;10486;"45056";"Alfonso Gomez - Juan de Arespacochaga y Felipe - Emilio Muñoz";446905.009062764;4476111.727432291;-3.62599342520918;40.43395335023018
"URB";20;10341;"45057";"Emilio Muñoz - Valdecanillas - Castillo de Ucles";447088.836953911;4476099.942372674;-3.6238252232324;40.4338588983364
"URB";20;10348;"45058";"Julian Camarillo - Hermanos García Noblejas-Albarracín";446320.944761653;4476074.812662973;-3.63287606740346;40.43358331027122
"URB";20;10481;"45061";"Julian Camarillo - Alfonso Gómez - Santa Leonor";446748.548122781;4476213.784002505;-3.6278465565504;40.43486273241449
"URB";8;4723;"93006";"Joaquin Lorenzo O-E(Isla Malaita-Cesar Marique)";438862.189657001;4480433.144160931;-3.72122825000137;40.47233000087565
"URB";15;10713;"45075";"Hermanos García Noblejas - Braulio Gutiérrez-Santo Domingo Savio";446323.789247082;4475729.193994594;-3.63281334534771;40.43046996123698
"URB";15;10712;"45076";"Hermanos García Noblejas - Luis del Campo-Castillo de Arévalo";446414.725012589;4475562.628048336;-3.63172728292178;40.42897530106842
"URB";20;10958;"66045";"Suecia - Pª Ginebra (Sur)-Pª Ginebra (Norte)";448750.484992532;4474976.379432771;-3.60414477982235;40.42384118309362
"URB";20;11142;"66046";"Suecia - Subr.66011 - Pl. Grecia";448587.518032997;4476133.197864645;-3.60615934129998;40.4342524755395
"URB";20;11143;"66047";"Suecia - Subr.66011 - Pl. Grecia";448578.738034674;4476131.661364938;-3.60626272871825;40.43423809101004
"URB";15;6013;"46005";"Arturo Soria - Santo Ángel-López de Hoyos";444129.288379028;4478871.442896254;-3.65896011182473;40.45863244539671
"URB";15;6016;"46008";"Arturo Soria - Ulíses-Belisana";444290.972926104;4478636.038604543;-3.65703260363965;40.45652266194035
"URB";19;10400;"67001";"Ctra. Vicalvaro a la Estación O´Donnell S-N - Abad Juan Catalá - Villablanca";449554.804894199;4472755.739726179;-3.59448761681286;40.40388532671086
"URB";15;6039;"46033";"Torrelaguna  - Av. Ramón y Cajal-Acceso M30";443984.139107713;4478277.30226478;-3.66061952392751;40.45327036345435
"URB";15;6040;"46034";"Torrelaguna  - Sorzano-Acceso M30";444079.304201131;4478026.603977033;-3.65947519202028;40.4510183564609
"URB";13;6483;"68001";"Av. Entrevías - Pico Javalón-Timoteo Pérez Rubio";442954.842513363;4471193.713174239;-3.67212226945383;40.38938767897934
"URB";13;6486;"68004";"Av. Entrevías - Ronda Sur-Villacarrillo";443864.888841581;4469801.802133822;-3.66127789660101;40.37691032746264
"URB";15;10168;"46060";"Arturo Soria - Emilio Rubin - Emeterio Castaños";443810.566939584;4479150.21137364;-3.66274367264502;40.46112223606499
"URB";15;10298;"46062";"Arturo Soria - Asunción Pérez-Ángel Gordillo";443634.555880673;4479335.764148;-3.66483603686329;40.46278186236896
"URB";13;10913;"68028";"Av. entrevías - Ronda del Sur-Padre Llanos";444059.822864631;4469720.767013351;-3.65897458394942;40.37619342057447
"URB";13;10911;"68029";"Av. Entrevías - Romda del Sur-Villacarrillo";443928.188353799;4469781.390512154;-3.66053047253949;40.37673070834563
"URB";15;6052;"46407";"Amara - Amara-Arturo Soria";445003.46884961;4477475.331958392;-3.64852940663254;40.44611386921901
"URB";15;6053;"46408";"Angelita Cavero - Angelita Cavero-Arturo Soria";445066.142813969;4477491.255978147;-3.64779176560305;40.44626146488326
"URB";20;6492;"69002";"Av. Arcentales - Colegio Público Chile-Ajofrin";446963.374973477;4475331.060614288;-3.62524018954709;40.42692436435436
"URB";20;6493;"69003";"Av. Arcentales - Colegio Público Chile-Ajofrin";446964.008476162;4475320.492108363;-3.62523184006982;40.42682919731099
"URB";15;5984;"45039";"Hermanos García Noblejas - Idioma Esperanto-Pl. Alsacia";447018.049442989;4474469.153853551;-3.62452386309266;40.41916326976376
"URB";16;6086;"47025";"Av. San Luis  - Eladio López Vilches-Mesena";443708.865269938;4480620.869396435;-3.66407362875954;40.47436372559576
"URB";16;6087;"47026";"Av. San Luis - Av. San Luis-Julio Danvila";443943.879503557;4480382.55234682;-3.66128025006605;40.4722327506422
"URB";16;11281;"70027";"Niceto Alcala Zamora S-N junto a EMT  - M-11 - Fco. Pi y Margall";445123.798695743;4481739.40085598;-3.64747930635227;40.48453468578524
"URB";16;11158;"70030";"Francisco Javier Saenz de Oza - Paso Cebra-Gta. Jose Luis Fernandez del Amo";445553.152396831;4481828.472065832;-3.64242135486302;40.4853653497054
"URB";16;11187;"70032";"Francisco Umbra - Juan Daniel Fullaondo-Gta. Isidro Gonzalez Velázquez";446974.131893859;4481331.934517197;-3.62561457000672;40.48098426036223
"URB";15;10739;"47052";"Avda. San Luis - Golfo de Salónica_Arturo Soria";443428.157448513;4480740.106717655;-3.66739559732255;40.47541879603109
"URB";15;11136;"47054";"Caleruega - Pje. Caleruega - Condado Treviño";443106.716734255;4481266.457979482;-3.67123470952721;40.48013844054691
"URB";15;6106;"47403";"Eladio López Vilches - Mesena-Arturo Soria";443412.756875833;4480528.542202659;-3.66755839530693;40.47351187866389
"URB";20;3666;"71011";"San Romualdo - Julián Camarillo-Albasanz";447292.254983906;4476572.416539252;-3.62146623707751;40.43812814080619
"URB";20;6513;"71012";"San Romualdo  - Albasanz-Julián Camarillo";447302.943897339;4476518.248932667;-3.62133572098453;40.43764084455103
"URB";20;6514;"71013";"San Romualdo - Julián Camarillo-Cronos";447325.412024727;4476434.718268322;-3.62106389621341;40.43688977451558
"URB";15;10702;"44055";"Alcalá - Fernandez Lanseros-Angel Gonzalez Tejedor";444254.261653869;4475892.781621323;-3.6572248032873;40.4318075280737
"URB";14;6122;"52010";"Arroyo Media Legua - Av. Doctor García Tapia-Camino Vinateros";444440.473911809;4473630.96332163;-3.65483194608119;40.41144427315245
"URB";13;11109;"52034";"Sierra Toledana, 53 - Patio de Santiago-El Bosco";444060.042103412;4472858.246563112;-3.65924755936897;40.40445772141211
"URB";14;11185;"52035";"Camino Vinateros - P.P. - corregidor Señor de la Elipa";444740.27425463;4473477.674988006;-3.65128536364611;40.41008332034941
"URB";14;9954;"52610";"Doctor García Tapia - Arroyo Media Legua-Félix Rodriguez";444335.249162898;4473811.473460332;-3.65608785505167;40.41306338068278
"URB";14;9955;"52611";"Salida M-30 - M-30-Corregidor Diego Valderrabano";444075.378959406;4473928.997658293;-3.65916093242902;40.41410468417488
"URB";15;6153;"53023";"Ricardo Ortíz  - San Emilio-Av. Marqués de Corbera";444256.981890733;4474955.210839961;-3.65711052635061;40.42336156514252
"URB";15;6154;"53024";"Santa Prisca - Av. Marqués de Corbera-Cementerio";444959.915049164;4475361.862684158;-3.64885991061328;40.42707170997884
"URB";15;6085;"47024";"Av. San Luis  - Arturo Soria-Mesena";443433.111968268;4480727.35289994;-3.66733601354765;40.47530424139796
"other";11;6855;"15RM58PM01";"15RM58PM01";439477.83990918;4472136.499433515;-3.71317598010152;40.39763539952573
"other";11;1034;"15RN03PM01";"15RN03PM01";439089.282664318;4472318.521469625;-3.71777170310393;40.39924681114942
"other";11;1037;"15RR22PM01";"15RR22PM01";439492.2367632;4472123.606742437;-3.7130051188735;40.39752030209723
"other";2;6864;"15RR41PM01";"15RR41PM01";439633.748857199;4472226.117816822;-3.71134742470928;40.39845404147024
"other";2;1031;"15RR60PM01";"15RR60PM01";439559.313876448;4472414.93725528;-3.71224241767869;40.40014961888843
"other";11;1036;"15RT07PM01";"15RT07PM01";439490.486974164;4472113.312722669;-3.71302475804257;40.39742744145666
"URB";16;6080;"47019";"Av. San Luis  - Julio Danvila-Cuevas de Almanzora";443804.973563782;4480479.262396496;-3.6629273531025;40.47309457311272
"URB";15;6081;"47020";"Av. San Luis - Arturo Soria-Condado de Treviño";443105.32297351;4481054.284880367;-3.67123211494492;40.47822699747164
"URB";15;6082;"47021";"Av. San Luis - Av. Burgos-Condado de Treviño";442968.429820293;4481254.01336429;-3.67286501139777;40.48001684777754
"URB";15;6083;"47022";"Condado Treviño - M-30 y Av. San Luis";442959.346400269;4481125.719500333;-3.67296063073045;40.4788604973837
"URB";15;6084;"47023";"Condado Treviño - Av. San Luis-M-30";443103.116721837;4481188.76365714;-3.67127020857102;40.47943828970494
"URB";15;6135;"53057";"Av. Marqués de Corbera - Ntra. Sra. del Villar-Gerardo Cordón";444630.02077152;4475154.973469551;-3.65273073194621;40.42518604643855
"URB";15;10455;"53061";"Francisco Villaespesa - Hermanos Gómez - José Maria Pereda";445013.458180794;4475551.060183094;-3.64824510081581;40.4287796471309
"URB";15;6105;"47402";"Laúd  - Jazmin-Arturo Soria";443707.352414255;4481528.286196904;-3.66417202876223;40.48253804124218
"URB";19;3752;"54001";"Av. Daroca  - Av. Daroca-Casalarreina";447691.887236689;4473310.412554875;-3.61648617473017;40.4087672234432
"URB";19;6922;"54032";"San Cipriano - Daroca-Paseo Artilleros";448259.749162808;4472790.828463241;-3.60975166044682;40.40412195724334
"URB";19;6220;"54402";"Villajimena - Villablanca-Paseo Artilleros";448317.423225476;4473174.452171626;-3.60910316900146;40.40758147455569
"URB";16;3508;"55018";"Av. de los Andes - Boj-Añil";447553.551626378;4478608.269462624;-3.61855363029225;40.4564848019594
"URB";16;10131;"55019";"Salida Hacia a M-40 dir. SUR - Av. de los Andes-Av. Logroño";447702.337924228;4478730.653527635;-3.61680902324022;40.45759668320173
"other";11;6854;"15XL49PM01";"15XL49PM01";439372.635687872;4472285.973028254;-3.71442981912105;40.39897427697435
"URB";14;6908;"52612";"Av. Moratalaz E-O - Arroyo Pilillas-Arroyo Media Legua";444484.113626683;4473027.131034649;-3.65426495465379;40.40600751578805
"URB";14;9949;"52613";"Av. Moratalaz O-E - Arroyo Media Legua-Arroyo Pilillas";444311.969810577;4473081.001393247;-3.65629828901023;40.40648131416335
"URB";15;6136;"53004";"Av. Marqués de Corbera - María Teresa Saenz-Montejurra";444697.003232877;4475218.136505461;-3.65194664959186;40.42575950922587
"URB";16;6258;"55046";"Ctra. Canillas - Utrillas-Servator";445168.864540713;4479389.233277149;-3.64674444230651;40.46336620816256
"URB";16;10138;"55066";"Silvano - Pl. Liceo-Alcorisa";445698.842440857;4479143.609168371;-3.64047260085532;40.46118830525891
"URB";16;10140;"55067";"Silvano - Alcorisa-José Rizal";445804.225889708;4479234.336542889;-3.63923744265908;40.46201250483016
"URB";15;10740;"47053";"Av.San Luis - Arturo Soria - Mesena";443428.277588618;4480726.417213555;-3.66739295899515;40.47529548302747
"URB";15;6171;"53045";"Francisco Villaespesa  - Lago Constanza-Ledesma";445183.706115897;4475589.323941869;-3.64624144157397;40.42913558443716
"URB";16;11138;"55116";"Moscatelar - Asura - Bueso Pineda";444750.4033827;4478700.149686824;-3.65161999173931;40.45713087740146
"URB";16;10869;"55401";"Ramon Power - Silvano-Ramon Power";447045.461065008;4479312.659932768;-3.62460448359738;40.462798117936
"URB";19;6204;"54014";"Paseo Artilleros - Villardondiego-Villajimena";448308.697152172;4473025.285114825;-3.60919388822239;40.40623713788544
"URB";16;6294;"56012";"Valdetorres del Jarama  - Ángel Luis Herrán-Av. San Luis";445103.284180922;4480379.546899865;-3.64760361636733;40.47228311376266
"URB";16;6318;"56038";"Gregorio Sánchez Herráez - M40-Vía de los Poblados";445898.274824593;4480846.941562624;-3.63826572442908;40.47654580238894
"URB";16;6321;"56041";"Gregorio Sánchez Herráez - Barichara-Santa Virgilia";445860.517502973;4480811.409026145;-3.63870810724789;40.47622324702022
"URB";21;6335;"57004";"Av. Logroño  - Basella-Bande";450082.468023431;4479261.626443979;-3.58878049503776;40.46252638726368
"URB";21;6336;"57005";"Av. Logroño - Los Brezos-Basella";450101.595945052;4479265.446522482;-3.58855519163184;40.46256194978599
"URB";16;6270;"55060";"Av. Machupichu - Av. Piceas-Av. de los Andes";447167.662932576;4478449.775179375;-3.62309135861542;40.45503255483108
"URB";21;10145;"57604";"Jardines de Aranjuez - Paseo Alameda de Osuna-Jardines de Aranjuez";448967.330529026;4478314.293273699;-3.60185676992493;40.45392450841566
"URB";15;6370;"59016";"Salvador de Madariaga - Virgen de Lourdees-Esteban Mora";444236.714626342;4476463.443109058;-3.65748173637388;40.43694717317727
"URB";15;6378;"59017";"Salvador de Madariaga - Esteban Mora - Verdaguer y García";444267.604437102;4476631.606500678;-3.65713229976729;40.4384641480876
"URB";20;6391;"64004";"Av. Canillejas a Vicálvaro - Etruria-Av. Arcentales";448052.991705598;4476282.196745761;-3.61247331051024;40.43556153418569
"URB";20;6392;"64005";"Av. Canillejas a Vicálvaro - Albaida-Hinojal";448094.901676076;4476045.716675799;-3.61195988990312;40.43343379427672
"URB";20;6393;"64006";"Av. Canillejas a Vicálvaro - María Sevilla Diago-J.Gª. Boutan";448148.196166152;4475727.375003495;-3.61130561284534;40.43056930107536
"URB";20;6394;"64007";"Av. Canillejas a Vicálvaro - Rusia-Av. Guadalajara";448124.285931612;4474953.682274611;-3.61152435560459;40.42359790509941
"URB";20;6397;"64010";"Av. Canillejas a Vicálvaro - Suecia-Av. Guadalajara";448144.638337826;4474777.152127805;-3.61127005349505;40.4220088792209
"URB";20;6398;"64011";"Av. Canillejas a Vicálvaro - Pobladura del Valle-Julia Garcia Boutan";448164.523205245;4475446.239264069;-3.61109021134623;40.42803767389147
"URB";20;6400;"64013";"Av. Canillejas a Vicálvaro - María Sevilla Diago-Albaida";448112.217852077;4475981.496382183;-3.61175050062839;40.43285633902747
"URB";20;9865;"64033";"Av. Guadalajara - Austria-San Marino";448292.881416189;4474934.492747555;-3.60953545476009;40.42343552847263
"URB";20;11015;"64035";"Av. Guadlajara - Canillejas a Vicálvaro-Albericia";448099.688779977;4474849.083933637;-3.61180576023969;40.42265408362512
"URB";20;10620;"64039";"San Hilario - Gonzalo Torrente Ballester-Av. Luis Aragonés";448621.248976307;4477428.126268377;-3.60586638906808;40.44592006630283
"URB";20;6417;"64402";"Julián Camarillo - Albadalejo-Av. Canillejas a Vicálvaro";447856.263627938;4476705.650086743;-3.61482742577264;40.43936394483818
"URB";20;6418;"64403";"Albaida - Albaida-Av. Canillejas a Vicálvaro";448067.026281344;4476102.278578092;-3.61229314427135;40.43394159834318
"URB";15;6495;"65001";"Fuente Carrantona 28 N-S - Pl. Alsacia-Av. Daroca";446907.205002532;4474202.151630165;-3.62580807869185;40.4167508856612
"URB";14;6438;"65024";"Av. Doctor García Tapia - Molina de Segura-Av. Moratalaz";445743.511682471;4473393.976085187;-3.63945487996038;40.40939530565785
"URB";14;6499;"65025";"Dr. García Tapia 218 O-E - Fuente Carrantona-La Riviera";446540.089440592;4473150.93144103;-3.63004671616642;40.40725734731737
"URB";13;10357;"65054";"Av. Pablo Neruda 17 - San Claudio - de los Andaluces";445476.269925234;4471340.422447494;-3.64242846485656;40.39087817956617
"URB";13;10356;"65055";"Av. Pablo Neruda 9 - De Los Andaluces - Malgrat de Mar";445548.858905228;4471463.831687476;-3.64158378348301;40.39199467548458
"URB";16;11134;"55114";"Moscatelar - Milan - Parma";445044.092736517;4478699.772337425;-3.64815636447723;40.45714695134757
"URB";20;6475;"66009";"Pº. Ginebra - Suecia-Av. Niza";448725.660820474;4475075.562715854;-3.60444539736857;40.42473315992
"URB";20;6477;"66011";"Av. Guadalajara - Av. Guadalajara-Av. Niza";448577.962779867;4475066.262080675;-3.60618568505279;40.42464025830228
"URB";20;6396;"64009";"Av. Canillejas a Vicálvaro - M-40-Suecia";448159.073278726;4474584.784859791;-3.61108422242134;40.42027681280519
"URB";20;10634;"66041";"Albania 6 - Estocolmo y Sofia";449058.065137265;4475520.140683698;-3.60056269060837;40.42875862243221
"URB";20;3661;"64034";"Av. Canillejas a Vicálvaro - Av. Guadalajara-Suecia";448136.819571294;4474817.989535807;-3.61136554659213;40.42237628099623
"URB";20;10242;"66401";"TACTICO Giro de Av. Arcentales entrada al Estadio -  Giro de Av. Arcentales entrada al Estadio";449072.303677095;4475957.451952654;-3.60042987660275;40.43269907170395
"URB";13;6484;"68002";"Timoteo Pérez Rubio - Av. Entrevías-Timoteo Pérez Rubio";442938.675765836;4470992.929556902;-3.67229475204352;40.38757779748124
"URB";13;6485;"68003";"Av. Entrevías - Concejo de Teverga-Timoteo Pérez Rubio";443014.816186851;4470941.440764911;-3.67139312044616;40.38711916841624
"URB";14;6435;"65020";"Av. Doctor García Tapia - Av. Moratalaz-Molina de Segura";445743.424369372;4473387.275320183;-3.63945533760335;40.40933493544546
"URB";13;10916;"68030";"Av. Entrevías - Pozo del Tío Raimundo-Estación El Pozo";444322.341531473;4469625.769735606;-3.65587401164391;40.37535520526684
"URB";13;10915;"68031";"Av. Entrevías - Pozo del Tío Raimundo-Estación El Pozo";444324.181060666;4469630.176940965;-3.65585272858572;40.37539503101723
"URB";15;6375;"59021";"Av. Badajoz - Aristóteles-Torrelaguna";444637.686900936;4477140.341048221;-3.65281331420636;40.44307181822418
"URB";14;3833;"65051";"Av. Doctor García Tapia - M-40-Rabat";446892.212379698;4473071.217505949;-3.62589038799545;40.40656177167462
"URB";20;6494;"69004";"Ajofrin - Pobladura del Valle-Av. Arcentales";446957.312435023;4475217.657724363;-3.62530219460474;40.42590237662314
"URB";16;11166;"70001";"Fco. Pi y Margall - Principe Carlos - Isabel Clara Eugenia";444855.386852176;4481985.094972234;-3.65066745373156;40.48673022746273
"URB";16;11154;"70002";"Fco. Pi y Margall - Isabel Clara Eugenia - Niceto Alcalá Zamora";445020.894959012;4481916.63033982;-3.64870875571133;40.4861244436487
"URB";15;6382;"59028";"Av. Badajoz - M-30-Salvador de Madariaga";444182.093299481;4476890.281588908;-3.65816321104236;40.44078869270025
"URB";16;11150;"70021";"Fuerzas Armadas - Gta. Isidrio Glez. Glez.- P.P.(16-162)";446848.511745803;4481568.407777841;-3.62711641338375;40.48310650031698
"URB";16;11280;"70028";"Carril bus Niceto Alcala Zamora S-N EMT  - M-11 - Fco. Pi y Margall";445129.66220665;4481736.636629409;-3.64740988825211;40.48451017187161
"URB";16;11141;"70029";"Niceto Alcala Zamora, 11 - Miguel Angel Asturias-Fco. Pi y Margall";445197.320676786;4482009.698126734;-3.6466352481434;40.48697450677891
"URB";16;11186;"70031";"Emma Penella - Gta. Jose Luis Cubillo-Gta. Isidro Gonzalez";446856.054373253;4481385.283284912;-3.62701207539477;40.48145730446451
"URB";16;11170;"70402";"Carmen Rico Godoy - Rocio Jurado  - Av. Fuerzas Armadas";446342.870082952;4481912.593241397;-3.63311109696123;40.48617457009755
"URB";16;11105;"70404";"Av. Niceto Alcalá Zamora - Giro E.M.T.";445084.615340427;4481689.406241165;-3.64793726830027;40.48408172001617
"URB";16;11167;"70405";"-";445121.166522752;4481879.85391278;-3.64752252058849;40.48579977876999
"URB";21;11275;"70410";"Acceso Gta. Antoñete (Carril BUS) - Jose Antonio Corrales-Gta. Antoñete";448414.12448196;4481575.595768356;-3.60864586796966;40.48327000242447
"URB";16;11272;"70412";"Av. Fuerzas Armadas (CARRIL BUS) - Av. Fuerzas Armadas 322 - Gta. Antonio Perpiñá";447507.795247807;4481440.136393394;-3.61932756416743;40.48199290789995
"URB";20;10260;"66028";"Av. Arcentales - Estocolmo - M40";449108.07323294;4475941.054677506;-3.6000068679006;40.43255354406453
"URB";20;3665;"71002";"Alcalá - Cronos-Av. Canillejas a Vicalvaro";447550.951134545;4477130.307672391;-3.6184622294243;40.44317030903932
"URB";20;6508;"71003";"Alcalá - Eduardo Terán-Av. Canillejas a Vicálvaro";447754.572660746;4477249.126890524;-3.61607109469477;40.44425352231158
"URB";20;6531;"71032";"Albasanz - San Sotero-San Romualdo";447146.977256871;4476626.84211124;-3.62318360824149;40.43860921753672
"URB";20;6527;"71028";"Julián Camarillo - San Romualdo-Cronos";447339.274269675;4476466.663432778;-3.62090310882199;40.4371784333223
"URB";20;6528;"71029";"Julián Camarillo - Miguel Yuste-San Romualdo";447250.847728024;4476422.241492844;-3.62194196763541;40.43677265020285
"URB";20;11378;"71051";"San Romualdo - Cronos-Julian Camarillo";447343.643728511;4476405.8088657;-3.62084655025779;40.43663049611249
"URB";20;10539;"71053";"Alcalá - Torre Arias - Esfinge";448085.546335389;4477510.402446886;-3.61218986430254;40.44662797946983
"URB";20;10541;"71054";"Alcalá - San Romualdo-Cronos";447291.330109954;4477038.532095383;-3.6215158113233;40.44232712350145
"URB";16;11226;"72003";"Av. Manuel Fraga Iribarne - Gta. Javier Bellosillo-Av. Manuel Fraga Iribarne 115";448445.383450501;4482524.231209488;-3.60835423310331;40.49181775737194
"URB";16;11246;"72007";"Av. Secundino Zuazo - Fina de Calderón-Manuel Gutierrez Mellado";447571.524547817;4482952.445541895;-3.61870079915187;40.4956205914797
"URB";16;11247;"72008";"Av. Secundino Zuazo - Manuel Gutiérrez Mellado-José Antonio Coderch";447421.104949703;4482952.366456933;-3.62047577367954;40.49561036291927
"URB";16;11251;"72034";"Manuel Gutiérrez Mellado - Av. Juan Antonio Samaranch-Av. Secundini Zuazo";447464.288533369;4482881.011025405;-3.61996028225136;40.49497029219931
"URB";16;11249;"72036";"Manuel Gutiérrez Mellado - Félix Candela-Av. Secundino Zuazo";447461.264183572;4483004.007720781;-3.62000616921208;40.49607811653811
"URB";20;10636;"66034";"Sofia - San Petesburgo y Albania";448997.719768714;4475442.843983347;-3.60126787334489;40.42805858689959
"URB";16;11278;"72410";"Secundino Zuazo (CARRIL BUS) - Fina de Calderón - Luis Moya Blanco";447748.942805197;4482940.783063912;-3.61660626563366;40.49552671910104
"URB";20;6548;"74001";"Campezo - Deyanira-M-40";450527.050401202;4476943.774960391;-3.58335627973369;40.44167231420923
"URB";20;6549;"74002";"Deyanira - Campezo-Arrastaria";450408.062208599;4477072.037657406;-3.58476926288277;40.4428206987188
"URB";16;6605;"79005";"María de Portugal - Francisco Pi y Margall-Niceto Alcalá Zamora";444093.003698914;4483422.571300687;-3.65978930179311;40.49962864707661
"URB";16;6611;"79014";"Av. Francisco Pi y Margall - Ana de Austria-María de Portugal";443710.985427659;4482775.576175217;-3.66423993914441;40.49377441695091
"URB";16;6613;"79017";"María de Portugal - Leonor de Austria-Francisco Pi y Margall";443671.921393928;4482943.393866459;-3.66471580483927;40.49528353945303
"URB";16;10458;"79040";"Ingeniero Emilio Herrera - Princesa de Eboli - Infanta Catalina Micaela";444596.706198313;4482432.439537365;-3.65375861918395;40.49074288631432
"URB";16;10862;"79041";"Rotonda - A-1 Via de Servicio - Francisco pi y Margall";443497.057623054;4482874.57638305;-3.66677306595807;40.49465171615922
"URB";16;9870;"79606";"Príncipe Carlos - María Tudor-Isabel de Valois";444178.120845183;4482930.82757339;-3.65874152096052;40.49520453876575
"URB";16;10411;"79609";"Av. Niceto Alcalá Zamora - María Tudor-Isabel de Valois";444419.447640256;4483291.36466636;-3.65592548503911;40.49846861065905
"URB";16;9876;"79610";"Ana de Austria - Isabel Clara Eugenia-Niceto Alcalá Zamora";444471.640217274;4483035.441128561;-3.65528714872093;40.49616663401287
"URB";16;9877;"79611";"Ana de Austria - Ignacio Aldecoa-Niceto Alcalá Zamora";444623.722751686;4483284.464956441;-3.65351430920119;40.49842011182029
"URB";16;9874;"79612";"Av. Niceto Alcalá Zamora - Vicente Blasco Ibáñez-Américo Castro";444715.542418142;4483069.41709299;-3.65241201443967;40.49648898808105
"URB";18;10156;"82030";"Jesus del Pino - Puerto Idiazabal-Felipe Álvarez";447064.146627179;4470279.608891985;-3.62363215071711;40.38142408924954
"URB";18;5200;"82401";"Puerto de Pilas - Sierra Gredos-San Jaime";446749.577554529;4470029.64042425;-3.62731696028989;40.37915216259004
"URB";18;5229;"82402";"Puerto de Pozazal - Puerto Used-San Jaime";446694.746534673;4470046.434889113;-3.62796426550084;40.37929995276153
"URB";18;5211;"82416";"Puentelarra - Puentelarra- Santa Eugenia";448581.92146934;4470599.499994135;-3.60577816877606;40.3844009333726
"URB";18;5233;"83004";"Ctra. Vicalvaro a Vallecas - Bruno Abundez-Av. Democracia";446777.732094274;4470478.606318724;-3.62702280327231;40.3831985455694
"URB";18;6507;"83603";"Acceso A-3 - Acceso A-3-Av. Democracia";447271.496772604;4471246.24782425;-3.62126952106139;40.39014536732215
"URB";18;11091;"88013";"Via de servicio M-45 N-S acceso Av.Ensanche VallecaS - M-45-Av. Ensanche de Vallecas";448567.189431434;4468776.588204373;-3.60580462491102;40.36797793889058
"URB";20;11295;"66066";"Niza, 11 - Alpes-Austria";448550.276954208;4475406.659015366;-3.60653958655477;40.42770505727434
"URB";18;5357;"88001";"Peñaranda de Bracamonte - La Adrada-Av. Ensanche de Vallecas";448294.889646127;4468938.510067916;-3.60902488439154;40.36941980281402
"URB";18;5358;"88002";"Av. Ensanche de Vallecas (carriles centrales) - P.P.- Entrepeñas";448360.44932296;4468790.18414571;-3.60824069768718;40.36808764017159
"URB";18;5359;"88003";"Peñagrande de Bracamonte - Puentedey-Av. Ensanche de Vallecas";448198.285195018;4468779.599572403;-3.61014979882676;40.36798222579333
"URB";18;5360;"88004";"Av. Ensanche de Vallecas Via de servicio - P.P.-Av. Entrepeñas";448363.567471873;4468801.292539498;-3.60820487184754;40.36818790572217
"URB";18;5361;"88005";"Av. Ensanche de Vallecas - Alto de la Sartenilla-Peñaranda de Bracamonte";448099.492802174;4468946.871479661;-3.61132698418125;40.3694829857609
"URB";18;5362;"88006";"Peñaranda Bracamonte - Av. Entrepeñas-Av. Suertes";448457.948911143;4469187.661246608;-3.6071244841311;40.37167443340405
"URB";18;5366;"88010";"Av. Ensanche de Vallecas - Via de servicio - P.P.-M-45";448427.62393117;4468715.155644708;-3.60744344995736;40.36741588770662
"URB";18;5367;"88011";"Av. Ensanche de Vallecas (carriles centrales) - P.P.-M-45";448434.772259239;4468725.946304182;-3.60736013071392;40.36751353994098
"URB";18;11090;"88012";"Ensanche de Vallecas O-E - Glorieta Av.Ensanche de Vallecas y Vía Servicio M-45";448518.458420778;4468637.334263723;-3.60636733306035;40.36672043064907
"other";2;6847;"16NC07PM01";"16NC07PM01";438914.204119065;4472427.921852618;-3.71984517111304;40.40021951623907
"URB";20;6554;"74008";"Samaniego - Campezo-Arrastaria";450378.779051018;4477451.324700586;-3.5851441713447;40.44623581128466
"URB";16;11127;"79044";"Francisco Pi y Margall 4 - Octavio Paz - Vicente Blasco Ibáñez";444217.163827036;4482348.452548618;-3.65822954523943;40.48996087471215
"URB";8;6592;"79045";"Av. Santo Domingo de la Calzada - Ana de Austria-Sauceda";443995.677184397;4483674.717482648;-3.66096012714714;40.50189352284817
"URB";16;6607;"79053";"Francisco Pi y Margall - Princesa de Éboli-Infanta Catalina Micaela";444673.146571568;4482062.989372087;-3.65282442714883;40.48741981042112
"URB";16;10772;"79056";"Av. Francisco Pi y Margall - Niceto Alcalá Zamora-Príncipe Carlos";444882.586938245;4481992.897943392;-3.65034721008542;40.48680232654919
"URB";16;10771;"79057";"Av. Francisco Pi y Margall - Ana de Austria-María de Portugal";443714.962094791;4482779.942711674;-3.66419340325149;40.49381402225708
"URB";16;10770;"79058";"Av. Francisco Pi y Margall - María de Portugal-Av. Burgos";443577.011734913;4482898.978595046;-3.66583178673919;40.49487698098854
"URB";16;11151;"79059";"Av. Francisco Pi y Margall, 21 - Plz. Moreno Torres-Princesa de Eboli";444509.891261257;4482131.005880513;-3.65475657955772;40.48802163745091
"URB";16;6630;"79405";"Alcalde Redondo Aceña - Alcalde Henche Plata-Príncipe Carlos";444820.593938676;4482374.957202181;-3.65111190213823;40.49023997279484
"URB";20;11298;"66069";"Suecia, 59 - Alpes-Budapest";448708.014993358;4475387.287677226;-3.60467855196159;40.42754028856736
"URB";8;6921;"79046";"Av. Santo Domingo de la Calzada - Valcarlos-Sauceda";443759.00167833;4483866.23631787;-3.66377018841399;40.50360279487217
"URB";8;3699;"79047";"Acceso desde A-1 - A1-Av. Santo Domingo de la Calzada";444006.337888952;4483724.071295296;-3.66083868118067;40.50233884212678
"URB";8;6920;"79048";"Av. Santo Domingo de la Calzada - Giro a la izquierda";443882.511718495;4483802.689268059;-3.66230695419683;40.5030386998054
"URB";8;6593;"79049";"Vía de servicio - Salida hacía a A-1";443918.332485784;4483715.065795233;-3.66187646013562;40.5022517731427
"URB";16;11160;"79050";"Ana de Austria - Princesa de Eboli - Principe Carlos";444223.222212714;4482729.331836758;-3.65819158567022;40.49339240980476
"URB";16;6610;"79051";"Av. Francisco Pi y Margall - Ana de Austria-María Tudor";443737.948905213;4482731.734415133;-3.66391788344455;40.49338129993512
"URB";16;11162;"79408";"Av. Francisco Pi y Margall, 78 - Americo Castro-Ana de Austria";444052.908344228;4482558.885350197;-3.66018619226215;40.49184549088027
"URB";16;11161;"79409";"Ana de Austria - Princes Éboli-Francisco Pi y Margall";444068.715062015;4482473.706034039;-3.65999216381413;40.49107922370889
"URB";16;11159;"79410";"Niceto Alcala Zamora Carril BUS - Isabel de Valois-Ana de Austria";444517.974053255;4483216.374157019;-3.65475624488844;40.49779965673289
"URB";16;9871;"79605";"Príncipe Carlos - Vicente Blasco Ibáñez-Americo Castro";444432.082962649;4482739.144921553;-3.65572794700611;40.49349482004838
"URB";16;10763;"79617";"Ana de Austria - Isabel Clara Eugenia - Niceto Alcalá Zamora";444474.447276425;4483033.335834197;-3.65525384031571;40.49614785641409
"URB";18;5199;"82001";"San Jaime - Gador-Puerto de Pozazal";446782.742736697;4470108.038798278;-3.62693282670613;40.37986054631656
"URB";18;10782;"82002";"Av. Mediterraneo - Acceso A-3 - Puentelarra";448632.50768379;4470561.155980031;-3.60517913121485;40.3840586240316
"URB";18;5201;"82003";"San Jaime - Sierra Tornavaca-Pilas";446672.271868284;4469987.753576294;-3.628224103539;40.37876987431243
"URB";18;10783;"82004";"Av. Mediterraneo - Castillo de Aza - Puentelarra";448558.208373942;4470671.48115722;-3.60606333997216;40.38504792609969
"URB";18;10785;"82005";"Av. Santa Eugenia - Castillo de Aza - Puentelarra";448152.777620263;4470397.046458159;-3.61081734849786;40.38255049717855
"URB";18;5206;"82006";"Real Arganda - Serrania de Ronda-Gavia Seca";447336.820525219;4470075.467637679;-3.62040311419231;40.37960232427088
"URB";18;5207;"82007";"Monte de Barbanza - Travesia Gavia Seca-Real Arganda";447446.919183296;4469974.571562141;-3.61909783901023;40.37870033415994
"URB";18;5208;"82008";"Pico de la Sierva - Sierra Gor-Montes Barbanza";447477.363133585;4470024.303315267;-3.61874331471833;40.37915027121002
"URB";16;11168;"70406";"-";445250.413879097;4481842.392838953;-3.6459943707401;40.48547084534396
"URB";16;9866;"79601";"Av. Ingeniero Emilio Herrera - Princesa de Eboli-Infanta Catalina Micaela";444557.384865551;4482385.36979011;-3.65421846412774;40.49031623545097
"URB";16;9867;"79602";"Av. Ingeniero Emilio Herrera - Isabel Clara Eugenia-Príncipe Carlos";444762.734377775;4482657.879259518;-3.65181925873613;40.49278481407555
"URB";16;9868;"79603";"Príncipe Carlos - Alcalde Alvarez de Villaamil-Alcalde Redondo Aceña";444785.353947828;4482390.613434805;-3.65152906930952;40.49037866790382
"URB";13;5862;"83010";"Cocherón de la Villa - Cocherón de la Villa-Av. Albufera";446455.54418261;4470390.851501118;-3.63081097532093;40.38238734975384
"URB";13;5861;"83011";"Av. Albufera - Av. Albufera-Cocherón de la Villa";446536.172528852;4470459.820722512;-3.62986692868435;40.38301384743365
"URB";13;10159;"83012";"Av. Albufera - Calle G-Bruno Abundez";446404.455210668;4470509.841500475;-3.63142283239203;40.38345600519141
"URB";13;5845;"83014";"Av. Albufera - Av. Albufera-M-40";446284.263361177;4470581.890599439;-3.63284483587183;40.38409733045464
"URB";13;10161;"83015";"Av. Albufera - M40-Tranvía de Arganda";446236.688754476;4470599.835392304;-3.63340681160593;40.38425592028739
"URB";13;5851;"83017";"Incorporación desde Av. Albufera hacia M40 - Av. Albufera hacia M40";446239.280086867;4470728.339273123;-3.63338712743838;40.38541373404114
"URB";18;5235;"83018";"Av. Democracia  - Ctra. Vicálvaro a Vallecas-San Jaime";446937.031674333;4470426.454303926;-3.62514182402766;40.38273888574985
"URB";19;6506;"83019";"Av. Democracia - AV. Democracia - A3";447229.28574013;4471360.768731324;-3.62177633000643;40.3911743743749
"URB";18;10980;"83020";"Av. Democracia - Gran Vía del Este - Acceso A3";447148.397146056;4471099.594385517;-3.62270768312503;40.38881641483962
"URB";18;9864;"88015";"Av. Entrepeñas - Av. Suertes-Peñaranda Bracamonte";448530.721541746;4469174.33524691;-3.60626624992666;40.37155887998977
"URB";18;11124;"88016";"Av.Ensanche Vallecas O-E Vía de Servicio - C/Entrepeñas y Acceso a M-45";448359.903294478;4468759.410310431;-3.60824463652552;40.3678103734903
"URB";18;11123;"88017";"Avda. Ensanche de Vallecas - C/Entrepeñas y Acceso a M-45";448366.273569593;4468770.527486331;-3.60817050825409;40.36791091959532
"URB";18;9863;"88402";"Av. Entrepeñas - Av. Entrepeñas-Av. Suertes";448487.071411982;4469037.401143426;-3.60676932150649;40.37032258288558
"URB";18;5373;"89001";"Av. Ensanche de Vallecas - M-45-José Gutiérrez";448662.565668391;4468576.968342328;-3.60466521816885;40.36618549694921
"URB";18;5374;"89002";"José Gutiérrez - Av. Cerro Milano-Av. Ensanche de Vallecas";448719.873484542;4468434.801935904;-3.60397883595439;40.36490828502849
"URB";18;10789;"89015";"Rafael León - Av. Ensanche de Vallecas-Bernardino Pantorba";448967.076572077;4468447.6333171;-3.60106844974628;40.36503904753172
"URB";18;10791;"89016";"Bernardino Pantorba - Gutierrez Maroto-Rafael León";448946.320394894;4468541.210321873;-3.60132039579864;40.36588078723367
"URB";18;5375;"89003";"Av. Ensanche de Vallecas - Rafael León-José Gutiérrez";448874.360786263;4468453.424870989;-3.6021608683238;40.3650855417804
"URB";18;5376;"89004";"José Gutiérrez - Av. Suertes-Av. Ensanche de Vallecas";448819.887471775;4468596.983774791;-3.60281394614472;40.36637548333633
"URB";18;5377;"89005";"Av. Ensanche de Vallecas - Rafael Leon-Cañada Santisimo";448989.869018155;4468362.917716313;-3.60079323711699;40.36427726176365
"URB";18;5378;"89006";"Cañada Santisimo - Av. Cerro Milano-Av. Ensanche de Vallecas";449055.758589162;4468216.697170451;-3.60000555561724;40.36296402746807
"URB";18;5381;"89009";"Av. Suertes - Rafael Leon-Jose Gutierrez";449026.501074548;4468733.86000342;-3.6003914606572;40.3676212232771
"URB";18;5382;"89010";"Jose Gutierrez - Av. Ensanche de Vallecas-Av. Suertes";448907.745372405;4468723.59238192;-3.60178932919097;40.36752145530366
"URB";18;5383;"89011";"Av. Suertes - M-45-Jose Gutierrez";448851.617135236;4468841.798963867;-3.60245988215474;40.36858290458029
"URB";18;5384;"89012";"Alto del Retiro - Av. Mediterraneo-Av. Suertes";448956.96899931;4468870.982951142;-3.60122137848739;40.36885227261308
"URB";18;10788;"89013";"Rafael León - Av. Suertes-Bernardino Pantorba";449036.70071917;4468565.73121171;-3.60025789341669;40.36610721918709
"URB";18;10790;"89014";"Bernardino Pantorba - Cañada Santísimo-Rafael León";449059.412686383;4468475.049079874;-3.5999831566362;40.36529167576617
"other";2;6845;"16NC75PM01";"16NC75PM01";438708.415373112;4472998.018570215;-3.72232493186105;40.40534008611829
"M30";12;3761;"PM41261";"PM41261";441400.441820167;4470302.301980738;-3.69035342460072;40.38124946523374
"URB";18;5368;"89017";"Av. Ensanche de Vallecas - Via de servicio - P.P.-M-45";448656.532057903;4468610.467587117;-3.60473897697902;40.36648691097782
"URB";18;5369;"89018";"Av. Ensanche de Vallecas (carriles centrales) - P.P.-M-45";448650.677255689;4468600.709755959;-3.60480714723639;40.36639864473844
"URB";18;10762;"89019";"José Gutiérrez - Av. Suertes-Av. Ensanche de Vallecas";448815.794867642;4468596.228510627;-3.60286208685179;40.36636842811038
"URB";18;10761;"89021";"Av. Suertes - Rafael Leon-Jose Gutierrez";449026.423100683;4468737.212879631;-3.60039264705305;40.36765142367695
"URB";18;11092;"89022";"Av.Ensanche de Vallecas - AccesoVia Servicio M45 N-S y Acceso Via Servicio M45 S-N";448571.439283676;4468687.094418512;-3.60574735245963;40.36717197621905
"URB";18;11093;"89023";"Vía de servicio M-45 Acceso Av.Ensanche de Vallecas - M45 - Av. Ensanche de Vallecas";448512.246343903;4468539.037374196;-3.60643256060289;40.3658345173335
"other";11;1040;"16RC01PM01";"16RC01PM01";438617.98845082;4472881.062224515;-3.72337925853824;40.40427982858169
"other";11;6846;"16XC14PM01";"16XC14PM01";438897.365822066;4472361.293348041;-3.7200371866099;40.39961806025523
"other";1;6833;"18RC06PM01";"18RC06PM01";438783.998470808;4474322.552925672;-3.72156168368363;40.41727764171895
"M30";5;6659;"PM10444";;443905.063049541;4477433.941651603;-3.66147754737569;40.44566761682486
"M30";9;6692;"PM12211";"PM12211";437273.103374651;4477399.20633913;-3.73967304503102;40.44488078787927
"M30";15;6739;"PM20742";"PM20742";444142.786501693;4474526.301450139;-3.65841892851051;40.41949005545305
"M30";14;6744;"PM20832";"PM20832";444105.278758234;4474248.360556379;-3.65883659935772;40.41698369164241
"M30";14;6749;"PM20911";"PM20911";443621.368609822;4473190.891191338;-3.66444642772408;40.40742478174002
"other";11;6844;"16XC70PM01";"16XC70PM01";438640.7115864;4472904.433811827;-3.72311374258868;40.40449204535147
"M30";3;3491;"PM10861";"PM10861";443761.33842761;4473612.062757086;-3.66283415149648;40.41122839828762
"M30";5;6651;"PM10342";"PM10342";443722.39634797;4478406.475296967;-3.66371762444557;40.45441633578497
"M30";5;6652;"PM10343";"PM10343";443741.246000283;4478411.98502004;-3.6634958208658;40.45446724621053
"M30";5;6653;"PM10344";"PM10344";443734.688968653;4478411.623670612;-3.6635731152302;40.45446354712477
"M30";5;6656;"PM10441";;443918.394545558;4477435.358031015;-3.66132047593148;40.44568127568839
"M30";5;6657;"PM10442";;443898.533472309;4477433.766447333;-3.66155452451051;40.44566559790415
"M30";5;10264;"PM10448";;443868.471584562;4477418.026200602;-3.66190760407443;40.44552177268989
"M30";5;6660;"PM10446";;443897.668689037;4477375.901292295;-3.6615596104781;40.44514426097555
"M30";4;10175;"PM10471";"PM10471";443982.195494718;4477286.420305522;-3.66055504055223;40.44434387033162
"M30";4;10265;"PM10472";"PM10472";443962.650491342;4477279.273862153;-3.6607848678303;40.44427817443004
"M30";5;6658;"PM10447";;443877.096541017;4477413.687156255;-3.66180552092191;40.44548326666598
"M30";4;3818;"PM10501";"PM10501";444087.17664981;4476901.529542993;-3.65928331720551;40.44088364312868
"M30";5;6786;"PM33152";"PM33152";441937.534072079;4481400.740152769;-3.68504025628567;40.48126717886419
"M30";5;11387;"PM33151";"PM33151";441917.2829689;4481356.078623578;-3.68527507798224;40.48086343334965
"M30";8;6807;"PM43151";"PM43151";441901.69634477;4481354.703291356;-3.68545883453584;40.48084995337336
"M30";8;11369;"PM43153";"PM43153";441896.423461459;4481383.849985154;-3.68552371215343;40.48111214966043
"other";2;6842;"17NC04PM01";"17NC04PM01";438768.839871521;4473236.944091537;-3.72163586673024;40.40749688143402
"M30";12;3763;"PM41301";"PM41301";441022.426318453;4469387.702185167;-3.69472183155491;40.37298357698889
"URB";4;4030;"09014";"Dr. Gomez Ulla E-O - Ruiz Perello-Pl. Manuel Becerra";443332.484838639;4475637.971039137;-3.6680688519702;40.42944977470044
"URB";4;4031;"09015";"Alcala E-O - Cardenal Belluga-Pl. Manuel Becerra";443465.892025585;4475611.168904573;-3.66649379554405;40.42921740439866
"other";2;6840;"17NC65PM01";"17NC65PM01";438707.24313728;4473930.47175148;-3.72242856336325;40.41373995384296
"URB";5;5538;"61025";"Pº de la Habana S-N - Jerez-Menendez Pidal";442402.009604278;4479652.519106491;-3.67940183427086;40.46555080331718
"other";1;6839;"17NC80PM01";"17NC80PM01";438715.651463844;4474090.586598716;-3.72234489048759;40.41518295772221
"other";2;1038;"17RA10PM01";"17RA10PM01";438794.652501201;4473467.362886385;-3.72135383863335;40.40957449567021
"other";10;1041;"17RC01PM01";"17RC01PM01";438677.994602028;4473562.679368068;-3.72273782725256;40.41042456337251
"other";10;6841;"17XC49PM01";"17XC49PM01";438643.249784663;4473702.695180009;-3.72316079885668;40.41168332738328
"other";1;6827;"18NC20PM01";"18NC20PM01";438776.656163558;4474436.925015737;-3.72165923084861;40.41830741507267
"other";9;1016;"18NC52PM01";"18NC52PM01";438755.748520188;4474674.158601181;-3.7219285018838;40.42044297912636
"other";9;1015;"18NC52PM02";"18NC52PM02";438763.057485397;4474679.059767651;-3.72184282445172;40.42048766885275
"URB";5;6980;"61071";"Alberto Alcocer E-O - Bolivia-Víctor Andrés Belaunde";442501.535397767;4478898.399252798;-3.67815962437393;40.4587642472944
"URB";5;5583;"61072";"Víctor Andrés Belaunde N-S - Potosi-Alberto Alcocer";442321.148855621;4478791.240496586;-3.68027729534318;40.4577864119512
"URB";5;5584;"61073";"Costa Rica O-E - Principe de Vergara-Puerto Rico";442685.748225059;4478862.749749426;-3.67598387024532;40.45845582593343
"URB";5;3580;"61074";"(AFOROS)Costa Rica O-E - Puerto Rico-Victor de la Serna";442911.666841475;4478860.117194544;-3.67331924704984;40.45844766155124
"other";9;1047;"03FL08PM01";"03FL08PM01";438846.338355986;4474574.492568441;-3.72085115335525;40.4195518069243
"other";1;1046;"03FL08PM02";"03FL08PM02";438843.221284568;4474528.215952079;-3.72088344334887;40.41913469802395
"other";9;3542;"04FT14PM01";"04FT14PM01";437869.997487741;4473908.657938113;-3.73229388992429;40.41348136880951
"other";10;1006;"04FT74PM01";"04FT74PM01";437526.638490494;4473735.292585083;-3.73632354344886;40.41189392068599
"other";14;6900;"04TL40PM01";"04TL40PM01";444605.018839701;4472829.700592441;-3.65282296854368;40.40423700054801
"other";14;6899;"04TL40PM02";"04TL40PM02";444605.576381259;4472820.263608873;-3.6528155770728;40.40415202376685
"other";14;6901;"04TL40PM03";"04TL40PM03";444591.420784285;4472829.407556418;-3.6529831845593;40.40423345586852
"other";14;6903;"04TL40PM04";"04TL40PM04";444594.676497733;4472818.203222894;-3.65294384342139;40.40413273733225
"other";10;1001;"05FT10PM01";"05FT10PM01";437146.022667131;4473498.172350594;-3.74078577959832;40.40972919100739
"other";3;1048;"08RE14PM01";"08RE14PM01";443651.332708868;4473388.846882959;-3.66411083924741;40.40921010596041
"other";14;6907;"08RE66PM01";"08RE66PM01";443689.009110348;4473095.135509715;-3.66364083320308;40.40656673880716
"other";3;6893;"10NC18PM01";"10NC18PM01";443179.814891678;4472230.10628528;-3.66956422646867;40.39873947586294
"other";3;6891;"10NC76PM01";"10NC76PM01";442865.993297444;4471840.132336548;-3.67322703878986;40.39520490035255
"other";3;6894;"10XC18PM01";"10XC18PM01";443215.818094027;4472207.479339777;-3.66913797713404;40.39853809535646
"other";13;6892;"10XC82PM01";"10XC82PM01";442820.065833756;4471645.801948128;-3.67375073091845;40.393451110889
"other";2;6878;"11NC43PM01";"11NC43PM01";442381.606497322;4471399.4432291;-3.67889446285072;40.39120155819359
"other";2;6887;"11RE59PM01";"11RE59PM01";441550.772505781;4471043.179158781;-3.68865048936731;40.38793425315924
"other";2;6886;"11RE59PM02";"11RE59PM02";441566.038499786;4471054.894867094;-3.68847171200786;40.38804086559661
"other";2;1020;"13NL60PM01";"13NL60PM01";440751.953280192;4471221.231269237;-3.69807810407973;40.38948181083175
"other";2;7117;"14NC58PM01";"14NC58PM01";439867.079517007;4472029.04716743;-3.70857947644749;40.39669561349232
"other";2;7145;"14NC96PM01";"14NC96PM01";439706.236810844;4472101.807611464;-3.71048152710926;40.39733944599612
"other";2;6868;"14NL24PM01";"14NL24PM01";440397.529665019;4471731.012132452;-3.70230143955258;40.3940488948697
"other";2;6866;"14NL78PM01";"14NL78PM01";439990.531315656;4471978.336151619;-3.70712010144967;40.3962476881631
"other";12;1024;"14RL30PM01";"14RL30PM01";440207.180155806;4471745.768469396;-3.70454557049938;40.39416818400331
"other";2;1026;"14RM32PM01";"14RM32PM01";440385.815224714;4471835.641817364;-3.70244925704615;40.39499061388556
"other";11;1023;"14RN01PM01";"14RN01PM01";440094.471018638;4471771.135648141;-3.70587592590687;40.39438860526202
"other";11;7120;"14RN27PM01";"14RN27PM01";440001.283286814;4471623.384674966;-3.70695997139916;40.3930508826529
"other";12;1022;"14RR28PM01";"14RR28PM01";440316.937491273;4471685.887760019;-3.70324676774834;40.39363662042486
"URB";6;5660;"62044";"San Germán E-O - Poeta Joan Maragall-Orense";441212.862745329;4478636.753738761;-3.6933334639901;40.45631706733913
"M30";8;6639;"PM40001";"PM40001";443088.625858808;4482547.301747223;-3.67156313077558;40.49167558462718
"M30";8;3797;"PM40005";"PM40005";443081.764311719;4482550.064402707;-3.67164434096388;40.49170000128252
"M30";5;6640;"PM10013";"PM10013";442865.853274881;4481386.079488377;-3.67408704222425;40.48119950441493
"M30";5;6641;"PM10021";"PM10021";442869.28791041;4481350.331667072;-3.6740433008622;40.48087770910202
"M30";5;6642;"PM10091";"PM10091";442835.412761876;4480813.343429959;-3.67439453436033;40.47603795658922
"M30";5;6643;"PM10092";"PM10092";442819.699443779;4480806.998214016;-3.67457932665751;40.47597971439813
"URB";6;5681;"62069";"Bravo Murillo S-N(Giro a Lope de Haro) - San Enrique-San Germán";440501.780419018;4478726.276853639;-3.70172774168475;40.45707292455312
"URB";6;7111;"62070";"Sor Angela de la Cruz E-O - Poeta Joan Maragall-Orense";441217.588830163;4478966.794969932;-3.69330829134539;40.45929055399888
"URB";6;5682;"62072";"Lope de Haro E-O - Bravo Murillo-Juán Risco";440504.709192941;4478770.003399607;-3.70169730009809;40.45746704096434
"URB";6;5683;"62073";"Lope de Haro O-E - Berruguete-Juán Risco";440380.551066932;4478721.122336941;-3.70315694619524;40.45701780236934
"URB";6;5684;"62074";"Bravo Murillo S-N - Conde Vallellano-Marqués de Viana";440823.642964212;4479226.719449356;-3.69797858832901;40.4616041007625
"M30";4;3819;"PM10502";"PM10502";444063.733895114;4476902.364588254;-3.65955979325632;40.44088958897709
"M30";4;3820;"PM10561";"PM10561";444024.542719476;4476323.214584099;-3.65997085786371;40.43566966750429
"M30";4;3489;"PM10728";"PM10728";444052.254168798;4474762.056769114;-3.65950675480124;40.42160778672098
"M30";3;6667;"PM30754";"PM30754";443529.511073818;4474619.339316712;-3.66565573567384;40.42028679869755
"M30";3;6668;"PM10768";"PM10768";444001.84585315;4474331.118468287;-3.66006298243154;40.41772226722305
"M30";3;6669;"PM10766";"PM10766";443977.811982468;4474303.082105398;-3.66034378793007;40.41746808262562
"M30";3;3611;"PM10765";"PM10765";443985.734755776;4474314.024150486;-3.66025137023542;40.41756718791231
"URB";6;5687;"62077";"Bravo Murillo S-N - Maria Zayas- Lope de Haro";440576.955339141;4478867.34841832;-3.70085439033746;40.45834913413977
"URB";6;5688;"62078";"Bravo Murillo S-N - San Germán-Huesca";440557.262657678;4478820.411205147;-3.70108224020632;40.45792489600166
"URB";6;5689;"62079";"Bravo Murillo S-N - Huesca-Pensamiento";440655.878953716;4478949.045008386;-3.69993124391713;40.45909073061689
"URB";6;5690;"62080";"Bravo Murillo O-E(Giro a Pinos Alta) - Oñate-Azahar";441092.80765232;4479554.652307662;-3.69483448266939;40.46457738224849
"M30";2;6684;"PM11168";"PM11168";442210.911917487;4470993.509724173;-3.68086872538796;40.38753285804504
"M30";2;6685;"PM11201";"PM11201";441891.725397504;4470593.417350403;-3.68459262161535;40.38390640084373
"M30";2;6686;"PM11208";"PM11208";441891.5325464;4470580.613931057;-3.68459372579801;40.38379104703323
"M30";2;6687;"PM11301";"PM11301";441278.808742809;4470638.130715063;-3.69181721813961;40.38426623145352
"M30";2;6688;"PM11303";"PM11303";441272.967601632;4470633.618984071;-3.69188561427159;40.38422517562472
"M30";9;6689;"PM11981";"PM11981";437682.190025348;4475455.48727145;-3.73465887740105;40.42740179261199
"M30";9;6690;"PM12061";"PM12061";437445.575980633;4475976.800391593;-3.73749938011739;40.43208022324762
"M30";9;6691;"PM12121";"PM12121";437426.505080303;4476616.896954531;-3.73778722827941;40.43784501884478
"M30";8;6817;"PM12622";"PM12622";437403.727730406;4480589.661041344;-3.73844748512551;40.47363132146263
"M30";8;6699;"PM12641";"PM12641";437614.499975401;4480530.699307453;-3.73595540323763;40.47311603366805
"M30";8;6700;"PM12721";"PM12721";438209.072094954;4480483.195156887;-3.72893721003249;40.47273254645181
"M30";8;3801;"PM12781";"PM12781";438767.679430536;4480747.573274209;-3.72237343543397;40.47515552503011
"M30";8;6914;"PM12851";"PM12851";439325.393779901;4481182.385502044;-3.71583602657076;40.47911339895925
"URB";6;5691;"62081";"Bravo Murillo N-S(San Germán) - Maria Zayas-Lope de Haro";440557.494501814;4478830.759529544;-3.70108047502694;40.4580181345539
"URB";6;5692;"62082";"Bravo Murillo S-N - Rosa Silva-Oñate";440969.36126508;4479453.914024546;-3.69628111047867;40.46366112857922
"URB";6;5693;"62083";"Sor Angela de la Cruz  O-E(Salida Túnel) - Bravo Murillo-Julián Besteiro";440855.254953814;4479086.819737215;-3.69759271760135;40.46034607701035
"URB";6;5694;"62084";"Sor Angela de la Cruz E-O - Infanta Mercedes-Bravo Murillo";440848.311324444;4479104.720341703;-3.69767627793302;40.46050683881929
"M30";15;6729;"PM20471";"PM20471";444077.63831349;4477084.948932819;-3.65941192502529;40.44253533807271
"M30";15;6730;"PM20472";"PM20472";444105.425560097;4477082.679312772;-3.65908409089451;40.44251676060311
"M30";15;6732;"PM20571";"PM20571";444033.707562011;4476284.892307494;-3.65985943288387;40.43532505713961
"M30";15;6733;"PM20572";"PM20572";444051.709406405;4476279.120168157;-3.65964669089267;40.43527426988689
"M30";15;6734;"PM20661";;444000.103401454;4475408.510381998;-3.66017839931585;40.42742788229437
"URB";6;3426;"63003";"Bravo Murillo N-S - Castilla-San Raimundo";440377.621680972;4478246.202293292;-3.70314689234183;40.45273931646328
"URB";6;3427;"63004";"Bravo Murillo N-S - San Raimundo-Carolina";440362.786063151;4478127.044743304;-3.70331064966179;40.45166483127912
"URB";6;5695;"63005";"Bravo Murillo N-S - Juán Pantoja- Carnicer";440338.468700404;4477923.666041409;-3.70357829913356;40.44983096577299
"URB";6;3583;"63006";"(AFOROS)Bravo Murillo N-S - Carnicer-Almansa";440327.707446314;4477831.835021826;-3.70369656677758;40.44900294092785
"M30";13;6758;"PM21181";"PM21181";442179.494020823;4470916.261123922;-3.68123185345538;40.38683477937683
"M30";12;3531;"PM21307";"PM21307";441219.105042061;4470584.358840845;-3.69251560107347;40.38377761516842
"URB";6;5701;"63013";"Bravo Murillo S-N - Avila-Juán de Olías";440387.362338006;4478266.744593613;-3.70303395434252;40.45292506872183
"URB";6;5702;"63014";"Bravo Murillo S-N - Manuel Luna-San Enrique";440431.276728807;4478539.588416774;-3.70254169198699;40.45538610757832
"M30";9;3532;"PM21941";"PM21941";438007.768474851;4475139.983449499;-3.73079019744377;40.42458393197887
"M30";9;3533;"PM22081";"PM22081";437379.047988281;4476210.196558072;-3.73830666100415;40.43417773797423
"M30";9;6948;"PM22082";"PM22082";437371.468473823;4476209.362738526;-3.73839593495421;40.43416965590939
"M30";9;6766;"PM22121";"PM22121";437393.387464312;4476708.384567507;-3.73818669274457;40.43866668048936
"M30";9;6767;"PM22211";"PM22211";437276.142075785;4477298.899247896;-3.73962731075513;40.44397741507996
"M30";9;6768;"PM22241";"PM22241";437124.832814767;4477857.173837491;-3.74146664376844;40.44899511918543
"M30";9;3836;"PM22341";"PM22341";436905.514477689;4478674.56120844;-3.74413401155546;40.45634180087056
"M30";9;3558;"PM22391";"PM22391";436707.686954068;4479240.465608045;-3.7465234221211;40.46142460629753
"M30";9;6769;"PM22471";"PM22471";436432.204311454;4479965.658633794;-3.74984508209102;40.4679363361579
"M30";8;3597;"PM22571";"PM22571";436784.142289486;4480692.56926986;-3.74576639917224;40.47451142276722
"M30";8;6816;"PM22572";"PM22572";436597.033282132;4480698.171548968;-3.74797413233606;40.47454762701267
"URB";6;5719;"63032";"Orense N-S - Hernani-Raimundo Fdez.Villaverde";441022.444779788;4477675.374691248;-3.69548979422288;40.44764305824825
"URB";6;5720;"63033";"Edgar Neville S-N - Reina Mercedes-Gral.Perón";440924.99181726;4478061.727337231;-3.69667486301396;40.45111657103423
"URB";6;5721;"63034";"Orense S-N - Raimundo Fdez.Villaverde-Hernani";441020.699437829;4477573.39516889;-3.69550090445625;40.44672425807115
"M30";8;3598;"PM22721";"PM22721";438204.826276156;4480499.440032233;-3.72898887600474;40.47287856983735
"M30";8;6771;"PM22901";"PM22901";439800.141176981;4481377.331929292;-3.71025389860653;40.48090409890188
"M30";8;3494;"PM22971";"PM22971";440461.4583563;4481590.774721147;-3.70247210666068;40.48287455267949
"M30";8;6772;"PM23011";"PM23011";440876.807208301;4481791.522417996;-3.69759063493769;40.48471264378512
"M30";16;6934;"PM23221";"PM23221";442987.402815746;4481789.838007815;-3.67268936496428;40.4848450880203
"M30";16;6935;"PM23222";"PM23222";442994.329511569;4481787.443052276;-3.67260742713327;40.48482398887744
"M30";15;3837;"PM30461";"PM30461";444315.841596641;4477456.246474723;-3.65663586080218;40.44589616490077
"URB";6;5734;"63047";"Reina Mercedes E-O - Orense-Edgar Neville";441033.873902143;4478031.536622505;-3.69538809680734;40.45085233113885
"URB";6;5735;"63048";"Aviador Zorita N-S - Oviedo-Hernani";440776.088548192;4477811.6075794;-3.69840743732064;40.44885278888791
"URB";6;5736;"63049";"Hernani E-O - Edgar Neville-Aviador Zorita";440851.144337744;4477722.034571557;-3.69751404968775;40.44805122026585
"URB";6;5737;"63050";"Reina Mercedes E-O - Edgar Neville-Aviador Zorita";440896.046390226;4478040.42171197;-3.6970142110088;40.45092258312295
"M30";14;6748;"PM20864";"PM20864";443751.764696804;4473516.843403567;-3.66293856360677;40.41036996240843
"M30";13;10179;"PM20942";"PM20942";443485.14366756;4472812.360593563;-3.66601818148485;40.40400552968726
"M30";13;10178;"PM20948";"PM20948";443492.678763288;4472806.243921923;-3.6659288442896;40.40395093870321
"M30";8;10201;"PM40014";"PM40014";444091.750704959;4483734.075824608;-3.65983158350046;40.50243472679571
"M30";8;10199;"PM40018";"PM40018";444071.721565599;4483746.161440153;-3.66006902059553;40.50254224923821
"M30";14;10204;"PM40951";"PM40951";444930.903115706;4472401.101163658;-3.64894561792435;40.40039754011833
"M30";14;10203;"PM40952";"PM40952";444942.540794711;4472417.768964631;-3.64880992698393;40.40054846320748
"URB";6;7115;"63055";"Bravo Murillo S-N(Giro a Avila) - Navarra-Castilla";440382.622967731;4478295.451015913;-3.70309253891441;40.45318332817785
"URB";6;3454;"63056";"Juán de Olías E-O - Infanta Mercedes-Bravo Murillo";440505.977077564;4478318.877877226;-3.70164007132368;40.45340320593297
"URB";6;3455;"63057";"Bravo Murillo S-N - Hernani-Palencia";440335.308140596;4477847.666658919;-3.7036084280019;40.44914610454849
"URB";6;3456;"63058";"San Raimundo E-O - Topete-Bravo Murillo";440307.516622033;4478151.906401797;-3.70396474104778;40.45188482812958
"M30";4;10662;"PM10764";"PM10764";444096.435850143;4474505.35623073;-3.65896341318335;40.41929825680929
"M30";15;10661;"PM20596";"PM20596";444022.941538787;4476074.611165119;-3.6599678379416;40.43343000951295
"M30";9;10659;"PM12397";"PM12397";436728.279936486;4479257.451709354;-3.74628224390707;40.4615791908102
"M30";8;6803;"PM43012";"PM43012";440987.854706786;4482006.994313025;-3.69630054409002;40.48666159653052
"M30";8;11362;"PM43019";"PM43019";441010.706763475;4481978.531299447;-3.69602827642806;40.48640681506287
"M30";8;11368;"PM13118";"PM13118";441632.393939684;4481633.646672005;-3.68866159667405;40.48334390002821
"M30";8;6775;"PM23111";"PM23111";441646.340506193;4481666.715039458;-3.68850010047197;40.48364277328885
"M30";8;6709;"PM23119";"PM23119";441640.341404262;4481654.502831407;-3.68856975330544;40.48353233923044
"URB";6;5742;"63059";"Aviador Zorita N-S - Hernani-Raimundo Fdez.Villaverde";440762.56438212;4477649.654227163;-3.69855180586559;40.44739287948227
"URB";4;3840;"01001";"Jose Ortega y Gasset E-O - Pº Castellana-Serrano";441617.090594015;4475765.769279605;-3.68830247822946;40.43048241766403
"URB";4;3841;"01002";"Jose Ortega y Gasset O-E - Serrano-Pº Castellana";441706.039143845;4475769.104915968;-3.68725420113285;40.43051870494767
"URB";1;3842;"01003";"Pº Recoletos N-S - Almirante-Prim";441317.699533469;4474833.873625285;-3.69174587796909;40.42206638780964
"URB";4;3843;"01004";"Pº Recoletos S-N - Pl. Cibeles- Recoletos";441300.089707644;4474761.763250801;-3.69194679170027;40.42141554037423
"URB";4;3844;"01005";"(AFOROS) Pº Castellana S-N  - Eduardo Dato - Pl.Emilio Castelar";441606.236261728;4476129.460542301;-3.68846384925114;40.43375795993212
"URB";4;3845;"01006";"Pº Recoletos S-N - Villanueva-Jorge Juan";441382.968851413;4474993.863469397;-3.69099128548591;40.42351225473315
"URB";1;3846;"01007";"Sagasta 20 O-E - Mejia Lequerica-Pl. Alonso Martinez";440758.420651482;4475516.996914361;-3.69840183376943;40.42818065084175
"other";9;1017;"18NC80PM01";"18NC80PM01";438455.20070354;4474879.167225794;-3.72549083910588;40.42226760842642
"other";1;6835;"18RA28PM01";"18RA28PM01";438764.313318401;4474326.832169108;-3.72179410987536;40.41731474276315
"other";9;1012;"18RA66PM01";"18RA66PM01";438740.943151616;4474609.72421867;-3.72209680342747;40.41986143669554
"other";9;1011;"18RM17PM01";"18RM17PM01";438656.420188136;4474429.748918251;-3.72307569189315;40.41823391525897
"other";9;6837;"18RN69PM01";"18RN69PM01";438671.497917128;4474311.168167559;-3.72288654595573;40.417166799922
"other";1;1043;"18RT11PM01";"18RT11PM01";438852.792310857;4474439.116666929;-3.72076206769927;40.41833275626917
"other";9;1045;"18RU04PM01";"18RU04PM01";438829.307238966;4474531.454837274;-3.72104775388169;40.41916285261753
"other";9;3546;"18RV21PM01";"18RV21PM01";437128.59042962;4473516.450000812;-3.74099302249695;40.40989252710806
"other";2;6881;"90EL16PM01";"90EL16PM01";441406.625471969;4470883.44172609;-3.69033402464593;40.38648512555837
"other";2;6882;"90EL38PM01";"90EL38PM01";441589.103533078;4470568.88791522;-3.68815541700744;40.38366426557626
"M30";16;7014;"PM13222";"PM13222";443019.648163596;4481788.868443912;-3.6723088411066;40.48483856745793
"M30";8;3521;"PM30001";"PM30001";443156.142448223;4482615.358583339;-3.67077258118191;40.49229329544748
"URB";5;3926;"04020";"Concha Espina, 57 E-O - Rodriguez Marin-Serrano";442331.469190783;4478116.835023601;-3.68009432398302;40.45171177567173
"URB";5;3927;"04021";"Pl. Cataluña (Isleta Central) O-E - Dr.Arce-Principe Vergara";442444.004392383;4477775.788894574;-3.67873635540665;40.44864727312289
"URB";5;3928;"04022";"(TACTICO) Doctor Arce O-E - Delante Grupo 6";442115.810569887;4477484.925529094;-3.68257985340825;40.44600425312161
"URB";5;3604;"04023";"(TACTICO) Pl. Cataluña S-N -  Extensiones Grupo 7";442544.939030048;4477791.244995302;-3.67754754828595;40.44879349124124
"URB";3;4193;"02017";"AV. MEDITERRANE E-O(CRUZ DEL SUR-PL. CONDE CASAL)";443322.111518761;4473108.957770001;-3.66796577755009;40.40666635984981
"URB";3;3870;"02018";"AV. MEDITERRANEO E-O(PASO INFERIOR)";443321.955413141;4473099.500633389;-3.66796677493739;40.40658115409158
"URB";3;3871;"02019";"FDEZ. SHAW S-N(FEDERICO MORENO TORROBA-PL. CONDE CASAL)";443222.585249963;4472985.527850401;-3.66912763689144;40.40554765313507
"URB";3;3872;"02020";"DR. ESQUERDO S-N (STA.SABINA -PL. CONDE CASAL)";443065.660993113;4472971.470418285;-3.67097562767922;40.40541029947509
"URB";3;3873;"02021";"AV. MEDITERRANEO O-E(SANCHEZ BARCAIZTEGUI-PL. CONDE CASAL)";442960.28032495;4473128.409655676;-3.67223153180805;40.40681688088789
"M30";15;6737;"PM20721";"PM20721";444088.825090821;4474829.878298203;-3.65908165025919;40.42222121831314
"M30";15;6738;"PM20722";"PM20722";444107.220740355;4474827.487205785;-3.65886460554364;40.42220091395711
"M30";15;6740;"PM20756";"PM20756";444159.040409241;4474526.898459374;-3.65822739939701;40.41949652452291
"M30";14;6742;"PM20776";"PM20776";444181.217964778;4474266.138850102;-3.65794311257513;40.41714894531595
"M30";14;6743;"PM20831";"PM20831";444072.778256644;4474221.457872665;-3.65921729653116;40.41673915385531
"M30";16;7015;"PM43223";"PM43223";443023.522450007;4481796.88316976;-3.67226385190935;40.48491103339853
"M30";4;10266;"PM10578";"PM10578";443985.492533369;4476225.027912154;-3.66042259020016;40.43478252136351
"M30";15;10194;"PM20667";;444023.832553666;4475389.367590155;-3.65989699031949;40.42725703073803
"URB";4;4003;"08002";"Principe de Vergara N-S - Hermosilla-Goya";442306.161104293;4475259.795909506;-3.6801333422201;40.42597243588067
"URB";2;3719;"13030";"(AFOROS)STA MARIA CABEZA, 11 N-S(LAT. DCHO. SUPERFICIE)";441070.52555252;4473093.134773266;-3.69449810959878;40.40636748556459
"URB";2;4178;"13035";"BATALLA DEL SALADO N-S(DELICIAS-PALOS FRONTERA)";440960.227393004;4472845.058994048;-3.69577489686692;40.4041248791556
"M30";5;6818;"PM13188";"PM13188";442574.171660565;4481679.377657318;-3.67755473429429;40.48382153566966
"M30";5;11377;"PM13187";"PM13187";442576.496430596;4481686.788149191;-3.67752797790922;40.48388845325506
"URB";4;4042;"09028";"Narvaez S-N - Duque de Sesto-Jorge Juan";442664.802373007;4474878.37863165;-3.67587132737107;40.42256122726329
"URB";4;4043;"09029";"Principe de Vergara S-N - Jorge Juan-Goya";442296.998063904;4475013.343157301;-3.68021898879256;40.42375162997686
"URB";4;4044;"09030";"Jorge Juan O-E - Principe Vergara-General Pardiñas";442313.36492776;4474992.956326211;-3.68002421503225;40.42356911002928
"URB";1;10528;"15013";"PELIGROS S-N(ALCALA-GRAN VIA)";440703.548262061;4474395.267992211;-3.69894407967629;40.41807167962853
"URB";1;10639;"15020";"ALCALA O-E (SALIDA PARKING)";440697.750247058;4474379.005543633;-3.69901090145974;40.41792476656067
"URB";4;7090;"15307";"(MICRO) Po RECOLETOS(CIBELES - MARQUES DEL DUERO)";441259.712264218;4474649.235769706;-3.6924123290533;40.42039898866275
"URB";3;4064;"10018";"Narvaez N-S - Menorca-Ibiza";442634.849010391;4474513.994991696;-3.67619152774031;40.41927660650642
"URB";3;3609;"10019";"Menendez Pelayo N-S - (Pio  Baroja-Niño Jesus(Puerta Granada)";442581.516917601;4473751.508305207;-3.67675131270141;40.41240404883449
"URB";1;4293;"16015";"(AFOROS) SAN BERNARDO, 37 E-O(ANTONIO GRILLO-GRAN VIA)";439968.993653219;4474907.988126275;-3.70765025742342;40.42263783337722
"URB";1;4294;"16016";"GRAN VIA, 51 N-S(SAN BERNARDO-SILVA)";439976.748373385;4474753.233847702;-3.70754424387476;40.42124429577188
"URB";1;4295;"16017";"SAN BERNARDO, 15 O-E(PL. SANTO DOMINGO-GRAN VIA)";439915.603614306;4474700.116305224;-3.70825993754555;40.42076137579646
"URB";1;4314;"16043";"BAILEN S-N (SENADO -PL.ESPANA)";439528.085602643;4474762.404974642;-3.71283349232446;40.42129442800211
"URB";3;3610;"10020";"Menendez Pelayo N-S - Giro Izqda. Pl. Niño Jesus";442585.900886103;4473752.704303251;-3.67669975329221;40.41241512542876
"URB";3;4066;"10022";"Menendez Pelayo S-N - Pl. Niño Jesús -Pio Baroja";442610.361269571;4473682.63187855;-3.67640515427245;40.4117855627463
"URB";3;4067;"10023";"Narvaez S-N - Doctor Castelo-O´Donnell";442647.643706406;4474655.637729565;-3.67605349342928;40.42055347969122
"URB";3;4068;"10024";"(AFOROS) Av. Menendez Pelayo N-S - O´Donnell-Doctor Castelo";442326.438398442;4474719.773900138;-3.67984533581449;40.42110905030989
"URB";4;4070;"10026";"(TACTICO) Fernan Gonzalez N-S - Duque Sesto-O´Donnell";442791.468552671;4474778.159189491;-3.67436925977741;40.42166711727247
"URB";4;4071;"10027";"Av. Menendez Pelayo N-S - Alcala-O´Donnell";442288.208815598;4474869.88034924;-3.68030957150632;40.42245863482496
"URB";1;4308;"16036";"GRAN VIA,1 O-E(VICTOR HUGO-ALCALA)";440787.277437113;4474523.79218721;-3.69796917499602;40.41923544901002
"URB";1;4309;"16037";"(AFOROS)GRAN VIA,20 E-O(CLAVEL -HORTALEZA)";440607.521998852;4474597.269324847;-3.70009475167067;40.4198845557416
"URB";9;10874;"16041";"FERRAZ N-S (IRUN -CUESTA  SAN VICENTE)(GIRO)";439438.619671799;4474899.255930768;-3.71390105800033;40.42252073537222
"URB";1;4313;"16042";"PL.ESPANA O-E(BAILEN-GRAN VIA)";439520.044142072;4474867.080305839;-3.71293823199745;40.42223680556216
"URB";3;10084;"10043";"Alde. Sainz Baranda E-O - Narváez-López de Rueda";442591.114615284;4474266.718300872;-3.67668469356714;40.41704599337733
"URB";7;4406;"19004";"Fuencarra, 146 S-N - Gonzalo de Córdoba-Gta. Quevedo)";440300.181096714;4476007.941224578;-3.70384976573583;40.43257053903562
"URB";7;4407;"19005";"Alburquerque, 13 E-O - Cardenal Cisneros-Fuencarral";440442.462712169;4475845.430740367;-3.70215718403198;40.43111677148877
"URB";7;4410;"19008";"Fuencarral, 117 S-N - Sandoval-Gta. Bilbao";440394.261981688;4475709.774003549;-3.70271268820244;40.42989126173962
"URB";7;4411;"19009";"Luchana, 15 N-S - Palafox-Gta.  Bilbao";440559.995021155;4475722.315956501;-3.70076011559111;40.43001610452971
"URB";8;5426;"43015";"Av.Ilustración O-E - Centro Cívico-Ginzo de Limia";440086.941698542;4481441.921428023;-3.706876498368;40.48150668796102
"URB";8;5427;"43016";"Av.Ilustración E-O - Arzobispo Morcillo-Ginzo de Limia";440416.127942106;4481569.336268587;-3.70300488954865;40.48267817539396
"URB";8;5428;"43017";"Av.Ilustración O-E  - Ginzo de Limia-Arzobispo Morcillo";440595.337767315;4481641.002382879;-3.70089733426752;40.48333661160763
"URB";8;5429;"43018";"Av.Ilustración E-O - Nudo Norte-Arzobispo Morcillo";440843.437176479;4481774.895056046;-3.69798278638267;40.4845604812278
"URB";8;5431;"43020";"Ginzo de Limia S-N - Av.Monforte de Lemos-Av.Ilustración";440291.068974533;4481296.963910692;-3.70445465126335;40.48021556088895
"URB";8;5432;"43021";"Ginzo de Limia N-S - Fermín Caballero-Av.Ilustración";440183.504496175;4481599.580964927;-3.70575217147938;40.48293390452665
"URB";9;4315;"16044";"CUESTA SAN VICENTE E-O(FERRAZ-CADARSO)";439463.583600416;4474809.789308315;-3.71359828659782;40.42171659698511
"URB";9;4316;"16045";"FERRAZ N-S(IRUN- CUESTA SAN VICENTE)(FRENTE)";439442.624243271;4474902.436789081;-3.71385415826967;40.42254968141542
"URB";1;4317;"16046";"CUESTA SAN VICENTE, 14 O-E(ARRIAZA-BAILEN)";439349.388189577;4474697.792746821;-3.71493363219561;40.42069936649599
"URB";1;4318;"16047";"(TACTICO) SALIDA JARDINES PALACIO REAL";439287.610322568;4474625.368961838;-3.71565488591586;40.42004243586157
"URB";9;10875;"16502";"FERRAZ N-S (P.M 16045+16041 )";439452.725258098;4474886.00420359;-3.71373353101758;40.42240238450587
"URB";6;3421;"60001";"Bravo Murillo E-O - Pl.Castilla-Conde Serrallo";441453.970035479;4479675.623063072;-3.69058588014246;40.46569266635577
"URB";6;7017;"60002";"Pº Castellana N-S - San Benito-Pl.Castilla";441571.426094061;4479913.706831802;-3.68922243439981;40.4678456939681
"URB";6;3423;"60003";"Lateral Pº Castellana N-S - Pl.Castilla-Rosario Pino";441500.060294752;4479372.361152019;-3.69001429792765;40.46296400145941
"URB";6;5451;"60004";"PºCastellana N-S - Fco.Gervás-Sor Angela de la Cruz";441505.361655228;4479131.876874877;-3.68992960695583;40.46079798962464
"URB";6;5452;"60005";"PºCastellana N-S - Sor Angela de la Cruz-Juán Gris";441477.465807256;4478786.282092371;-3.69022674496088;40.45768275877001
"URB";9;4319;"16048";"ARRIAZA N-S(IRUN-CUESTA SAN VICENTE)";439260.904990421;4474752.782928486;-3.71598182397724;40.42118828823435
"URB";1;4320;"16049";"CUESTA SAN VICENTE O-E(SALIDA CALLE 30-ARRIAZA)";439111.076150583;4474652.129640618;-3.71773821199289;40.42027060906339
"URB";1;3650;"16050";"CUESTA SAN VICENTE E-O(ENTRADA TUNEL A-5)CUESTA SAN VICENTE E-O(ENTRADA TUNEL A-5)";439101.565669577;4474658.130107886;-3.71785088458935;40.42032396793502
"URB";9;10885;"16401";"(TACTICA) PL.ESPANA E-O( GRAN VIA -FERRAZ)";439508.416499277;4474872.158577513;-3.71307577175595;40.42228170763381
"URB";1;11207;"16500";"GRAN VIA N-S (PM16012+PM16013)";439823.50971809;4474855.411668454;-3.7093601337052;40.42215369179104
"URB";5;5465;"60018";"Lateral PºCastellana S-N - Félix Boix-Pl.Castilla";441577.881327518;4479517.345911225;-3.68910979950553;40.4642755614931
"URB";5;5466;"60019";"(TACTICO) Alberto Alcocer O-E(Giro a Padre Damián O-N) - (TACTICO) Alberto Alcocer O-E(Giro a Padre Damián O-N)";441851.428312769;4478909.039465095;-3.68582770078662;40.45881486231153
"URB";5;5467;"60020";"(TACTICO) Alberto Alcocer E-O(Giro a Padre Damián E-S) - (TACTICO) Alberto Alcocer E-O(Giro a Padre Damián E-S)";441904.63843609;4478905.128457041;-3.68519980378473;40.4587833518897
"URB";5;5577;"61066";"Potosi E-O - Víctor Andrés Belaunde-Herreros de Tejada";442328.676120019;4478670.761970499;-3.68017757755479;40.45670160925654
"URB";5;5578;"61067";"Potosi O-E - Pº de la Habana-Ramiro Girón";442276.340707404;4478645.848340962;-3.68079251650162;40.45647354252426
"URB";5;5579;"61068";"Potosi E-O - Bolivia-Víctor Andrés Belaunde";442420.028827984;4478696.417432954;-3.67910255950031;40.4569390597782
"URB";5;5604;"61098";"COLOMBIA E-O (PUERTO RICO-VICTOR DE LA SERNA)";442914.578419676;4478699.375439459;-3.67327045376136;40.45699982512006
"URB";5;5605;"61099";"COLOMBIA O-E (CHILE-PUERTO RICO)";442742.605233335;4478704.818573716;-3.67529907804002;40.45703702857359
"URB";1;4707;"90033";"COLEGIATA O-E(TOLEDO-ROMANONES)";440070.97761201;4473834.479332209;-3.70634700313015;40.41297451936325
"URB";1;4715;"90041";"SEGOVIA O-E(SAN JUSTO-CUCHILLEROS)";439838.569588332;4473918.056145332;-3.70909396022361;40.41371065215974
"URB";1;4716;"90042";"CUCHILLEROS N-S(MAESTRO VILLA -TINTOREROS)";439927.824624176;4473989.470619112;-3.70804877358278;40.4143604338656
"URB";1;4717;"90043";"SEGOVIA E-O(CAVA BAJA -TOLEDO)";439923.842597932;4473907.108098879;-3.70808792710814;40.41361818639722
"URB";1;4718;"90044";"CONDE DE ROMANONES N-S(CONCEPCION JERONIMA-COLEGIATA)";440196.354075733;4473854.595201391;-3.70487126393656;40.41316475047569
"URB";1;3401;"90045";"CONCEPCION JERONIMA O-E(SALVADOR -TOLEDO)";440055.320847663;4473935.342260445;-3.70654103030804;40.41388201266945
"URB";5;5608;"61102";"Principe de Vergara S-N - Pl.República Dominicana-Alfonso XIII";442625.644399323;4478941.912741038;-3.67669986390734;40.45916481479072
"URB";5;5609;"61103";"Princip de Vergara N-S - Pl.República Dominicana-Potos";442603.973341147;4478809.488425888;-3.67694347140758;40.45797037954473
"URB";5;5610;"61106";"Serrano N-S - Pl.Ecuador-Rodríguez Marín";442501.830645281;4478425.979009639;-3.67811335308971;40.45450849004344
"URB";5;5611;"61107";"Rodríguez Marín S-N - Acceso Serrano S-N";442435.419733946;4478262.678184678;-3.6788817222214;40.4530328039303
"URB";6;5676;"62064";"Bravo Murillo N-S - Pasaje Remonta-Azucenas";440947.308657503;4479433.809740278;-3.69653933743551;40.46347845381431
"URB";6;5677;"62065";"Infanta Mercedes S-N - Pedro Villar-San Felipe";441047.416693203;4479245.141669584;-3.69534109794833;40.46178596250705
"URB";6;5738;"63051";"Raimundo Fdez.Villaverde E-O(Giro) - Edgar Neville-Aviador Zorita";440799.501910356;4477557.031316176;-3.69810762081229;40.44656112324501
"URB";7;5739;"63052";"Raimundo Fdez.Villaverde O-E(Lateral) - Orens-PºCastellana";441035.917914444;4477529.691397013;-3.69531739902643;40.44633163475224
"URB";6;5740;"63053";"Raimundo Fdez.Villaverde E-O(Puente) - PºCastellana-Orense";441132.946015051;4477537.041545312;-3.69417398333711;40.44640472420165
"URB";6;5741;"63054";"Raimundo Fdez.Villaverde O-E(Giro izdq) - Ponzano-Alonso Cano";440824.587814587;4477554.333451861;-3.69781157078737;40.44653860569359
"URB";7;7020;"63064";"Filipinas 14 E-O( Lateral izqd) - Jesús Maestro- Blasco Garay";439706.14903029;4476803.132832374;-3.71092823280297;40.43969111573522
"URB";6;7140;"63701";"(AFOROS)Raimundo Fdez.Villaverde(Es 40) (PM63025+PM63054) - (AFOROS)Raimundo Fdez.Villaverde(Es 40) (PM63025+PM63054)";440843.276084689;4477548.290468025;-3.69759064659137;40.44648549787254
"URB";5;5761;"97001";"Av. America E-O - Padre Xifre-Cartagena";443015.481923386;4476747.548694995;-3.67190533407421;40.43942375395078
"URB";5;5762;"97002";"Av.America 27  E-O - Cartagena - Fco.Silvela";442803.337979826;4476698.006426035;-3.67440210267606;40.43896288811088
"URB";4;5763;"97003";"Av.America 22 O-E - Pilar de Zaragoza - Cartagena";442779.833522049;4476671.400052956;-3.6746768279059;40.43872158781818
"URB";5;5764;"97004";"Cartagena 103 N-S - Mataelpino - Av. America";442846.720053547;4476796.621347597;-3.67389949182428;40.43985424261935
"URB";9;5773;"97022";"(AFOROS)Av.Reina Victoria E-O   - Gral. Ibáñez Íbero - Estudiantes";439726.387131114;4477597.445994394;-3.71076498824624;40.44684808640898
"URB";9;3498;"97023";"Av.Gregorio del Amo O-E  - Estación Metro - Juán XXIII";438995.578149705;4477588.903276895;-3.71938145148357;40.44671782444379
"URB";7;5774;"97024";"Av.Moncloa O-E  - La Granja - Del Valle";439244.218013664;4477547.179440262;-3.71644564638714;40.44636016747635
"URB";2;4135;"97060";"Entrada M-30 N-S  - M-30 - Méndez Álvaro";442625.370292152;4471607.889930422;-3.67604126023119;40.39309618931389
"URB";13;3436;"97061";"Entrada M -30 S-N - M-30 - Méndez Álvaro";442521.010142467;4471362.170953642;-3.67724867071629;40.39087541981314
"URB";13;4140;"97062";"Méndez Álvaro E-O  - (Convenio - M-30)";442782.978868017;4471516.042764258;-3.67417603957864;40.39227962001093
"URB";2;4133;"97092";"Av.Planetario O-E - Meneses-Méndez Alvaro";442205.235272327;4471776.234801634;-3.68100662979165;40.39458368591674
"URB";2;9959;"97093";"Méndez Alvaro S-N(Giro Izqda) - Retama-Pedro Bosch";442370.882210374;4471774.466088769;-3.6790547507261;40.39457923052577
"URB";2;4130;"97094";"Pedro Bosch E-O - Ciudad de Barcelona-Jacaranda";442455.933312485;4471972.384684286;-3.67807052995518;40.39636807136196
"URB";2;4154;"97095";"(AFOROS)Méndez Alvaro O-E - Sabal - Oriana";442152.319785891;4472016.831044335;-3.68165195861911;40.39674743468662
"URB";2;7002;"97096";"Méndez Alvaro E-O - Sabal - Estrella Naos";442133.215266133;4472061.371592002;-3.68188111085149;40.3971473529205
"URB";2;4153;"97097";"Méndez Alvaro O-E  - Estrella Naos -Sabal";442087.139263967;4472094.443623579;-3.6824270253037;40.39744208084694
"URB";2;7003;"97098";"(AFOROS)Méndez Alvaro S-N - Estrella Naos -Repsol";442036.005288714;4472177.319930843;-3.68303707650794;40.39818511791772
"URB";2;7023;"97112";"Méndez Alvaro N-S - Áncora - Canarias";441719.724022275;4472532.720747356;-3.6867963589908;40.40136468231326
"URB";4;7074;"97113";"Dr.Esquerdo 35 S-N(Giro a Goya) - Jorge Juán-Fundadores";443270.099450324;4475008.375244745;-3.66874810404683;40.42377379510761
"URB";4;7072;"97306";"O´Donnell E-S (giro a Dr. Esquerdo) - O´Donnell E-S (giro a Dr. Esquerdo)";443249.870107981;4474747.517887776;-3.6689632779117;40.42142247483167
"URB";3;3865;"02010";"DR ESQUERDO N-S(SAMARIA-NAZARET)(GIRO A ASTROS)";443173.87298407;4473760.601257189;-3.66977089489691;40.41252661524951
"URB";3;3866;"02011";"AV. NAZARET O-E(JESUS APRENDIZ-DR. ESQUERDO)";443094.213817723;4473633.885498777;-3.67069838875071;40.41137964879736
"URB";3;3867;"02012";"DR. ESQUERDO N-S(MONTANO-GAVINET)";443144.354885635;4473371.89326568;-3.67008404835215;40.40902290638087
"URB";3;4191;"02013";"DR. ESQUERDO S-N(LIRA-ESTRELLA POLAR)";443156.226426346;4473372.394546304;-3.66994418768707;40.40902823292571
"URB";3;3868;"02014";"LIRA E-O(CRUZ DEL SUR-DR. ESQUERDO)";443177.563574163;4473307.640210294;-3.66968694828495;40.40844634711787
"URB";3;3869;"02015";"DR. ESQUERDO S-N (AV. MEDITERRANEO-LIRA)";443147.775099415;4473251.986309092;-3.67003302868899;40.40794295242558
"URB";3;3724;"02027";"(TACTICO) JUAN ESPLANDIU N-S(ENTRADA ALCALDE SAINZ BARANDA)";443539.049627012;4474393.35448761;-3.66552324385229;40.41825165277426
"URB";3;3725;"02028";"(TACTICO) ALCALDE SAINZ BARANDA O-E(GIRO IZQ. A VAQUERIAS";443480.811959032;4474360.593184017;-3.66620675465193;40.41795256796156
"URB";3;3726;"02031";"ASTROS E-O(CRUZ DEL SUR-DR. ESQUERDO)(GIRO DERECHA)";443249.099675533;4473636.828669216;-3.66887326618634;40.41141673689415
"URB";3;3601;"02032";"ASTROS E-O(CRUZ DEL SUR-DR. ESQUERDO)(DE FRENTE)";443248.676105832;4473630.916785443;-3.6688777307952;40.41136345054218
"URB";3;10984;"02033";"ESTRELLA POLAR E-O(PUENTE M-30 -PEZ AUSTRAL)";443608.18841547;4473597.994638192;-3.66463783006698;40.41109130344449
"URB";14;3880;"02034";"ESTRELLA POLAR E-O(PUENTE M-30 -SIRIO)";443779.629373407;4473583.757758498;-3.66261608533599;40.41097464668636
"URB";3;10024;"02305";"(MICRO) PL. CONDE CASAL (DELANTE DEL GRUPO 12)";443164.811016083;4473087.34346945;-3.6698175605238;40.4064609223996
"URB";3;3654;"13011";"ALFONSO XII S-N (CUESTA CLAUDIO MOYANO-ESPALTER)";441565.552734473;4473702.939114175;-3.68872049451866;40.41189580803501
"URB";3;4160;"13012";"ESPALTER O-E (Po DEL PRADO-ALFONSO XII)";441447.765359852;4473795.936493449;-3.69011722406968;40.4127252979639
"URB";3;4161;"13013";"ALFONSO XII N-S (ESPALTER-CUESTA CLAUDIO MOYANO)";441554.173884976;4473587.946231376;-3.68884403570677;40.41085909481229
"URB";3;4162;"13014";"ALFONSO XII S-N (INFANTA ISABEL-CLAUDIO MOYANO)(LATERAL)";441573.889254411;4473359.330160027;-3.68859069409942;40.40880098848587
"URB";3;4163;"13015";"ALFONSO XII N-S";441564.127318578;4473312.183132043;-3.68870140762244;40.40837557868199
"URB";3;4164;"13016";"Po REINA CRISTINA E-O(JOSE ANSELMO CLAVE-ALFONSO XII)";441679.55676834;4473116.496022023;-3.68732316251673;40.40662082270612
"URB";2;4174;"13031";"STA. MARIA CABEZA, 11 N-S(RONDA ATOCHA-MURCIA)(TUNEL)";441076.086227287;4473089.238832201;-3.6944322195539;40.40633278254656
"URB";2;4175;"13032";"STA MARIA CABEZA, 11 N-S(LATERAL IZQDA)(SUPERFICIE)";441080.634192799;4473085.713187911;-3.69437829803838;40.40630134364029
"URB";2;4176;"13033";"MURCIA 1 E-O(STA MARIA CABEZA-Po DELICIAS)";441031.530015652;4472982.344146229;-3.69494738413522;40.40536666646609
"URB";1;3730;"16028";"GRAN VIA,25 O-E(SALUD-TRES CRUCES)";440444.390399051;4474613.621340585;-3.70201907619858;40.42002020304844
"URB";8;5873;"42005";"(AFOROS) CARDENAL HERRERA ORIA, 244 E-O(ISLA AROSA-PICO BALAITUS)";439027.87787123;4481476.222252917;-3.71937409841427;40.48173858892402
"URB";8;5874;"42006";"Av. Cardenal Herrera Oria, 221 O-E(Isla de Arosa-La Masó)";439312.219900681;4481578.861650426;-3.71602938856618;40.48268403098653
"URB";8;5875;"42007";"Av. Cardenal Herrera Oria, 221 E-O(La Masó-Isla de Arosa)";439307.181628386;4481585.512696169;-3.71608946531446;40.48274357762426
"URB";8;5876;"42008";"Av. Cardenal Herrera Oria, 204 E-O(Ginzo de Limia-La Masó)";439564.614482292;4481659.466460711;-3.71305939508608;40.48342855681324
"URB";8;5877;"42009";"AV. CARDENAL HERRERA ORIA, 167 O-E(RONDA BARA-GINZO LIMIA)";439754.930219994;4481788.978675053;-3.71082638754268;40.48460907962048
"URB";8;5878;"42010";"AV. CARDENAL HERRERA ORIA, 176 E-O(GIRO A GINZO LIMIA)INTERIOR CRUCE";439890.920018123;4481906.289002762;-3.70923309610895;40.48567570925341
"URB";8;5879;"42011";"AV. CARDENAL HERRERA ORIA, 168 E-O(CERRO CASTAÑAR-LAGUNA GRANDE)";440038.460212296;4482025.508778622;-3.70750365819811;40.48676035246809
"URB";8;10027;"42012";"AV. CARDENAL HERRERA ORIA 83 O-E(PEÑA DEL OSO-CTRA. DE COLMENAR)";440724.432355746;4482346.019015437;-3.69944022383901;40.48969688902478
"URB";8;5881;"42013";"AV. CARDENAL HERRERA ORIA 87 O-E(GINZO DE LIMIA-PEÑA DEL OSO)";440542.449889262;4482264.485098548;-3.7015797800744;40.48894938699247
"URB";7;4356;"17024";"ISAAC PERAL S-N (ARCIPRESTE HITA-FERNANDEZ DE LOS RIOS)";439071.939658461;4476266.69965452;-3.71835424159552;40.43481247871459
"URB";9;4357;"17025";"ISAAC PERAL N-S(FERNANDEZ DE LOS RIOS - ARCIPRESTE DE HITA)";439064.476147897;4476274.985633211;-3.71844302583778;40.43488657545003
"URB";8;5900;"42036";"CARDENAL HERRERA ORIA E-O(MANRESA-M-607)";440969.624654681;4482419.04546956;-3.69655400751015;40.49037221093457
"URB";8;10278;"42045";"AV. CARDENAL HERRERA, 282 ORIA E-O(ANGELITA CAMARERO-ALICIA BAENA)";438544.194642954;4481212.632715721;-3.72505481119388;40.47932842908332
"URB";8;10279;"42046";"AV. CARDENAL HERRERA ORIA, 266 E-O(GOMEZ SERNA-ANGELITA CAMARERO)";438622.773996232;4481255.296836165;-3.72413193300357;40.47971857344645
"URB";8;10280;"42048";"ISLA AROSA, 47 N-S(AV. CARDENAL HERRERA ORIA-ISLAS CIES)";439205.742923412;4481512.687890434;-3.71727922651446;40.48208012573335
"URB";8;3713;"42049";"La Masó, 80 N-S(La Masó-Av. Cardenal Herrera Oria)";439460.277347948;4481712.515778904;-3.71429541355384;40.483898842235
"URB";8;10281;"42050";"AV. CARDENAL HERRERA ORIA, 204 O-E(VENTISQUERO CONDESA-RONDA BARA)";439572.126571399;4481652.116342173;-3.71297006807103;40.48336289114664
"URB";8;10295;"42051";"AV. CARDENAL HERRERA ORIA, 176 E-O(LAGUNA GRANDE-RONDA BARA)INTERIOR CRUCE";439886.065509966;4481912.239690183;-3.70929093509519;40.48572896365301
"URB";8;10296;"42052";"AV. CARDENAL HERRERA ORIA, 180 E-O(LAGUNA GRANDE-LA MASO)";439815.837638493;4481851.914524161;-3.71011377369305;40.48518044532298
"URB";8;10644;"42057";"VALLE DE EN MEDIO O-E(COLLADO DE LA MINA-AV. VENTISQUERO DE LA CONDESA)";439201.874803609;4482201.868011157;-3.71739096005279;40.48828820969428
"URB";1;4324;"30017";"M-30 SALIDA TUNEL O-E(ENTRADA GTA. SAN VICENTE) (90MTS)";438873.017451588;4474504.23062516;-3.72052994318152;40.41892081702071
"URB";1;3651;"30018";"M-30 SALIDA TUNEL O-E(ENTRADA GTA. SAN VICENTE) (150MTS)";438862.35262683;4474458.52805594;-3.72065125147582;40.41850832493677
"URB";8;3714;"42400";"(TACTICO) AV. CARDENAL HERRERA ORIA, 178 GIRO IZDA. A GINZO LIMIA (PROX. GR-4)";439847.068272857;4481868.89482813;-3.70974692114349;40.48533567324718
"URB";8;5906;"42401";"(TACTICO DIRECCIONAL) LAGUNA GRANDE, 1 N-S (PROX. GR-14)";439884.539079236;4481927.778680797;-3.70931041796128;40.4858688338293
"URB";8;5887;"42402";"(TACTICO) GINZO LIMIA S-N (PROX. GR-12)";439930.263383131;4481907.504240948;-3.70876902866244;40.48568950416009
"URB";8;5901;"42404";"(TÁCTICO) PEÑA DEL OSO 2 N-S";440607.558221009;4482322.556786601;-3.70081701945822;40.48947717874296
"URB";8;5902;"42405";"(TACTICO) ISLAS CIES O-E";439227.547370989;4481434.138012708;-3.71701445730745;40.48137411763503
"URB";8;11261;"42406";"(TACTICO) RODA DE BARA N-S";439685.242496575;4481760.915895732;-3.71164589682063;40.48435122059632
"URB";8;3712;"42409";"TÁCTICO - PICO BALAITUS, 1 N-S";438911.044582338;4481421.161317703;-3.72074713689263;40.4812339940256
"URB";8;4606;"33023";"AV.MONFORTE  LEMOS  E-O(TUNEL 80M)(Po CASTELLANA-PEDRO RICO)";441489.494935026;4480925.862706405;-3.6902821896989;40.47695784256528
"URB";8;4607;"33024";"AV.MONFORTE DE LEMOS E-O(TUNEL  180M)(CASTELLANA-PEDRO RICO)";441509.144037333;4480873.327465925;-3.69004554848194;40.47648596806016
"URB";8;10033;"33042";"(TACTICO) JULIO PALACIOS N-S (ARZOBISPO MORCILLO-PEDRO RICO)";441184.271547952;4481458.882903724;-3.69393227665015;40.48173793693353
"M30";10;6939;"PM31852";;435078.030825628;4472347.32026642;-3.76503934696798;40.39920317859411
"URB";8;3643;"42001";"AV. CARDENAL HERRERA ORIA 275 O-E(ISLA DEL YESO-ISLA TABARCA)";438563.830598827;4481214.401649679;-3.72482333542085;40.47934581720701
"URB";8;5870;"42002";"Av. Cardenal Herrera Oria, 255 O-E(Isla Tabarca-Pico Balaitus)";438811.130679359;4481348.161015937;-3.72191881958517;40.48056902607242
"URB";8;5871;"42003";"Av. Cardenal Herrera Oria, 255 E-O(Pico Balaitus-Julio Calvo)";438804.327817513;4481352.397196114;-3.72199948394828;40.48060668567802
"URB";8;5872;"42004";"(AFOROS) CARDENAL HERRERA ORIA, 244 O-E(PICO BALAITUS-ISLA AROSA)";439040.112199223;4481473.959366643;-3.71922954601898;40.48171910237111
"URB";8;5882;"42014";"RAMON GOMEZ DE LA SERNA, 1 N-S";438628.4165445;4481349.881029325;-3.72407452173517;40.48057103632022
"URB";8;5883;"42015";"ISLA DE AROSA 41 S-N(ISLAS CIES-AV. CARDENAL HERRERA ORIA)";439234.34667134;4481471.20697355;-3.7169377954909;40.48170854520369
"URB";8;5884;"42016";"CALLE FERMIN CABALLERO, 76 O-E";439378.789358867;4481422.669700678;-3.71522908753476;40.48128186273161
"URB";8;5885;"42017";"Fermín Caballero 70 E-O(Av. Betanzos- Esquivias)";439613.021631743;4481518.2562598;-3.7124748450218;40.4821600078879
"URB";8;10277;"42043";"AV. CARDENAL HERRERA, 319 O-E(ISLA BIKINI-ISLAS MARQUESAS)";438337.729539302;4481101.497739292;-3.72747969085971;40.47831198316203
"URB";8;10276;"42044";"AV. CARDENAL HERRERA ORIA, 307 O-E( AMADEO GOMEZ-ISLAS GALAPAGOS)";438473.764405485;4481165.460236787;-3.7258811059031;40.47889826845383
"URB";8;10886;"42064";"ISLAS CIES O-E(ISLA TAVIRA-ISLA DE AROSA)";439184.105949559;4481410.416365869;-3.71752468076626;40.48115724427801
"URB";8;10887;"42065";"ISLA DE AROSA N-S(ISLAS CIES-FERMIN CABALLERO)";439257.398257957;4481416.370317381;-3.71666059014803;40.48121624435688
"URB";8;10879;"42066";"FERMIN CABALLERO E-O LADO NORTE(FERMIN CABALLERO-ISLA DE AROSA)";439316.003829855;4481405.535604389;-3.71596815718707;40.48112292665434
"URB";8;10882;"42067";"FERMIN CABALLERO E-O LADO SUR(FERMIN CABALLERO-ISLA DE AROSA)";439327.505578658;4481393.952358281;-3.71583135770471;40.4810194212552
"URB";8;10880;"42068";"ISLA DE AROSA S-N(SANTIAGO DE COMPOSTELA-FERMIN CABALLERO)";439338.417587923;4481278.712031842;-3.71569159899567;40.47998209352545
"URB";8;10881;"42069";"FERMIN CABALLERO O-E(ISLA TABARCA-ISLA DE AROSA)";439222.48145149;4481298.435357162;-3.71706121443634;40.48015129049603
"URB";8;11027;"42070";"ISLA DE AROSA S-N (FERMIN CABALLERO-ISLA DE AROSA)";439286.413535551;4481376.098745838;-3.71631442778616;40.48085558616982
"M30";5;6647;"PM10212";"PM10212";443315.261779653;4479741.40940156;-3.6686381358201;40.46641438071027
"M30";5;6648;"PM10241";"PM10241";443472.740476978;4479401.301340395;-3.66675038089134;40.46336125902516
"M30";5;6649;"PM10242";"PM10242";443453.056734211;4479397.292382215;-3.66698218244293;40.46332380504482
"M30";5;6650;"PM10341";"PM10341";443747.677432301;4478418.16670066;-3.66342052337203;40.45452336912739
"M30";5;6654;"PM10401";"PM10401";443805.71879701;4477897.597703813;-3.66268997613051;40.44983775339322
"M30";5;6655;"PM10402";"PM10402";443783.795400772;4477893.825299152;-3.66294816479109;40.44980228734966
"M30";4;6663;"PM10572";"PM10572";443994.039883935;4476223.493647301;-3.66032168631321;40.43476927552075
"M30";4;3799;"PM10611";"PM10611";443949.070179546;4475815.192512652;-3.66081584675954;40.431088054505
"M30";4;3800;"PM10612";"PM10612";443938.715753785;4475817.19034373;-3.66093808939342;40.43110535422704
"M30";4;6664;"PM10661";;443986.466542601;4475395.042016254;-3.66033796639911;40.42730563395986
"M30";4;6665;"PM10662";;443970.298705762;4475390.820754142;-3.6605281833779;40.42726651781389
"M30";4;6666;"PM10711";"PM10711";444077.126608605;4474776.277197435;-3.65921482976453;40.42173756413236
"M30";4;3488;"PM10712";"PM10712";444059.704099821;4474778.518240879;-3.65942038928967;40.42175658154508
"M30";3;6674;"PM10945";"PM10945";443454.214320838;4472896.690033901;-3.66639014727007;40.40476311658613
"M30";3;7124;"PM10948";"PM10948";443437.260436929;4472898.221501631;-3.66659007149188;40.40477576127454
"M30";3;6676;"PM10981";"PM10981";443332.509512789;4472443.489689044;-3.66778399572061;40.40067215895343
"M30";3;6677;"PM10982";"PM10982";443313.227184388;4472448.362012526;-3.66801164276183;40.40071473913776
"M30";3;6678;"PM10985";"PM10985";443324.439401403;4472445.877660862;-3.66787930242019;40.40069312191229
"M30";9;10180;"PM12502";"PM12502";436387.381287899;4480355.300582746;-3.75041284094102;40.47144291475307
"M30";8;6702;"PM12921";"PM12921";439990.899920793;4481416.527064648;-3.70800714935824;40.48127099085395
"M30";8;3510;"PM12961";"PM12961";440374.04093783;4481538.229601636;-3.70349849525922;40.48239493375193
"M30";8;6703;"PM12981";;440579.539473037;4481632.995613582;-3.70108296978253;40.48326335316523
"M30";8;11376;"PM13011";"PM13011";440913.971654906;4481799.326314909;-3.69715289229193;40.48478558996822
"M30";8;6704;"PM13011";"PM13011";440913.971654906;4481799.326314909;-3.69715289229193;40.48478558996822
"M30";15;6719;"PM20233";"PM20233";443364.217013281;4479753.762477142;-3.66806181277407;40.46652900175506
"M30";15;6720;"PM20261";"PM20261";443554.742793439;4479247.594839157;-3.6657695380009;40.46198217343805
"M30";15;6721;"PM20262";"PM20262";443571.787514204;4479260.614277889;-3.66556966667931;40.4621006164099
"M30";15;6722;"PM20321";"PM20321";443730.840669239;4478716.611273344;-3.66364553042255;40.45721076299096
"M30";15;6724;"PM20327";"PM20327";443720.223554754;4478714.968323654;-3.6637705963709;40.45719524355984
"M30";15;6725;"PM20411";"PM20411";443818.816039627;4477944.335281809;-3.66253966720012;40.45025967399764
"M30";15;6731;"PM20473";"PM20473";444094.685558225;4477083.54671062;-3.65921080062716;40.44252385251375
"M30";14;6751;"PM20913";"PM20913";443613.452415339;4473193.990124684;-3.66453999211209;40.40745216252235
"M30";13;6759;"PM21185";"PM21185";442187.036671343;4470912.770774934;-3.6811426763629;40.38680385981336
"M30";13;6760;"PM21188";"PM21188";442200.297446894;4470906.945134817;-3.68098592201563;40.38675229930528
"M30";13;6761;"PM21192";"PM21192";441992.976691124;4470559.663550427;-3.6833967544171;40.38360938302984
"M30";13;6763;"PM21231";"PM21231";441602.754352009;4470349.750611162;-3.68797451977271;40.38169111209167
"M30";13;6764;"PM21236";"PM21236";441602.665017743;4470342.329302354;-3.68797489200972;40.38162425055332
"M30";12;6765;"PM21301";"PM21301";441225.147451618;4470595.230571889;-3.69244542143722;40.38387597990619
"M30";8;6770;"PM22641";"PM22641";437609.341411775;4480546.885407172;-3.73601784563005;40.47326145573862
"M30";8;3599;"PM22781";"PM22781";438755.884725261;4480755.942550875;-3.72251337828457;40.47523004866402
"M30";8;3560;"PM22851";"PM22851";439316.150838948;4481189.605342412;-3.71594575719683;40.47917776240673
"M30";15;3536;"PM30471";"PM30471";444132.713299051;4476990.889093336;-3.65875427395785;40.44169170090139
"M30";15;6819;"PM30472";"PM30472";444119.26946144;4477088.080952768;-3.65892133513095;40.44256635188459
"M30";14;3495;"PM30752";"PM30752";444467.339525792;4474307.886733993;-3.65457441532741;40.41754417559395
"M30";14;3561;"PM30753";"PM30753";444465.82208975;4474299.867547994;-3.65459160038659;40.41747183300103
"M30";13;3600;"PM30901";"PM30901";443643.121257783;4473057.506877044;-3.66417826783222;40.4062246538563
"M30";10;6950;"PM31892";"PM31892";432743.455095201;4470045.561549826;-3.79230446254782;40.37828289112113
"M30";9;6781;"PM32051";"PM32051";437295.201044651;4476312.571151382;-3.73930524699685;40.43509364929665
"M30";9;6782;"PM32351";"PM32351";436833.099141092;4478575.564576807;-3.74497815670828;40.45544450586002
"M30";9;3496;"PM32352";"PM32352";436843.323639169;4478581.597822564;-3.74485818083194;40.4554996323646
"M30";8;6783;"PM33031";"PM33031";440649.951142305;4483212.581467766;-3.70040019197148;40.49749787154222
"M30";8;6784;"PM33032";"PM33032";440657.555822361;4483209.812518727;-3.7003101948204;40.49747347170936
"M30";12;3705;"PM41451";"PM41451";439746.454030432;4471365.295103943;-3.70993796845397;40.390707487804
"M30";12;6793;"PM41452";"PM41452";438861.864586354;4469065.195053576;-3.72013920405332;40.36992259017925
"M30";12;6823;"PM41453";"PM41453";439079.13352413;4470691.616223963;-3.71773566974485;40.38459012132985
"M30";10;6794;"PM41801";;436934.057174736;4473341.401955427;-3.74326823093594;40.40830090810078
"M30";10;6936;"PM41802";;436928.773379822;4473320.538324314;-3.74332843067327;40.40811255974337
"M30";10;6937;"PM41851";;435153.814187285;4472379.65717437;-3.76414968622511;40.39950038639272
"M30";10;6795;"PM41852";;435158.457285573;4472365.308593214;-3.76409351501746;40.39937149052537
"M30";10;6943;"PM41881";"PM41881";433504.262879673;4470758.425781804;-3.78341708255073;40.3847656854681
"M30";15;10171;"PM20394";"PM20394";443804.992563859;4478087.553447297;-3.66271535015934;40.4515489197079
"M30";9;6697;"PM22502";"PM22502";436352.519327994;4480348.955258568;-3.75082342349953;40.47138308363604
"M30";5;10176;"PM40462";"PM40462";443803.577340719;4477247.436889543;-3.6626577015445;40.44398063415759
"M30";5;6661;"PM40463";"PM40463";443726.024797698;4477216.633057751;-3.66356939958395;40.44369789227295
"M30";8;10269;"PM13012";"PM13012";440904.159324983;4481787.993859003;-3.6972676028736;40.48468280454993
"M30";8;10198;"PM40011";"PM40011";444099.463360017;4483729.466746815;-3.65974015734169;40.50239372594714
"M30";8;10200;"PM40012";"PM40012";444079.263866218;4483743.496440117;-3.65997977620135;40.50251875016649
"M30";8;6774;"PM23073";"PM23073";441355.92881214;4481826.600537216;-3.69194114885654;40.48506262218827
"M30";8;11365;"PM23077";"PM23077";441328.01004183;4481827.262126098;-3.692270600726;40.48506660949454
"M30";8;11385;"PM23071x";"PM23071x";441270.279260013;4481882.396946566;-3.69295682685638;40.48555920334366
"M30";8;11367;"PM13111";"PM13111";441638.005375117;4481645.596862897;-3.68859649371416;40.48345194653854
"M30";5;11388;"PM13181";"PM13181";442577.847063775;4481671.92183938;-3.67751069656391;40.48375462476255
"M30";5;11379;"PM23188";"PM23188";442523.033127779;4481689.785480348;-3.67815901013461;40.48391175504572
"M30";5;11380;"PM23183";"PM23183";442559.602393225;4481697.081141341;-3.67772822653092;40.48398000818908
"M30";8;11381;"PM23185";"PM23185";442551.1178477;4481702.749345686;-3.6778288410654;40.48403048269187
"M30";8;11382;"PM23189";"PM23189";442519.698003111;4481703.957243215;-3.67819964293563;40.48403918927232
"M30";8;11389;"PM23203";"PM23203";442821.783962212;4481770.377207354;-3.6746416115138;40.48465838729706
"M30";5;11384;"PM13185v";"PM13185v";442429.962273676;4481648.63720197;-3.67925332425933;40.48353462606979
"URB";10;4918;"98404";"(TACTICO) PROLONG. YEBENES  S-N(SEPULVEDA-SAN MANUEL)";435535.169564797;4472569.989327846;-3.75967543044127;40.40124458101354
"URB";10;4920;"98405";"(TACTICO) PROLONGACION YEBENES ACCESO PSO. EXTREMADURA";435548.160000884;4472573.291079883;-3.75952269378131;40.40127533005874
"URB";10;4919;"98406";"(TACTICO) SAN MANUEL GIRO IZDA. A PSO. EXTREMADURA (DIRECCION MADRID)";435524.003484397;4472585.373165607;-3.7598085624957;40.40138229997251
"URB";10;4921;"98407";"(TACTICO) INCORPORACION DESDE PSO. EXTREMADURA (DIRECCION CASA CAMPO)";435537.693287952;4472609.402178334;-3.75964968359774;40.40159982242979
"URB";10;4908;"98409";"(TACTICO)ACCESO NV N-S(NV-SESEÑA)";435192.123014175;4472222.054264174;-3.76368224884931;40.39808362205176
"URB";10;3403;"98410";"(TACTICO)SESEÑA GIRO O-N(ILLESCAS-ACCESO NV)";435182.97606627;4472208.330089782;-3.76378862829084;40.39795927760224
"URB";2;10922;"12021";"OMBU N-S";442573.970115847;4471781.542478913;-3.67666252434183;40.39465700617981
"URB";7;3807;"18013";"Carranza E-O( Fuencarral-Ruiz)";440304.275656924;4475644.070641557;-3.70376732217584;40.42929292334959
"URB";9;9960;"31046";"(TACTICO) VALLS FERRERA N-S";439350.763441275;4478419.046647253;-3.71527260202389;40.45422207234051
"URB";9;10012;"31401";"(TACTICO) Salida Clinica Lopez Ibor";438594.297373636;4479950.334100352;-3.72434153894374;40.46796091835618
"URB";8;7141;"33402";"(TACTICO) PUENTECESURES S-N";440948.571856491;4481193.461041406;-3.69668824484839;40.47933018546745
"URB";4;9979;"02069";"ALDE SAINZ BARANDA E-O(GIRO A M-30)(MARQUES CORBERA- M-30)";444000.51292438;4474747.928312122;-3.66011539320229;40.42147702925808
"URB";2;4078;"11001";"BOLIVAR E-O (EMBAJADORES - PL. LEGAZPI)";441141.264486452;4471458.457627982;-3.69351336568621;40.39164647057385
"URB";8;5415;"43002";"AV.MONFORTE DE LEMOS O-E(AV.BETANZOS-PL.VERIN)";439733.942778366;4481050.046168257;-3.71100376161802;40.47795098927973
"URB";8;5416;"43003";"AV.MONFORTE DE LEMOS E-O(PL.VERIN-AV.BETANZOS)";439727.703406347;4481059.009026415;-3.71107821866056;40.47803127711904
"URB";2;4232;"11041";"HIERRO N-S(ANTRACITA-BRONCE)";441443.507186187;4471212.416442469;-3.68992976333941;40.38945130143961
"URB";2;4098;"11500";"(FICTICIO)EMBAJADORES S-N(TUNEL +SUPERFICIE)(SODIO-ANTRACITA)";441284.421471626;4471204.054844934;-3.69180325771632;40.3893647776972
"URB";8;10182;"43041";"Av .Monforte de Lemos E-O (Pl.Fonsagrada - Pl.Verin)";439909.192658216;4481109.413202219;-3.70894198378878;40.47849848884976
"URB";8;10186;"43042";"Av .Monforte de Lemos E-O (Pl.Fonsagrada - Pl.Verin)";439896.310985444;4481100.254640726;-3.7090930806427;40.47841505294922
"URB";12;4183;"13041";"STA Ma CABEZA ENTR.CALLE30 EXT SENT A4(DESDE PL. ELIPTICA)";440121.956289607;4471712.168928127;-3.70554654154309;40.39385937983761
"URB";2;4689;"90004";"Po PONTONES O-E(CASIMIRO MAHOU BIERHANS-PL. FCO. MORANO)";439146.654695871;4472884.293027214;-3.71714976725632;40.40434774086349
"URB";2;4219;"14023";"Po ESPERANZA S-N(MORATINES-Po ACACIAS)";440099.096420673;4472735.950658686;-3.70591220349046;40.4030804693408
"URB";2;4220;"14024";"Po ACACIAS E-O(Po ESPERANZA-GASOMETRO)";440017.236326126;4472821.700614886;-3.70688490867527;40.40384705337403
"URB";2;10650;"90027";"Po PONTONES E-O (PL. FCO. MORANO-CASIMIRO MAHOU BIERHANS)";439186.113072858;4472896.946312842;-3.71668599825303;40.40446461060418
"URB";2;10682;"90028";"Po MELANCOLICOS(ALEJANDRO DUMAS-SAN EPIFANIO)";439112.106327275;4472559.772184206;-3.71752584324656;40.40142178008375
"URB";2;7134;"14734";"(AFOROS) EMBAJADORES S-N(PALOS FRONTERA-SEBASTIAN ELCANO)";440525.957793279;4472725.504329436;-3.70088116646289;40.40301696363651
"URB";2;7135;"14736";"(AFOROS)EMBAJADORES N-S(MORATINES-LABRADOR)";440486.830017062;4472768.531303969;-3.70134626405424;40.40340177620606
"URB";5;5750;"91008";"Av. Pio XII O-E (Tunel)(Salida)";442641.83962145;4480450.936431779;-3.67664527264481;40.47275989096769
"URB";5;5753;"91011";"(TACTICO) Yuca E-O(Av. Burgos-Bambu)";442681.289916726;4480865.248458993;-3.67621735718947;40.47649491649463
"URB";1;4270;"15035";"COMANDANTE MORERAS N-S (FUENTES-SANTIAGO)";439880.636198158;4474213.357876684;-3.70862608506018;40.4163739068963
"URB";1;7087;"15036";"BAILEN N-S (GIRO A MAYOR)(SALIDA TUNEL-MAYOR)";439470.093846582;4474122.727183004;-3.71345616327172;40.4155277063108
"URB";6;10155;"92007";"PSO. DIRECCION N-S (CAPITAN BLANCO ARGIBAY-ALBERDI)";439949.266458567;4479726.508449746;-3.70833831484287;40.46604366264039
"URB";8;3678;"93001";"(TACTICO) Juan Sanchez E-O (Candido Mateos - Cesar Manrique)";438917.775330737;4480665.220043617;-3.72059491732267;40.47442471119263
"URB";1;4390;"18015";"San Bernardo N-S(Esquina Sta Cruz de Marcenado)";440105.68151577;4475586.458040309;-3.70610299996934;40.42875964804109
"URB";1;4391;"18016";"Mártires Alcalá S-N(Sta Cruz Marcenado-Alberto Aguilera)";439574.928882814;4475680.854195042;-3.71236863745041;40.42957162651328
"URB";7;3619;"18017";"Guzmán el Bueno N-S(Fdez de los Rios -Andres Mellado)";439513.504190432;4476298.529231624;-3.71315151925665;40.43513144380396
"URB";6;4734;"93017";"Villaamil E-O(Salida Tunel-Camino Ganapanes)";439614.011320532;4479912.513802339;-3.71231028535111;40.46769496828416
"URB";9;11032;"93018";"Antonio Machado S-N(Sinesio Delgado-Centro Cultural)";439025.737747316;4479717.129984715;-3.71923024027176;40.46589191030149
"URB";8;9883;"93020";"Monforte de Lemos E-O(Puerto Maspalomas-Cno. Ganapanes)";439354.178313998;4480958.818853162;-3.71547507228029;40.47710153449916
"URB";7;4418;"19018";"San Bernardo N-S(Gta. Quevedo-Carranza)";440174.923695374;4475840.071124135;-3.705310620804;40.43104929073105
"URB";8;9910;"93033";"Isla Malaita N-S (Joaquin Lorenzo-Valle de Mena)";438753.557693062;4480466.650081329;-3.7225128940807;40.47262383070233
"URB";7;4431;"21006";"Eduardo Dato, 6 O-E(Zurbano-Gta. Ruben Dario)";441221.239279765;4476034.545910876;-3.69299388077152;40.43287580575119
"URB";13;5794;"40013";"Candilejas - Pto. Balbarán-Av. Pablo Neruda";443611.670384136;4470328.373261215;-3.66430724119817;40.38163690350589
"URB";7;4451;"21031";"(TACTICO) Garcia Paredes E-O(Castellana-Miguel Angel)";441392.336199703;4476437.862255871;-3.69101400402166;40.43652114156119
"URB";7;4453;"21033";"Gral. Martínez Campos O-E(Gta. Pintor Sorolla-Fdez. Hoz)";440798.157219262;4476267.924424645;-3.69800335259657;40.43494817946741
"URB";13;7027;"40032";"Av. Pablo Neruda - Candilejas-Romeo y Julieta";443753.0182573;4470311.444552864;-3.66264064249693;40.38149395292551
"URB";13;7116;"40402";"Av. Pablo Neruda - Av. Pablo Neruda-Av. Pablo Neruda (mediana)";443818.74347214;4470306.377848083;-3.66186594192749;40.38145274303935
"URB";9;3715;"23001";"REYES CATOLICOS S-N (AV. MEMORIA - ISAAC PERAL)";438985.944454729;4476610.702799123;-3.71940109627801;40.43790509580987
"URB";13;5827;"41017";"Av. Albufera - Melquiades Biencinto-Monte Igueldo";443289.945775209;4472122.315372898;-3.66825693611523;40.39777594139326
"M30";5;6646;"PM10211";"PM10211";443332.954939567;4479745.87008936;-3.66842984385959;40.46645577168144
"URB";9;5404;"29001";"(TACTICO) SINESIO DELGADO S-N(GIRO A AV. MIRAFLORES)";438197.3134196;4479048.681498962;-3.72893619014859;40.45980907910517
"URB";13;5850;"41042";"Av. Albufera - Sierra Carbonera-Puerto Pajares";443657.761371721;4471865.473823104;-3.66390023973649;40.3954871305391
"URB";13;5852;"41044";"Av. Monte Igueldo - Av. Albufera-Antonia Calas";443326.533991351;4472037.991975266;-3.66781831190805;40.39701879899965
"URB";1;4325;"30030";"SEGOVIA, 65 E-O(RONDA SEGOVIA-Po VIRGEN DEL PUERTO)";438998.53744939;4473956.065979952;-3.71899792704106;40.41399191845458
"URB";2;4327;"30033";"PTE SEGOVIA O-E (FRENTE)(Po EXTREMADURA -Po VIRGEN DEL PUERTO)";438671.57336121;4473952.2064743;-3.72285104956691;40.41393312221082
"URB";13;11462;"41063";"Luis Buñuel 14 - Gerardo Diego-Rafael Alberti";445451.501122685;4470866.786568964;-3.64267972655747;40.38660974849031
"URB";3;11475;"41064";"Cerro Negro 4 - Játiva-Gandía";443063.603679493;4472088.414919568;-3.67092088954379;40.39745510290646
"URB";9;4506;"31013";"FRANCOS RODRIGUEZ E-O(POLICIA-COLEGIO PALOMA)";439385.509372978;4478881.560823753;-3.71490701445139;40.45839111407142
"URB";9;4507;"31014";"FRANCOS RODRIGUEZ O-E(POLICIA-STO ANGEL DE LA GUARDA)";439428.12088458;4478855.914246772;-3.71440203021018;40.45816318685172
"URB";9;3472;"31021";"ANTONIO MACHADO S-N";439053.893674507;4479210.972807232;-3.71884953706728;40.46133432599646
"URB";15;5916;"44010";"Alcalá - Lago Constanza-Ezequiel Solana";445043.49200577;4476040.407630893;-3.64793335761037;40.43318994410209
"URB";15;5917;"44011";"Alcalá - Urquiza-Virgen del Sagrario";445168.048015725;4476120.528222553;-3.64647185219648;40.43391993517391
"URB";15;5918;"44012";"Alcalá - Gutierre de Cetina-Emilio Ferrari";445316.8539259;4476209.451144953;-3.64472517880009;40.43473079893877
"URB";6;4522;"31037";"DR.FEDERICO RUBIO Y GALI E-O(J.LLORENTE-PABLO IGLESIAS)";439767.052004879;4478220.494575334;-3.71034458611366;40.45246370884552
"URB";15;5926;"44024";"Alcalá - Urquiza-Gutierre de Cetina";445201.344164112;4476137.843873061;-3.64608080541607;40.43407811851971
"URB";6;4538;"31062";"NUMANCIA N-S(LENADORES-PABLO IGLESIAS)";439620.728325992;4478488.060668849;-3.71209554246475;40.45486343402629
"URB";6;4539;"31063";"NUMANCIA S-N(LENADORES-FRANCOS RODRIGUEZ)";439771.868044471;4478630.967710886;-3.71032673228681;40.45616176390352
"URB";20;10556;"44048";"Alcalá - Alegria de Horia-Tampico";446498.407953533;4476772.620156188;-3.63084264887293;40.43988099498094
"URB";20;10554;"44049";"Tampico - Iquitos-Alcalá";446361.1303791;4476806.723245105;-3.63246408827355;40.44017937110914
"URB";8;4550;"32008";"CHANTADA E-O(RIBADAVIA-AV. BETANZOS)";439707.772013475;4480501.5326952;-3.71126035048055;40.47300788021205
"URB";8;4551;"32009";"AV. BETANZOS N-S(CHANTADA-MELCHOR FERNANDEZ ALMAGRO)";439688.149335865;4480616.829951465;-3.71150278324713;40.47404509559862
"URB";15;10726;"44066";"Alcalá - Lago Constanza-Ezequiel Solana";445086.194316706;4476073.272839785;-3.64743277051972;40.43348883240127
"URB";15;10722;"44067";"Alcalá - Argentina - Concejal Juilo Gomez";444895.191080345;4476015.011874458;-3.64967950672598;40.43295135316895
"URB";8;4568;"32032";"MELCHOR FERNANDEZ ALMAGRO E-O(GINZO DE LIMIA-FERROL)";440222.877353641;4480893.767214339;-3.7052211199512;40.47657850888277
"URB";15;11175;"44085";"Alcalá 408 - Arcones Gil-Alfonso Paso";445792.453552066;4476504.524472039;-3.63914326764685;40.43742011908668
"URB";15;11177;"44086";"Alcalá 408 - Río Ulla-Campuzano";445500.485929919;4476320.372163842;-3.64256976277625;40.43574209047253
"URB";5;4614;"33031";"MAURICIO LEGENDRE N-S(MANUEL CALDEIRO-PADRE PALAU Y QUER)";441973.701558622;4480720.066836583;-3.68455128396897;40.47513792167408
"URB";5;4615;"33032";"PADRE PALAU Y QUER E-O(AGUSTIN DE FOXA-MAURICIO LEGENDRE)";442004.400671735;4480559.030049699;-3.6841744179591;40.47368937923321
"URB";20;10717;"45008";"Hermanos García Noblejas - Miguel Fleta-Julián Camarillo";446215.966534283;4475954.081137485;-3.63410347210417;40.43248890956401
"URB";20;5955;"45009";"Hermanos García Noblejas - Emilio Muñóz-Valdecanillas";446400.526683208;4475628.660100603;-3.63190022781741;40.42956924160728
"URB";5;4629;"34011";"LOPEZ DE HOYOS, 188 O-E(CLARA DEL REY-PANTOJA)";443243.049436194;4477626.884326449;-3.66930082261887;40.44736080773171
"URB";20;5972;"45026";"Pobladura del Valle - San Román del Valle-Hermanos García Noblejas";446903.257504886;4474833.011859235;-3.62590727368653;40.42243380702048
"URB";5;4644;"34034";"PRADILLO, 20 O-E(PL.CATALUNA-MARCENADO)";442774.754151153;4477773.755645092;-3.67483602126608;40.44865179097475
"URB";5;10041;"34036";"CANILLAS E-O(CORAZON DE MARIA-CLARA DEL REY)";443369.903110794;4477212.256963884;-3.6677680423975;40.44363429057301
"URB";15;5990;"45046";"José Arcones Gil  - Gabriel Montero-Gandhi";446435.034438743;4475080.133237147;-3.63144721329972;40.42463001202321
"URB";15;5991;"45047";"Hermanos García Noblejas - Luis del Campo-Castillo de Arévalo";446422.204617542;4475560.349493187;-3.6316389174378;40.42895525628533
"URB";4;4657;"35020";"AV.TOREROS O-E(FRANCISCO SANTOS-JULIO CAMBA)";443505.112495495;4475961.274695228;-3.66606256297727;40.43237400404966
"URB";4;4658;"35021";"AV.TOREROS E-O(NRA.SRAGUADALUPE-TOREROS)(GIRO A JULIO CAMBA)";443578.600185367;4475983.471439883;-3.66519818478209;40.43257895201684
"URB";20;10484;"45065";"Santa Leonor - Miguel Fleta - Julian Camarillo";446662.487368815;4476089.060489516;-3.62885070656816;40.43373363578923
"URB";20;10695;"45066";"Hermanos García Noblejas - Pl. Alsacia-Pobladura del Valle";447074.204241588;4474402.519072739;-3.62385643158634;40.41856655618506
"URB";4;4678;"35044";"AV.TOREROS S-N(ALCALA-AV.TOREROS)";443880.169513646;4475927.381080419;-3.66163800942049;40.43209406252881
"URB";4;4682;"35051";"AV.TOREROS E-O(CARTAGENA-FCO.SILVELA)";443103.070416576;4475909.247793421;-3.67079758816893;40.43187791465941
"URB";15;10696;"45082";"Hermanos García Noblejas - Idioma Esperanto-Pl. Alsacia";447012.897926995;4474466.181825094;-3.62458433547418;40.41913616790497
"URB";20;5994;"45401";"Argos - Albarracín-Hermanos García Noblejas";446021.491407582;4476371.770427806;-3.6364316394211;40.43623909375153
"URB";8;5421;"43010";"AV.BETANZOS N-S(AV.ILUSTRACION-AV.MONFORTE DE LEMOS)";439609.643952713;4481128.814007716;-3.71247760169765;40.4786515283192
"URB";5;5505;"60062";"PADRE DAMIAN S-N(FALLA-PROFESOR WAKSMAN)";441747.675834325;4478504.424098173;-3.68701418678925;40.45516264242548
"URB";15;6014;"46006";"Arturo Soria - López de Hoyos-Santo Ángel";444168.154313549;4478796.83576028;-3.6584951789356;40.45796295986289
"URB";15;6015;"46007";"Arturo Soria - Arturo Baldasano-José Silva";444255.145436163;4478664.406913628;-3.65745761798723;40.45677581529789
"URB";5;11350;"61104";"ALFONSO XIII (GIRO A STA MªMAGDALENA)JOSE MªSOLER-STA MªMAGDA.)";443296.5081137;4478987.82481378;-3.66879200097376;40.45962446070473
"URB";15;6032;"46025";"Gregorio Benítez - Asura-Arturo Soria";444888.979423539;4477889.143878214;-3.64991531431837;40.44983412162988
"URB";2;4701;"90022";"TOLEDO S-N(JUAN ANTONIO VALLEJO- NAJERA BOTAS-SANTA CASILDA)";439522.576965163;4472860.855023489;-3.7127176649905;40.40416399135216
"URB";2;9970;"90023";"Po IMPERIAL N-S (JEMENUNO -GIL IMON)";439142.900223375;4473269.538834461;-3.71723084831589;40.40781793847525
"URB";15;10118;"46047";"Diego Ayllon - Asura - Arturo Soria";444771.152709107;4478073.206845574;-3.65132074920856;40.45148443568547
"URB";15;10120;"46048";"Arturo Soria - Torrecilla del Puerto - Diego Ayllon";444729.773351746;4477935.910102777;-3.65179676092819;40.45024484550998
"URB";5;5751;"91009";"(TACTICO) Marques de Torroja E-O (delante G.5)";442706.296112136;4480206.047545162;-3.67586282123549;40.47055827326472
"URB";5;5752;"91010";"(TACTICO)Salida T.V.E O-E(Delante G. 7)";442650.552584609;4480186.82347698;-3.67651861607218;40.47038124766753
"URB";15;10435;"46067";"José Silva - Arturo Soria - Agastia";444228.330874615;4478489.363664035;-3.65775847258109;40.45519713980882
"URB";16;10737;"46068";"López de Hoyos - Mesena-Ctra. Canillas";444159.258892449;4479245.745419049;-3.65863958167552;40.46200635951113
"URB";8;4722;"93005";"Cesar Manrique N-S(Joaquin Lorenzo-Valle de Mena)";438946.050616744;4480403.92256152;-3.72023622378172;40.47207293091012
"URB";16;11063;"46084";"Julian Hernandez E-O - Angel Cavero-Asura";444766.633263436;4478475.574328572;-3.65140904729124;40.45510886752492
"URB";8;9903;"93029";"Camino ganapanes N-S (La baneza - Chantada)";439364.867175114;4480604.493084408;-3.71531510298406;40.47391042208503
"URB";8;9913;"93030";"Valle de Mena O-E (Isaac Rabin-Juan Andres)";438609.907112758;4480417.907419613;-3.72420266756799;40.47217413508146
"URB";15;6070;"47009";"Arturo Soria  - Cultura-Dalia";443368.382618316;4481156.832297472;-3.66813794850331;40.47916877113023
"URB";15;6071;"47010";"Arturo Soria - Briviesca-Caleruega";443467.997763687;4481307.887482976;-3.66697623548659;40.48053633057653
"M30";3;3816;"PM10901";"PM10901";443542.028376997;4473095.039045367;-3.66537292322372;40.40655591515045
"URB";16;6088;"47027";"Golfo Salonica 1 N-S - (Espliego-Av. San Luis)";443586.938857531;4480717.78274209;-3.665520538138;40.47522849214354
"URB";3;5812;"41001";"Av. Ciudad de Barcelona - Seco-M-30";443074.7912099;4472271.558850231;-3.67080544264839;40.39910573122028
"URB";16;10742;"47051";"Avda. San Luis - Eladio López Vilches_Mesena";443711.82827682;4480622.896716933;-3.66403885594055;40.47438218944033
"URB";13;5835;"41025";"Payaso Fofó - Arroyo del Olivar-Av. Albufera";444047.450044525;4471514.403988061;-3.65927784531075;40.39235075777378
"URB";13;5836;"41026";"Pío Felipe - Pío Felipe-Av. Albufera";444475.761367533;4471498.279113743;-3.65423004489453;40.39223415702016
"URB";14;6115;"52003";"Camino Vinateros - Arroyo de la Media Legua-Cdor Diego Valderrábano";444266.694969128;4473542.100434817;-3.65687221643164;40.41063212824579
"URB";14;6116;"52004";"Camino Vinateros - Av. Moratalaz-Marroquina";445168.894951684;4473278.978189098;-3.64621686933575;40.40832168599553
"URB";13;5859;"41051";"Av. Albufera - Adra-Sierra Faladora";444798.778933864;4471386.48316021;-3.65041454244036;40.39124850090802
"URB";14;6120;"52021";"Corregidor Diego Valderrábano - Alcalde Luis Marichalar-Camino Vinateros";444153.183336441;4473604.976352923;-3.65821549859442;40.41119094216445
"URB";15;5910;"44004";"Alcalá - Alcalde Lopez Casero-Ventas";444293.164296173;4475905.974085981;-3.65676733814669;40.43192897919683
"URB";15;5911;"44005";"Alcalá - Cipriano Sancho - Marcelino Alvarez";444463.03266379;4475933.95715323;-3.65476720898952;40.43219242504802
"URB";13;11398;"52042";"Puerto Canfranc 56 - Puerto Canfranc-Sierra Toledana";443868.194852858;4472266.632160108;-3.66145615165796;40.39911520726364
"URB";13;11399;"52043";"Cmno Valderribas 98 - Lopez Grass-Ascensión Bielsa";443988.101881301;4472234.348324783;-3.6600404181587;40.39883244959908
"URB";20;3756;"44027";"Alcalá - San Romualdo-Miguel Yuste";447035.882253989;4476957.969342895;-3.62452104617326;40.44158513517318
"URB";20;10550;"44028";"Alcalá - Iquitos - Miami";446708.26565028;4476845.105571515;-3.62837441717706;40.44054746090765
"URB";14;9948;"52605";"Camino Vinateros - Corregidor Jose Pasamontes-Marroquina";444943.767452268;4473388.481027584;-3.64887944272969;40.40929329303875
"URB";20;10558;"44050";"Alcalá - Valentin Beato-Iquitos";446838.865525172;4476889.241790468;-3.6268382663704;40.44095342512023
"URB";15;6140;"53009";"Ascao  - Berastegui-Gutierre de Cetina";445550.896047472;4475639.925844173;-3.64191715092001;40.42961555042083
"URB";15;10819;"44073";"Alcalá - Santa Elena - Florencio Llorente";444709.192583987;4475978.657931315;-3.65186911114206;40.4326115135589
"URB";15;10821;"44074";"Alcalá - Angel Gonzalez Tejedor - Jose Villena";444321.056210659;4475904.110385734;-3.65643835783017;40.43191405753266
"URB";15;6160;"53031";"Lago Constanza - Arriaga-Av. Daroca";445235.99731905;4475372.607380029;-3.6456063371387;40.42718672417716
"URB";15;6161;"53032";"José María Pereda  - Servando Batanero-Francisco Villaespesa";445055.543989888;4475620.522151614;-3.6477549783747;40.42940817997135
"URB";15;6167;"53041";"Luis Ruiz  - Vital Aza-Ascao";445791.317556405;4475888.167410812;-3.6391040863998;40.43186755390974
"URB";20;10007;"44605";"Alcalá - Alfonso Gómez-Tampico";446443.784328583;4476753.547115804;-3.63148507668845;40.43970565791572
"URB";20;10008;"44606";"Alcalá - Albarracín-Tampico";446355.600392364;4476712.936853366;-3.63252137078265;40.43933413346544
"URB";15;6174;"53048";"Av. Daroca  - Av. Daroca-Francisco Largo Caballero";445673.407092534;4474977.952358712;-3.64041635064035;40.42366012419303
"URB";15;5967;"45021";"Pl. Alsacia - Malmoe-Hermanos García Noblejas";447102.159973693;4474228.035999453;-3.62351241420326;40.41699648269871
"URB";20;5968;"45022";"Pl. Alsacia - Aquitania-Av. Guadalajara";447180.591694986;4474274.174196132;-3.62259181437616;40.41741710577227
"URB";15;10451;"53067";"Francisco Villaespesa - Ezequiel Solana-Berastegui";445426.474697133;4475616.476161047;-3.64338189150066;40.42939614904778
"URB";15;10450;"53068";"Ascao - Gutierre Cetina-Berastegui";445580.632844069;4475675.346619735;-3.64156962793414;40.42993658672925
"URB";15;5988;"45043";"Gandhi - Hermanos García Noblejas-José Arcones Gil";446544.432084434;4475225.142462934;-3.63016985170365;40.42594337712608
"URB";19;6196;"54004";"Casalarreina - Av. Daroca-Ezcaray";447842.818623398;4473236.572888362;-3.61470139223819;40.40811149833998
"URB";20;10699;"45068";"Hermanos García Noblejas - Villaescusa-Pobladura del Valle";446894.422442803;4474730.958185839;-3.62600289345623;40.42151388192137
"URB";19;6212;"54024";"Camino Viejo de Vicálvaro - Av. Democracia-Calahorra";447710.828467689;4472922.367162118;-3.61623106817355;40.40527265015317
"URB";15;6001;"45408";"Gandhi - José Arcones Gil-Hermanos García Noblejas";446571.394784762;4475234.975323249;-3.62985284195366;40.42603368936255
"URB";20;6005;"45412";"Albarracín - Albasanz-Julián Camarillo";446372.895641481;4476131.979921292;-3.63226842571798;40.43410165710107
"URB";16;6226;"55006";"Ctra. Canillas - Torquemada-Javier Quinto";445703.377404569;4479599.629811391;-3.64045813198633;40.46529667064993
"URB";16;6227;"55007";"Ctra. Canillas - Torquemada-Emigrantes";445900.938748235;4479589.075367419;-3.6381270262772;40.46521447880941
"URB";15;11469;"46018";"Arturo Soria - Alcalá-López de Aranda";445726.705567469;4476849.252244314;-3.6399478809103;40.4405213296826
"URB";15;6026;"46019";"Emeterio Castaños - Mesena-Arturo Soria";443767.120571544;4479281.837209849;-3.66326774430161;40.46230504528233
"URB";15;6242;"55025";"Ulises - Ulises-Asura";444437.409022647;4478617.704135836;-3.65530403802991;40.45636729915871
"URB";16;6243;"55026";"Silvano - Ángel Cavero-Moscatelar";445307.963802578;4478612.677799426;-3.64503692238671;40.45637976635071
"URB";15;10113;"46042";"Arturo Soria - Luis Carlos Vazquez - Ulises";444414.120219429;4478449.327026745;-3.65556394589747;40.45484891653734
"URB";15;10115;"46043";"Arturo Soria - Sorzano - Manuel del Valle";444515.624218869;4478279.98422301;-3.65435211185497;40.45333017360193
"URB";16;6256;"55044";"Ctra. Canillas - Matapozuelos-Pegaso";444903.495547205;4479338.912972619;-3.6498699643908;40.46289534278172
"URB";16;6257;"55045";"Ctra. Canillas - Pegaso-Servator";445033.299684993;4479351.450842497;-3.64834008790038;40.46301688759801
"URB";15;10437;"46065";"Torrelaguna - Acc. M30 - José Silva";443992.93452068;4478193.080853326;-3.66050837321323;40.45251224794693
"URB";15;10436;"46066";"José Silva - Torrelaguna - San Nemesio";444037.710384306;4478358.46203857;-3.65999492782998;40.454005099644
"URB";16;6924;"55062";"Av. Machupichu - Pl. Manuel Rodrigo-Antonio Larrazabal";446490.535132485;4479085.656288653;-3.63113038038421;40.46071759515338
"URB";21;6926;"55063";"Ribera del Loira - Ribera del Sena-Av. Consejo de Europa";447634.252662844;4479023.245156131;-3.6176361287522;40.4602282254601
"URB";16;11482;"46088";"Asura 2 - Carondelet - Gregorio Benítez";444971.359711613;4477978.906860909;-3.64895165470296;40.45064821094859
"URB";15;6048;"46403";"Ulíses - Ulíses-Arturo Soria";444367.047268176;4478580.295329923;-3.65613055319115;40.45602559481178
"URB";16;10347;"55081";"Ctra. Canillas - Antonio Cavero-Carril del Conde";444519.365052132;4479404.161092674;-3.65440625511887;40.46345756875659
"URB";16;6271;"55082";"Carril del Conde - Carril del Conde-Ctra. Canillas";444614.307307249;4479303.102786779;-3.65327763968501;40.46255352008394
"URB";15;6075;"47014";"Caleruega  - Caleruega-Arturo Soria";443386.821195829;4481290.854483099;-3.66793239084559;40.48037735924902
"URB";16;11004;"55098";"Av. Machupichu - Florencio Castillo-Machaquito";446877.801577134;4478898.880556597;-3.62654730010146;40.45905986604519
"URB";15;3831;"47037";"Dalia  - Arturo Soria-Dalia";443454.108754375;4481234.730282603;-3.66713356619762;40.47987635255399
"URB";15;6098;"47038";"Dalia - Jazmín-Arturo Soria";443510.229878822;4481199.668262897;-3.6664683629595;40.4795643181099
"URB";16;10758;"55404";"Francisco Mosqueda  - Ramón Power-Silvano";446751.162569022;4479320.145436683;-3.62807619673904;40.46284674256733
"URB";16;6275;"55405";"Silvano - Liceo-Alcorisa";445739.653827912;4479181.654674791;-3.63999451891709;40.46153370498026
"M30";3;6670;"PM10902";"PM10902";443517.00207133;4473094.198464192;-3.66566777173185;40.40654664516912
"URB";16;6109;"47408";"Mesena  - Eladio López Vilches-Av. San Luis";443601.028714212;4480642.093604095;-3.66534759621351;40.47454760707494
"URB";16;9845;"56009";"Av. San Luis - Julio Dánvila-Ctra. Acceso Estación de Hortaleza";444081.745649417;4480282.712859332;-3.65964517838053;40.47134264279819
"URB";16;6296;"56014";"Valdetorres del Jarama - Liberación-Mar de Kara";445360.696178923;4480219.395255719;-3.64455337570611;40.47085736169639
"URB";14;6456;"52015";"Arroyo Media Legua - Av. Doctor García Tapia-Alcalde Garrido Juaristi";444565.525607534;4473783.903209124;-3.65337148673942;40.41283038078333
"URB";14;6454;"52016";"Arroyo Media Legua - Alcalde Garrido Juaristi-Av. Doctor García Tapia";444556.431076946;4473786.04191543;-3.65347885805462;40.41284904171488
"URB";16;6308;"56028";"Ángel Luis Herrán - Valdetorres del Jarama-López de Hoyos";444834.58425004;4480117.773001264;-3.65075044790028;40.46990712490169
"URB";16;6309;"56029";"Mar Adriático - Chiquinquira-Ayacucho";445812.817309046;4480228.797668029;-3.63922104141325;40.47097168080082
"URB";14;11184;"52037";"Arroyo Belincoso - Corregidor Diego Cabeza de Vaca - Camino Vinateros";444611.859239685;4473422.177940318;-3.65279392574665;40.40957483620476
"URB";13;11397;"52038";"Sierra Toledana 7 - Dr Lozano-Alto del León";443942.764274156;4472383.878195371;-3.66058780625989;40.40017645054454
"URB";16;10741;"56046";"López de Hoyos - Guisona-Gran Vía de Hortaleza";444604.023641058;4479882.393264264;-3.65344950102974;40.46777136665711
"URB";16;10744;"56047";"López de Hoyos - Solsona-Ángel Luis Herrán";444826.822416824;4480210.793551718;-3.65085009375695;40.47074458371809
"URB";16;10753;"56053";"Av. San Luis - Ramonet-Añastro";444079.562381188;4480279.437956987;-3.6596706432021;40.4713129939618
"URB";14;9947;"52606";"Camino Vinateros - Marroquina-Corregidor Jose Pasamonte";444977.475605293;4473381.369023021;-3.6484815757566;40.40923145266306
"URB";14;9951;"52607";"Arroyo Media Legua - García Tapia-Acceso O´Donnell";444617.401136002;4473844.524061611;-3.65276537714123;40.41337994145205
"URB";16;6329;"56405";"Nevado del Cumbal - Chiquinquira-Aconcagua";446481.594272908;4480010.63681011;-3.63131384281211;40.46904973317971
"URB";16;6330;"56406";"Ctra. Acceso Estación de Hortaleza - M-40-Santa Adela";444722.561401195;4481159.99145735;-3.65216266174129;40.4792884788121
"URB";15;6185;"53014";"Salas Barbadillo - Trueba-Francisco Villaespesa";445295.129327739;4475549.419043184;-3.64492449361864;40.42878343362754
"URB";15;6146;"53015";"Santa Prisca - Cementerio-Av. Marqués de Corbera";444949.585543816;4475366.190290906;-3.64898205103718;40.42711001200136
"URB";20;10540;"57017";"Alcalá - A-2 - Jaca";448340.090877;4477739.684749552;-3.60920701491892;40.44870934696445
"URB";21;9838;"57018";"Bahía de Cádiz - Bahía de Mahón-Av. Logroño";449648.621315708;4479122.525795419;-3.59388644912999;40.46124710774097
"URB";15;6165;"53037";"Vital Aza - Hermanos García Noblejas-José Arcones Gil";445935.499321355;4476115.743745017;-3.63742368530557;40.43392707498913
"URB";21;6969;"57609";"Av. Capital de España - Acceso Campo de las Naciones";447774.166412696;4479367.627437796;-3.61601432393489;40.46333941940414
"URB";15;6151;"53060";"Poeta Blas de Otero - Poeta Blas de Otero-Av. Marqués de Corbera";444418.563206708;4474790.106122686;-3.65519145862165;40.42188502031453
"URB";15;6372;"59018";"Salvador de Madariaga - Verdaguer y García-Av. Badajoz";444286.181294534;4476800.189020315;-3.65692805904357;40.43998407250766
"URB";19;6194;"54002";"Casalarreina  - Camino Viejo de Vicálvaro-Av. Daroca";447721.288621922;4473106.865992437;-3.61612295697279;40.40693539185613
"URB";19;6195;"54003";"Av. Daroca  - Casalareina-Calahorra";447843.135563316;4473166.87311466;-3.61469194452365;40.40748361756597
"URB";15;6387;"59401";"Emilio Gastesi Fernández - Prudencio Álvaro-José del Hierro";445012.731764567;4476463.865610988;-3.64833263678316;40.43700265158351
"URB";15;10748;"59402";"Av. Donostiarra - Av. Donostiarra salida comisaria";444343.734332421;4476224.884076783;-3.65619909656209;40.43480527604399
"URB";19;6213;"54026";"Calahorra  - Calahorra-Paseo Artilleros";448182.0889547;4473186.951585736;-3.61069907821599;40.40768566459045
"URB";19;6930;"54027";"San Cipriano - Lago Van-Villalmanzo";448516.530031059;4472789.675758049;-3.60672560167654;40.40412749070517
"URB";20;6502;"64016";"San Hilario - Gonzalo Torrente Ballester - Luis Aragones";448644.628933512;4477444.175222052;-3.6055920011585;40.44606608950637
"URB";20;11016;"64017";"Av Guadalajara - Canillejas a Vicálvaro-Albericia";448103.029517155;4474841.766128391;-3.61176578422071;40.42258836861482
"URB";16;6229;"55009";"Moscatelar - Milán-Pl. Liceo";445218.257326793;4478698.081909217;-3.64610222527647;40.45714322220137
"URB";16;6230;"55010";"Silvano - Colegio Liceo-Moscatelar";445430.017572052;4478823.041100609;-3.64361559253296;40.45828285155728
"URB";20;10730;"64036";"Av. Guadalajara - San Román del Valle-Pl. Alsacia";447226.855655024;4474436.114002779;-3.62205995969877;40.41887889469346
"URB";20;10727;"64038";"Aquitania - Sarre-Toscana";447993.073604227;4474613.417670834;-3.61304320877961;40.42052439682119
"URB";21;3657;"55032";"Entrada desde M-40 - M-40- Av. de los Andes";447777.688580206;4478724.909354269;-3.61591989882105;40.45754967495043
"URB";16;6248;"55033";"Asura - Asura-Moscatelar";444580.393832958;4478610.754340166;-3.65361717570265;40.45631423918042
"URB";20;11310;"64054";"CARRIL BUS Suecia 5 E-O - Rumania-Marsella";448279.886099878;4474756.10820121;-3.60967412954063;40.42182772004767
"URB";16;6266;"55055";"Mahonia - Av. Piceas-Av. de los Andes";447469.509525018;4478644.836201766;-3.61954779412777;40.45680890771018
"URB";13;6426;"65008";"Av. Pablo Neruda - El Bosco-Malgrat de Mar";445611.794510124;4471613.741818843;-3.64085507601997;40.39334927150468
"URB";16;10149;"55078";"Silvano - Francisco Mosqueda-Plaza Andrés Jáuregui";446712.712709987;4479299.181189073;-3.62852793107614;40.46265542030554
"URB";16;6274;"55079";"Francisco Mosqueda - Ramón Power-Silvano";446752.450448021;4479372.155934701;-3.62806537092329;40.46331536361848
"URB";14;6440;"65029";"Luis Hoyos Sainz  - Pico Artilleros-Fuente Carrantona";446049.227237242;4472767.406126905;-3.63579887879175;40.40377064974227
"URB";14;6441;"65030";"Luis Hoyos Sainz  - Luis de Hoyos Sainz-Fuente Carrantona";446268.141214977;4472770.230945094;-3.63321941028176;40.40381025388922
"URB";16;11013;"55101";"Av. Machupichu - Av. Piceas-Av. de los Andes";447162.328096392;4478446.70582157;-3.6231540173549;40.45500456519367
"URB";16;11130;"55110";"Silvano - Olimpo - Ángel Cavero";445257.53449221;4478553.703103453;-3.64562656350294;40.45584517149641
"URB";13;10355;"65048";"Av. Pablo Neruda 2 - Malgrat de Mar - Pont de Molins";445554.445489256;4471515.131294652;-3.64152234770461;40.39245717957607
"URB";14;6458;"65049";"José Bergamin - José Bergamín-Fuente Carrantona";446483.558860926;4473547.649166077;-3.63074627836653;40.41082759333713
"URB";16;6279;"55409";"Av. Machupichu - Av. Piceas-Av. Papa Negro";447048.296921373;4478695.547976139;-3.62451955235145;40.45723901585752
"URB";16;6281;"55411";"Abelias - Abelias-Av. de los Andes";446986.110764438;4478246.394801843;-3.62521543634475;40.45318883030153
"URB";14;10676;"65067";"Molina de Segura - Mario Cabré - Dr. Garcia Tapia";445863.877377616;4473245.411704055;-3.63802372120329;40.40806478434566
"URB";14;3808;"65076";"Hacienda Pavones - Intercambiador-Valdebernardo";446260.14773154;4472356.710046979;-3.63327869585117;40.40008448376565
"URB";16;6299;"56017";"Ayacucho - C.O.E.-Mar Adriático";446029.566140734;4480085.966785599;-3.63665215466502;40.46969909872495
"URB";16;6300;"56018";"Ctra. Acceso Estación de Hortaleza - Monovar-Virgen del Carmen";444406.061151014;4480594.508777994;-3.65584692488866;40.47417321778345
"URB";20;6480;"66014";"Pº Ginebra - Av. Guadalajara-Av. Niza";448515.786416469;4475105.094437932;-3.6069217528458;40.42498623954455
"URB";20;6481;"66015";"Pº. Ginebra - Av .Guadalajara-Suecia";448579.123198731;4475039.84816896;-3.60616987011853;40.42440237673842
"URB";16;6319;"56039";"Gregorio Sánchez Herráez - Las Carcavas-Gregorio Sánchez Herráez";446082.900928904;4480989.355436478;-3.63609983166522;40.47784074503338
"URB";16;6320;"56040";"Gregorio Sánchez Herráez - Vía de los Poblados-M-40";445963.673368528;4480919.233938538;-3.63750038959046;40.4772013060698
"URB";20;10632;"66032";"Sofia - Belgica y Albania";448970.735931409;4475564.976544817;-3.60159577404966;40.4291571798972
"URB";20;10635;"66033";"Sofia - Albania y San Petersburgo";448995.502835227;4475419.941556057;-3.60129217002454;40.42785213131214
"URB";20;10629;"66038";"Machester - Oslo y Sofia";448897.290157642;4475649.006856469;-3.60246835315913;40.429909669447
"URB";16;11058;"56062";"Ctra. Estación de Hortaleza - Manuel Chaves Nogales-Santa Adela";444641.853714997;4481021.97830885;-3.65310274299453;40.47803981521066
"URB";16;6325;"56401";"Gregorio Sánchez Herráez - Vía de los Poblado-M-40";445979.784767708;4480948.371588172;-3.63731280655993;40.47746484074408
"URB";16;6327;"56403";"Totana - Totana-Virgen del Carmen";444517.917650574;4480514.360848947;-3.65452041417075;40.47345868704482
"URB";20;11259;"66050";"Suecia (Area Infantil) - Manchester-Julia Garcai Boutan";448668.080892839;4475636.206553883;-3.60516940786911;40.42978024348393
"URB";20;11258;"66051";"Calle Suecia, 73 - Calabria-Julia Garcia Boutan";448644.202219167;4475752.785109054;-3.60546032541769;40.43082898232248
"URB";20;11266;"66052";"Suecia, 42 (CARRIL BUS) - Bucarest-Budapest";448738.33799198;4475243.041826482;-3.60430946393979;40.42624269951728
"URB";21;6928;"57020";"Av. Logroño - Doblada-Pajarones";450666.733296507;4480854.841843131;-3.58201328315872;40.47691392946528
"URB";21;6347;"57401";"Av. Logroño - Bureta-Marqués Berna";450391.686372418;4479522.189902465;-3.58515379515467;40.46489222099566
"URB";21;6349;"57403";"Bureta - Burriana-Av. Logroño";450303.731562221;4479482.241419273;-3.58618808410952;40.46452708439389
"URB";20;11297;"66067";"Julia Garcia Boutan, 35 - Suecia-Niza";448626.089637625;4475690.207465263;-3.60566879514014;40.43026412524941
"URB";20;11296;"66068";"Julia Garcia Boutan, 37 - Monaco-Suecia";448734.770391872;4475707.817772663;-3.60438899964773;40.43042947506991
"URB";20;11300;"66070";"Budapest - Helsinki-Suecia";448797.365225973;4475315.927726498;-3.60361951493144;40.42690293703922
"M30";8;11363;"PM43014";"PM43014";440999.929470366;4481972.31253461;-3.69615485245026;40.48635002823214
"URB";15;6359;"59005";"Virgen del Lluc  - José del Hierro-Alcalde López Casero";444491.23553136;4476196.439964502;-3.65445764967471;40.43455889385471
"URB";19;11422;"67014";"Alto del Esparragal - Tolerancia-Miguel Delibes";452220.198814427;4473137.902321095;-3.56310659459846;40.40748535299438
"URB";19;11424;"67015";"Jose Escobar y Saliente 80 - Imperio Argentina-Miguel Delibes";452280.330586922;4472874.562639209;-3.5623782010506;40.40511644498471
"URB";15;6379;"59026";"Esteban Mora   - María Nistal-Antonio Acuña";444334.427158888;4476599.556589733;-3.65634164435819;40.4381799013642
"URB";15;6381;"59027";"Acceso desde M-30 - M-30-Salvador de Madariaga";444175.272069205;4476551.334747507;-3.65821385631683;40.43773482495902
"URB";13;6489;"68007";"Embajadores - Santa Catalina-Carretera Villaverde a Vallecas";442608.127625417;4468935.566495388;-3.67600373207518;40.36902116362901
"URB";13;6490;"68008";"Embajadores - Av. Santa Catalina-Caja Mágica";442286.17297382;4468994.5939969;-3.67980104173141;40.36953069056207
"URB";20;6395;"64008";"Av. Canillejas a Vicálvaro - Av. Guadalajara-Suecia";448131.820298518;4474803.640343944;-3.61142330466231;40.42224670281607
"URB";20;10728;"64027";"Suecia - Francfort-San Marino";448430.445649938;4474825.604122038;-3.60790507175137;40.42246312840512
"URB";13;10910;"68024";"Av. Entrevías - Peal-Serena";443595.194756747;4469973.818215303;-3.66446994476187;40.37844174294528
"URB";13;10909;"68025";"Av. Entrevías - Peal-Serena";443598.337285785;4469978.033803037;-3.6644333000203;40.37847993220643
"URB";20;6414;"64031";"Suecia - Francfort-San Marino";448431.584927514;4474822.483492157;-3.60789138952678;40.42243508639943
"URB";20;6415;"64032";"Rumanía - Suecia-Av. Guadalajara";448278.620016906;4474789.196393876;-3.60969174444521;40.42212572072976
"URB";13;10937;"68042";"Av. Entrevías - Serena - Peal";443573.635157262;4469984.359148808;-3.66472484208269;40.3785352425026
"URB";13;9982;"68601";"Av. Entrevías - Hernández Más-La Mancha";443252.519590658;4470314.128512498;-3.6685368325475;40.38148419619181
"URB";20;11311;"64055";"Suecia 6 - Rumania-Marsella";448280.95592088;4474752.898738205;-3.60966125819766;40.42179887367042
"URB";20;11312;"64056";"Canillejas a Vicálvaro 143 - Butrón-Pobladura del Valle";448120.011318068;4475154.969766756;-3.61159116685915;40.42541096225679
"URB";16;11149;"70007";"Fuerzas Armadas O-E - P.P.(16-162)-Gta. Isidrio Glez. Glez.";446782.457361564;4481598.405622205;-3.62789824043368;40.48337250490034
"URB";16;11194;"70011";"Av Fuerzas Armadas - Gta Antonio Perpiña-Estación";447726.912595;4481463.290575325;-3.6167443668007;40.48221531661446
"URB";14;6430;"65014";"Fuente Carrantona  - Hacienda de Pavones-Luis de Hoyos Sainz";446120.212892053;4472643.37652269;-3.63495187717583;40.40265791100585
"URB";14;6431;"65015";"Fuente Carrantona  - Mario Cabré-Av. Doctor García Tapia";446372.626866542;4473075.052312014;-3.63201382268294;40.40656301051886
"URB";16;11147;"70023";"Fuerzas Armadas E-O - Rocio Jurado-P.P. (16-156)";446244.122139712;4481982.462695185;-3.63428210117104;40.48679760020411
"URB";16;11139;"70026";"Fco. Pi y Margall, 8 - Niceto Alcala Zamora-Isabel Clara Eugenia";445113.814203183;4481903.795083969;-3.64761133930497;40.48601496598796
"URB";13;6446;"65035";"El Bosco - Pío Felipe-Benjamín Palencia";445402.435318273;4471791.404180123;-3.64333703597523;40.39493606656523
"URB";13;6447;"65036";"El Bosco - Benjamín Palencia-Av. Pablo Neruda";445530.753493061;4471711.610356996;-3.64181829490361;40.39422563625615
"URB";14;6450;"65039";"Arroyo Fontarrón - Tacona-Fuente Carrantona";445630.698934136;4471923.025916677;-3.64065874572115;40.39613672933861
"URB";16;11156;"70407";"Fco. Pi y Margall - Niceto Alcalä Zamora-Gta. Jose Luis Fdez. del Amo";445513.850781202;4481720.651654732;-3.64287578175149;40.48439147357987
"URB";16;11171;"70408";"Fuerzas Armadas  BUS (Acceos Gta) - P.P. (16-162)-Gta de Isidro González Velázquez";446869.236708542;4481539.535890751;-3.62686948083251;40.48284773415808
"URB";16;11157;"70409";"Av. Fuerzas Armadas - Av. Fuerzas Armadas Parking-Fco. J. Sainz Oiza";445608.061413687;4481754.511486772;-3.64176717285154;40.48470267657665
"URB";14;6462;"65058";"Fuente Carrantona - Arroyo Fontarón-Encomienda de Palacios";445776.309750714;4471982.086736099;-3.63894807665911;40.39667827918779
"URB";14;10671;"65059";"Fobos - Jose Bergamín - Dr. Garcia Tapia";446135.615924147;4473344.297866648;-3.63482969151331;40.40897323825517
"URB";20;6509;"71007";"Alcalá - Esfinge-Gutiérrez Canales";448115.104272775;4477545.949499172;-3.61184423155674;40.44695005356785
"URB";20;6510;"71008";"Av. 25 Septiembre - Puertollano-Alcalá";447074.369530006;4477072.398967392;-3.6240767861675;40.44261843391862
"URB";20;6476;"66010";"Av. Guadalajara - San Marino-Francfort";448443.749857681;4474997.388447358;-3.60776217742074;40.42401149502058
"URB";20;6524;"71025";"Av. Arcentales  - Gta. Arcentales-San Romualdo";447387.759816752;4476458.29063242;-3.62033077225172;40.43710607502342
"URB";20;10631;"66035";"Sofia - Belgica y Manchester";448969.158942356;4475608.636325176;-3.60161786946145;40.42955039817414
"URB";20;10475;"71046";"San Romualdo - Cronos-Julian Camarillo";447347.751845161;4476407.610671248;-3.62079826536108;40.43664698794354
"URB";20;11291;"66059";"Maria Sevilla Diago, 24 - Niza-Suecia";448484.046554601;4476021.154081149;-3.60737013542042;40.4332367132523
"URB";20;11292;"66060";"Maria Sevilla Diago, 32 - Suecia-Niza";448571.049503945;4476040.630413228;-3.60634600619337;40.43341755237331
"URB";20;11405;"71068";"Alcalá 552 O-E - Eduardo Terán (San Mariano) Eduardo Terán";447867.632949932;4477341.734135728;-3.61474557633243;40.44509487984964
"URB";20;6537;"71401";"Pl. Olivas - Pl. Olivas-Av. 25 Septiembre";446963.566206893;4477387.565152838;-3.62540957301571;40.44545057069016
"URB";19;11421;"67013";"Alto del Esparragal 38 - Imperio Argentina-Miguel Delibes";452137.901343922;4473011.091407454;-3.56406692579935;40.40633822024068
"URB";13;6488;"68006";"Av. Entrevías - Renfe-Ronda Sur";444117.971083585;4469711.16550852;-3.65828879973219;40.37611082528157
"URB";16;11252;"72012";"Av. Secundino Zuazo - José Antonio Coderch-Manuel Gutiérrez Mellado";447321.321624705;4482932.91159346;-3.62165161865317;40.49542877611056
"URB";16;11245;"72013";"Av. Secundino Zuazo - Fina de Calderón-Luis Moya Blanco";447667.634674202;4482932.91159346;-3.617565066684;40.49545068583983
"URB";13;10892;"68011";"Av. Entrevias - Mendez Alvaro - Renfe";442914.004588239;4471330.636720597;-3.67261567392857;40.39061836701848
"URB";16;11244;"72031";"Luis Moya Blanco - Juan Antonio Samaranch-Av. Secundino Zuazo";447788.773769014;4482843.366586959;-3.61612822505367;40.49465164878809
"M30";8;6773;"PM23071";"PM23071";441335.851624864;4481833.608642584;-3.69217867165086;40.48512433549366
"URB";13;10918;"68034";"Pedroches - Membezar-La Mancha";443118.589163029;4470105.391756871;-3.67009592011306;40.37959464016314
"URB";21;11215;"72404";"Acceso Gta. Antonio Valdes Glez-Roldan (Carril BUS) - Estanislao Perez Pita-Maria Reche";448433.599165624;4482089.7192107;-3.6084579278249;40.48790271148577
"URB";16;11217;"72405";"Acceso Gta. Javier Bellosillo (Carril BUS) - Estanislao Perez Pita-Jose Antonio Fernandez Ordoñez";448436.537005743;4482414.61424299;-3.60844969796707;40.49082972050089
"URB";16;11155;"70004";"Fco. Pi y Margall - (Niceto Alcalä Zamora-Gta. Jose Luis Fdez. del Amo";445448.829764957;4481748.443651798;-3.6436453028677;40.48463756747983
"URB";16;11144;"70005";"Fuerzas Armadas - Aretha Franklin-P.P. (16-155)";445968.590202667;4481841.106347465;-3.63752094733117;40.4855063065774
"URB";20;6558;"74013";"Campezo - Pirra-Deyanira";450551.390506359;4477151.778881215;-3.58308548052593;40.4435475954074
"URB";20;9957;"74014";"Ctra. Acceso Est. O`Donnell - Polimnia-Pirra";449673.59275884;4477525.902391293;-3.5934653697528;40.44686526382187
"URB";16;11145;"70024";"Fuerzas Armadas E-O - P.P. (16-154) Gta. Jose Luis Sanchez del Amo";445700.888413717;4481780.481346352;-3.64067420226043;40.48494270184043
"URB";16;11140;"70025";"Fco. Pi y Margall E-O (Puente) - Gta. Jose Luis Fdez del Amo-Niceto Alcala Zamora";445313.703507407;4481811.150506048;-3.6452449615056;40.48519357095946
"URB";16;6612;"79015";"Av. Francisco Pi y Margall - María de Portugal-Av. Burgos";443572.879120051;4482893.676372204;-3.66588007923165;40.4948289353726
"URB";8;3457;"79016";"Vía Servicio A-1 - Arroyo de Valdebebas-Francisco Pi y Margall";443381.85716459;4482796.206019577;-3.66812541896716;40.49393787237172
"URB";16;11271;"70411";"Av. Fuerzas Armadas (CARRIL BUS) - Av. Fuerzas Armadas 298 - Gta. Isidro González Velázquez";447055.748295738;4481498.3816643;-3.62466558976896;40.48248890985666
"URB";16;6624;"79031";"Ingeniero Emilio Herrera - Av. Francisco Pi y Margall-Av. Manoteras";444195.69750906;4482059.188480332;-3.65845735985895;40.48735361282759
"URB";20;6520;"71020";"Miguel Yuste - Emilio Muñóz-Julián Camarillo";447161.303812992;4476280.826986287;-3.62298592270269;40.43549302069666
"URB";16;6826;"79052";"María Tudor - María Tudor-Av. Francisco Pi y Margall";443860.513309939;4482732.094078056;-3.66247169126369;40.49339283914859
"URB";20;10247;"71043";"Marquesado Santa Marta - Gta. Ricardo Velazquez Bosco-Clinica Navarra";446982.611160084;4477636.510149826;-3.62520578672676;40.44769442337392
"URB";16;9869;"79604";"Príncipe Carlos - Octavio Paz-Luis Jimenez de Asua";444542.529101081;4482623.677952294;-3.65441460503573;40.49246202942913
"URB";20;11403;"71067";"Alcalá 552 O-E (Av.Canillejas a Vicálvaro - Nicolasa Gómez) - Avda Canillejas a Vicálcaro y Nicolasa Gómez";447759.36089817;4477239.548078433;-3.61601384775728;40.44416753162034
"URB";20;11404;"71069";"Nicolasa Gómez 9 S-N - Boltaña y Alcalá";447849.815729272;4477218.536080617;-3.61494555111548;40.44398392181263
"URB";18;10784;"82010";"Puentelarra - Av. Mediterraneo - Av. Santa Eugenia";448275.026410258;4470391.203849844;-3.60937672620938;40.38250546090217
"URB";18;10786;"82011";"Puentelarra - Puentelarra - Av. Santa Eugenia";448173.233577345;4470318.487662424;-3.61056997803875;40.38184405768658
"URB";18;5212;"82013";"González Dávila - Luis I-Camino Hormigueras";445737.792268743;4469753.318569222;-3.63921208080404;40.37659760650097
"URB";16;11231;"72016";"Av. Manuel Fraga Iribarne - Gta. José Paz Maroto-P.P.";448422.339605214;4482812.005736867;-3.60864956435508;40.49440874932863
"URB";16;11229;"72017";"Av. Manuel Fraga Iribarne - P.P.-Gta. Javier Bellosillo";448422.339605214;4482564.158337964;-3.60862939005876;40.49217601029502
"URB";21;11219;"72020";"Av. Manuel Fraga Iribarne - Fernando Higueras-Av. José Antonio Corrales";448422.261023287;4481851.027347154;-3.60857228232515;40.4857517434916
"URB";18;5231;"83001";"Av. Democracia - Ctra. Vicalvaro a Vallecas- A-3";446991.034509043;4470638.007256969;-3.62452324626749;40.38464813338252
"URB";18;3482;"83002";"Av. Gran Vía del Este - Gran Vía del Este E-O";447069.263470014;4470567.420784941;-3.62359578211349;40.38401721686482
"URB";18;5232;"83003";"Av. Democracia - San Jaime-Ctra. Vicalvaro a Vallecas";446970.333106833;4470397.776074849;-3.62474713078918;40.38248265320878
"URB";16;11410;"72039";"Acceso JA Samaranch (En salida de Túnel) - Tunel Antonio Perpiñá-Gta. Luis Blanco Soler";447718.747293463;4481616.611163259;-3.616853343516;40.4835959949534
"URB";13;5843;"83016";"Av. Albufera - Av. Albufera-M-40";446153.165571493;4470683.864949836;-3.63439787605693;40.38500751924997
"URB";20;6550;"74003";"Deyanira  - Arrastaria-Campezo";450409.579463888;4477067.505813961;-3.58475101909498;40.4427799634618
"URB";20;6552;"74005";"Campezo - Laguardia-Samaniego";450580.15501958;4477376.576368971;-3.58276380313508;40.44557442568568
"URB";18;5363;"88007";"Av. Suertes - Av. Entrepeñas-Peñaranda de Bracamonte";448492.186074527;4469085.458050033;-3.60671296172975;40.37075583007581
"URB";18;5365;"88009";"Av. Suertes - Corral Almaguer-Peñaranda Bracamonte";448366.019595425;4469160.808017283;-3.60820510590401;40.37142683077943
"URB";16;3520;"79010";"Príncipe Carlos - Pintor Ignacio de Zuloaga-Francisco Pi y Margall";444736.476524521;4481922.326401292;-3.65206495292536;40.48615687224181
"URB";16;6608;"79011";"Príncipe Carlos - Alcalde Aristizabal Manchón-Francisco Pi y Margall";444811.736098626;4482180.258550671;-3.65119946331001;40.48848544977201
"URB";18;5379;"89007";"Cañada Santisimo - Av. Ensanche de Vallecas-Av. Cerro Milano";449152.780450962;4468378.316465426;-3.59887580653191;40.36442593633999
"URB";18;5380;"89008";"Av. Ensanche de Vallecas - Adolfo Marsillach-Cañada Santisimo";449193.985978277;4468243.911700965;-3.59837980822333;40.36321763037399
"URB";16;6625;"79032";"Camino Fuente de la Mora - Av. Manoteras-Príncipe Carlos";443967.854627276;4481880.81975809;-3.66112983252833;40.48573144139517
"URB";16;10460;"79033";"Fco. Pi y Margall - Hospital La Moraleja - Isabel de Valois";443927.78426121;4482573.644009772;-3.66166389251099;40.49197000000036
"URB";18;11120;"89024";"Av. Ensanche Vallecas - José Gutiérrez-M45";448739.833523081;4468557.184318095;-3.6037535955625;40.36601202243975
"URB";18;11121;"89025";"Ensanche Vallecas - José Gutiérrez-M45";448732.57779997;4468546.987085615;-3.60383823078322;40.36591971217374
"URB";18;11119;"89026";"Av. Ensanche de Vallecas - M-45-José Gutiérrez";448656.286621687;4468565.793285428;-3.60473827070564;40.36608443722111
"URB";18;11122;"89027";"Av. Ensanche de Vallecas - Rafael León-José Gutiérrez";448885.39287023;4468465.927003451;-3.60203194062947;40.36519884660501
"URB";16;10769;"79054";"Niceto Alcalá Zamora - Maria Tudor - Isabel de Valois";444486.672900015;4483242.90293712;-3.65512793882999;40.49803654621966
"URB";16;10773;"79055";"Francisco Pi y Margall - Princesa de Éboli-Infanta Catalina Micaela";444675.821221962;4482069.24864996;-3.65279341612687;40.48747637509973
"URB";16;9872;"79607";"Ana de Austria - Isabel Clara Eugenia-Príncipe Carlos";444381.232072075;4482949.265521512;-3.65634641888666;40.49538427245785
"URB";18;5228;"82025";"Gonzalez Davila - Luis I-Cno. Hormigueras";445742.607890288;4469754.403054133;-3.63915544815751;40.37660768978027
"URB";18;5230;"82027";"Felipe Alvarez - Manuel Pavia-Jesus del Pino";447076.418439098;4470347.510004852;-3.62349322543051;40.38203656765896
"URB";13;10160;"83013";"Av. Albufera - Tranvía Arganda-Cocherón Villa";446401.909064694;4470500.207534432;-3.63145201703401;40.38336905231917
"URB";18;5364;"88008";"Peñaranda de Bracamonte - Barranco del Novillo-Av. Suertes";448385.444875925;4469064.894706802;-3.60796853954971;40.37056397813389
"M30";8;6808;"PM43152";"PM43152";441891.189829706;4481354.185661945;-3.68558273726047;40.4808445551671
"URB";7;3848;"01009";"(AFOROS) Genova 13 E-O - Zurbano-Campoamor";441114.888348354;4475374.79938861;-3.69418654145027;40.42692497721904
"URB";5;3744;"61078";"Costa Rica E-O - Paraguay-Puerto Rico";442993.94892619;4478866.189328602;-3.67234939288758;40.45850801070932
"other";2;6849;"15NC71PM01";"15NC71PM01";439213.161290944;4472427.343932048;-3.71632241664297;40.40023618730991
"URB";1;4173;"13027";"(AFOROS)Po DEL PRADO S-N(ESPALTER-PL. CANOVAS  DEL CASTILLO)";441207.41373005;4473815.669387338;-3.69295172032334;40.41288611910092
"URB";1;4353;"16025";"(AFOROS) PRINCESA S-N (SAN LEONARDO-VENTURA RODRIGUEZ)";439563.578651391;4475222.159308499;-3.71245883347075;40.42543867781389
"URB";5;5601;"61095";"PUERTO RICO N-S (COLOMBIA-URUGUAY)";442833.381640587;4478556.522552838;-3.67421516875843;40.45570735839866
"other";9;1014;"18RL09PM01";"18RL09PM01";438691.732692181;4474613.237482194;-3.72267717120094;40.41988946150711
"other";9;1042;"18RL29PM01";"18RL29PM01";438670.29601412;4474396.375012414;-3.72290892757688;40.41793429144477
"other";10;6838;"18XC11PM01";"18XC11PM01";438670.401063619;4474256.334299143;-3.72289418677622;40.41667275184259
"M30";5;6645;"PM10142";"PM10142";443047.32480422;4480234.059676302;-3.67184266843934;40.47083407137156
"other";11;7121;"14XL89PM01";"14XL89PM01";439899.703037411;4471916.229035078;-3.70818443473862;40.39568164688511
"M30";5;6644;"PM10141";"PM10141";443054.603648721;4480238.490343154;-3.6717572068267;40.47087448383919
"M30";3;3815;"PM10831";"PM10831";443913.62601134;4473931.044837695;-3.66106750944169;40.4141122419142
"M30";3;3490;"PM10832";"PM10832";443898.767230467;4473943.486684575;-3.66124373004974;40.41422332354869
"M30";8;6698;"PM12571";"PM12571";436784.305452721;4480679.888525664;-3.74576321058326;40.4743972032737
"M30";8;6815;"PM12572";"PM12572";436819.999695498;4480671.242857622;-3.74534129387992;40.47432203657163
"M30";5;7130;"PM13212";"PM13212";442782.797026516;4481646.813294146;-3.67509043283264;40.48354258571388
"M30";16;7013;"PM13221";"PM13221";443012.540338098;4481793.301380761;-3.67239309907625;40.48487801338005
"M30";8;6712;"PM30002";"PM30002";443164.353106208;4482609.175552512;-3.67067514498134;40.49223815840436
"M30";15;6713;"PM20021";"PM20021";442904.820093264;4481464.087391785;-3.67363435411532;40.48190491323233
"M30";15;3821;"PM20025";"PM20025";442925.120742158;4481473.977204508;-3.67339574402497;40.48199540056979
"M30";15;3539;"PM30462";"PM30462";444108.635187891;4477264.219431387;-3.65906221954291;40.44415238294781
"M30";13;3838;"PM30902";"PM30902";443641.982885363;4473049.546614571;-3.66419097803113;40.40615286627622
"M30";13;10207;"PM41202";"PM41202";441933.679572777;4469827.542980755;-3.68402859188926;40.37700989639227
"M30";10;10208;"PM41861";"PM41861";434579.105004997;4471813.164329208;-3.77086329535638;40.39435225970146
"M30";8;10210;"PM43041";"PM43041";441959.264428408;4485212.99385152;-3.68513317411967;40.51561092557125
"M30";11;10211;"PM41454";"PM41454";437445.446707242;4469220.043995173;-3.73683693068896;40.37121245634849
"M30";14;6741;"PM20777";"PM20777";444184.654530267;4474239.366946607;-3.65790025865149;40.41690799960239
"M30";14;10267;"PM20778";"PM20778";444183.613536288;4474247.640410958;-3.65791325417204;40.41698246175661
